state,zone,plan_year,project_id,project_name,need_date_raw,project_sponsor,estimated_cost_gpc_raw,estimated_cost_gtc_raw,estimated_cost_meag_raw,estimated_cost_du_raw,estimated_cost_total_raw,source_file,source_pdf_page,source_plan_page,source_url,need_date,description,description_section,description_source_file,description_pdf_page,description_plan_page,strategic_summary,strategic_source_file,strategic_pdf_first_page,strategic_plan_first_page,strategic_pdf_last_page,strategic_plan_last_page
GA,219,2025,19523,SAV: CC - HYUNDAI MOTORS SAVANNAH AKA. PROJECT EA,1/1/2025,SAV,REDACTED,REDACTED,REDACTED,REDACTED,REDACTED,01_expansion_plan_projects.pdf,1,7,https://psc.ga.gov/search/facts-document/?documentId=221233,2025-01-01,"Construct a new Hyundai 230kV substation with an eight element 230kV ring bus and four 230/25kV banks. Construct a new Newton Rd 230kV substation with a five element 230kV ring bus and loop through the Little Ogeechee - Meldrim Black and White 230kV lines. Build two new 230kV lines connecting from Hyundai - Newton Rd (12 miles) and Hyundai - Meldrim (10 miles). At Meldrim, add a breaker to accommodate for the new Hyundai line. Install a 115/25kV bank at Interstate Centre and build a new 115kV line from Interstate Centre - Hyundai (2.3 miles) for bridge power.",Steady state,05_steady_state_projects.pdf,2,61,,,,,,
GA,212,2025,18670,GTC: BANKS CROSSING - POND FORK 115 KV,5/1/2025,GTC,REDACTED,REDACTED,REDACTED,REDACTED,REDACTED,01_expansion_plan_projects.pdf,1,7,https://psc.ga.gov/search/facts-document/?documentId=221233,2025-05-01,GTC will build a new 115kV line from McClure Industrial to structure 21N on the Ridgeway Church Road Junction or tap point (approximately 3 miles). Close normally open switch at Ridgeway Church Road to establish the Banks Crossing - Pond Fork 115kV line. All new conductors should be 100C 1351 ACSR Martin.,Steady state,05_steady_state_projects.pdf,3,62,,,,,,
GA,216,2025,18492,MITCHELL - NORTH TIFTON 230KV RECONDUCTOR,5/1/2025,GPC,REDACTED,REDACTED,REDACTED,REDACTED,REDACTED,01_expansion_plan_projects.pdf,1,7,https://psc.ga.gov/search/facts-document/?documentId=221233,2025-05-01,Rebuild 35.21 miles of the Mitchell - North Tifton 230kV line from 100C 795 ACSR to 100C 1351 ACSR.,Steady state,05_steady_state_projects.pdf,4,63,,,,,,
GA,206,2025,19676,ADAMSVILLE - JACK MCDONOUGH 230KV LINE REBUILD,6/1/2025,GPC,REDACTED,REDACTED,REDACTED,REDACTED,REDACTED,01_expansion_plan_projects.pdf,1,7,https://psc.ga.gov/search/facts-document/?documentId=221233,2025-06-01,Rebuild the entire 6.1 mile Adamsville - Jack McDonough 230kV line with 160C 1351 ACSS.,Steady state,05_steady_state_projects.pdf,5,64,,,,,,
GA,214,2025,18800,ECHECONNEE-WELLSTON 115KV REBUILD,6/1/2025,GPC,REDACTED,REDACTED,REDACTED,REDACTED,REDACTED,01_expansion_plan_projects.pdf,1,7,https://psc.ga.gov/search/facts-document/?documentId=221233,2025-06-01,Rebuild the South Warner Robins to Wellston section (1.2 miles) with 100C 1351.5 ACSR Martin conductor.,Steady state,05_steady_state_projects.pdf,6,65,,,,,,
GA,211,2025,19187,GRID - BREMEN - CROOKED CREEK (APC) 115 KV PROJECT,6/1/2025,GPC,REDACTED,REDACTED,REDACTED,REDACTED,REDACTED,01_expansion_plan_projects.pdf,1,7,https://psc.ga.gov/search/facts-document/?documentId=221233,2025-06-01,"Rebuild from Bremen to Indian Creek Road, on the Bremen - Crooked Creek 115kV line (14 miles), using 795 ACSR conductor at 100C.",Steady state,05_steady_state_projects.pdf,7,66,,,,,,
GA,214,2025,18153,GTC: BONAIRE PRI- ECHECONNEE 115 KV PARTIAL REBUILD,6/1/2025,GTC,REDACTED,REDACTED,REDACTED,REDACTED,REDACTED,01_expansion_plan_projects.pdf,1,7,https://psc.ga.gov/search/facts-document/?documentId=221233,2025-06-01,Rebuild 2.3 miles of the Bonaire Primary - Echeconnee 115kV line with 100C ACSR 795 conductor.,Steady state,05_steady_state_projects.pdf,8,67,,,,,,
GA,218,2025,20342,GTC: CAMDEN INDUSTRIAL PARK 230/115KV NEW SUBSTATION,6/1/2025,GTC,REDACTED,REDACTED,REDACTED,REDACTED,REDACTED,01_expansion_plan_projects.pdf,1,7,https://psc.ga.gov/search/facts-document/?documentId=221233,2025-06-01,"GTC will construct a new 230/115kV substation with a three element 230kV ring bus, two element 115kV ring bus, and one new 230/115kV 400MVA transformer. A new 115kV line to Kinlaw substation will be built also.",Steady state,05_steady_state_projects.pdf,9,68,,,,,,
GA,214,2025,20590,GTC: EATONTON PRIMARY - LICK CREEK 115KV LINE SWITCH REPLACEMENT,6/1/2025,GTC,REDACTED,REDACTED,REDACTED,REDACTED,REDACTED,01_expansion_plan_projects.pdf,1,7,https://psc.ga.gov/search/facts-document/?documentId=221233,2025-06-01,Replace a 1200A RLB line switch on the Eatonton - Lake Oconee 115kV line with a with motor operator and SCADA controls. This switch is located on GTC's Eatonton Primary - Lick Creek 115kV section of the Eatonton Primary - Lake Oconee 115kV Line.,Steady state,05_steady_state_projects.pdf,10,69,,,,,,
GA,218,2025,11821,JESUP - LUDOWICI PRIMARY 115KV REBUILD,6/1/2025,GPC,REDACTED,REDACTED,REDACTED,REDACTED,REDACTED,01_expansion_plan_projects.pdf,1,7,https://psc.ga.gov/search/facts-document/?documentId=221233,2025-06-01,Rebuild approximately 7.5 miles of the Jesup - North Jesup - Rayonier section of the Jesup - Ludowici Primary 115kV line from 100C 336.4 ACSR Linnet conductor to 100C 795 ACSR Drake conductor.,Steady state,05_steady_state_projects.pdf,11,70,,,,,,
GA,206,2025,13753,MEAG: ALCOVY ROAD - SKC 115 KV RECONDUCTOR,6/1/2025,MEAG,REDACTED,REDACTED,REDACTED,REDACTED,REDACTED,01_expansion_plan_projects.pdf,1,7,https://psc.ga.gov/search/facts-document/?documentId=221233,2025-06-01,MEAG will reconductor approximately 0.53 miles of 100C 336 ACSR conductor with 100C 1033 ACSR conductor from Alcovy Road to Alcovy Road Jct. on the Alcovy Road - SKC 115kV line.,Steady state,05_steady_state_projects.pdf,12,71,,,,,,
GA,214,2025,13787,MEAG: AULTMAN ROAD - BONAIRE PRIMARY 115 KV REBUILD,6/1/2025,MEAG,REDACTED,REDACTED,REDACTED,REDACTED,REDACTED,01_expansion_plan_projects.pdf,1,7,https://psc.ga.gov/search/facts-document/?documentId=221233,2025-06-01,MEAG: Rebuild approximately 1.99 miles of Sleepy Hollow - Peach Blossom 115kV section of the Aultman Road - Bonaire Primary 115kV line from 100C 336 ACSR to 100C 795 ACSR. GTC: Replace the jumpers at Sleepy Hollow with 1590 AAC.,Steady state,05_steady_state_projects.pdf,13,72,,,,,,
GA,202,2025,20464,NORCROSS 230KV BUS 1-3 SERIES BUS TIE BREAKER INSTALLATION,6/1/2025,GPC,REDACTED,REDACTED,REDACTED,REDACTED,REDACTED,01_expansion_plan_projects.pdf,1,7,https://psc.ga.gov/search/facts-document/?documentId=221233,2025-06-01,Install a bus tie breaker in series with existing bus tie breaker between 230kV Bus 1 and Bus 3 at Norcross.,Steady state,05_steady_state_projects.pdf,14,73,,,,,,
GA,216,2025,19631,PINE GROVE PRIMARY 115 KV DUAL STAGE CAPACITOR BANK,6/1/2025,GPC,REDACTED,REDACTED,REDACTED,REDACTED,REDACTED,01_expansion_plan_projects.pdf,2,8,https://psc.ga.gov/search/facts-document/?documentId=221233,2025-06-01,Install a Dual Stage 30MVAR capacitor bank at Pine Grove Primary.,Steady state,05_steady_state_projects.pdf,15,74,,,,,,
GA,219,2025,20067,SAV: DEPTFORD - MAGNOLIA 115KV RECONDUCTOR,6/1/2025,SAV,REDACTED,REDACTED,REDACTED,REDACTED,REDACTED,01_expansion_plan_projects.pdf,2,8,https://psc.ga.gov/search/facts-document/?documentId=221233,2025-06-01,Reconductor the Deptford - Magnolia 115kV line (approximately 5 miles) using 973.1 C7 ACCS (Everglades) conductor and upgrade the Deptford main bus.,Steady state,05_steady_state_projects.pdf,16,75,,,,,,
GA,214,2025,20466,SMART VALVE INSTALLATION,6/1/2025,GPC,REDACTED,REDACTED,REDACTED,REDACTED,REDACTED,01_expansion_plan_projects.pdf,2,8,https://psc.ga.gov/search/facts-document/?documentId=221233,2025-06-01,Installation of Smart Valve devices inside the Eatonton Primary substation on the Branch - Oasis 230kV and Eatonton Primary - Oasis 230kV lines.,Steady state,05_steady_state_projects.pdf,17,76,,,,,,
GA,218,2025,21046,THALMANN AND COLERAIN 23O KV LINE RELAY PANEL UPGRADES,6/1/2025,GPC,REDACTED,REDACTED,REDACTED,REDACTED,REDACTED,01_expansion_plan_projects.pdf,2,8,https://psc.ga.gov/search/facts-document/?documentId=221233,2025-06-01,Relay protection modifications at GPC's Thalmann and Colerain substations to match relay scheme used at GTC's new Camden Industrial Park 230/115kV substation.,Stability,02_stability_projects.pdf,2,44,,,,,,
GA,211,2025,20431,VILLA RICA LOW SIDE BREAKER,6/1/2025,GPC,REDACTED,REDACTED,REDACTED,REDACTED,REDACTED,01_expansion_plan_projects.pdf,2,8,https://psc.ga.gov/search/facts-document/?documentId=221233,2025-06-01,Replace a low side breaker at Villa Rica with a 4000A breaker.,Steady state,05_steady_state_projects.pdf,18,77,,,,,,
GA,218,2025,20684,CAMDEN INDUSTRIAL PARK (GPC),6/1/2025,GPC,REDACTED,REDACTED,REDACTED,REDACTED,REDACTED,01_expansion_plan_projects.pdf,2,8,https://psc.ga.gov/search/facts-document/?documentId=221233,2025-06-01,This project will loop in GPC's existing Colerain to Thalman 230kV line into GTC's new Camden Industrial Park station. GPC's Kingsland termination at GTC's Kinlaw sub will be relocated to a new 115kV bay position.,Steady state,05_steady_state_projects.pdf,19,78,,,,,,
GA,213,2025,18774,GTC: HEARD COUNTY - TENASKA 500KV (SECOND LINE),12/1/2025,GTC,REDACTED,REDACTED,REDACTED,REDACTED,REDACTED,01_expansion_plan_projects.pdf,2,8,https://psc.ga.gov/search/facts-document/?documentId=221233,2025-12-01,"GTC: Build a second Heard County - Tenaska 500kV line, 0.8 miles, with 100C (3) 1113 ACSR Bluejay conductors. Add a 500kV breaker at Heard County. GPC: Add a 500kV breaker at Tenaska.",Steady state,05_steady_state_projects.pdf,20,79,,,,,,
GA,206,2025,18889,JEFFERSON STREET#3 - NORTHWEST (WHITE) 115 KV RECONDUCTOR,12/1/2025,GPC,REDACTED,REDACTED,REDACTED,REDACTED,REDACTED,01_expansion_plan_projects.pdf,2,8,https://psc.ga.gov/search/facts-document/?documentId=221233,2025-12-01,Rebuild the 115kV White line from Northwest to Jefferson Street #3 (1.2 miles) with 200C 1351 ACSS conductor.,Steady state,05_steady_state_projects.pdf,21,80,,,,,,
GA,212,2025,20326,ANTHONY SHOALS STATCOM SYSTEM,12/31/2025,GPC,REDACTED,REDACTED,REDACTED,REDACTED,REDACTED,01_expansion_plan_projects.pdf,2,8,https://psc.ga.gov/search/facts-document/?documentId=221233,2025-12-31,Install a + 150 / - 150 MVAR turnkey STATCOM system at Anthony Shoals 230kV substation.,Stability,02_stability_projects.pdf,3,45,,,,,,
GA,211,2025,20152,CC - CASS PINE- HILL VIEW 230 KV LINE- CC IMPROVEMENTS,12/31/2025,GPC,REDACTED,REDACTED,REDACTED,REDACTED,REDACTED,01_expansion_plan_projects.pdf,2,8,https://psc.ga.gov/search/facts-document/?documentId=221233,2025-12-31,Build a new 7.58 mile 200C 1351 ACSS conductor 230kV line between new Cass Pine and Hill View 230kV substations.,Steady state,05_steady_state_projects.pdf,22,81,,,,,,
GA,211,2025,20175,CC - PROJECT CHRONOS- SK/HYUNDAI,12/31/2025,GPC,REDACTED,REDACTED,REDACTED,REDACTED,REDACTED,01_expansion_plan_projects.pdf,2,8,https://psc.ga.gov/search/facts-document/?documentId=221233,2025-12-31,GPC will build a 230/25kV station named Two Run Ranch and loop it into the Cartersville - Pinson 230kV line to serve SK Battery/Hyundai and new load in the area.,Steady state,05_steady_state_projects.pdf,23,82,,,,,,
GA,215,2025,20010,GTC: ANTHONY SHOALS - WASHINGTON 115 KV LINE REBUILD,12/31/2025,GTC,REDACTED,REDACTED,REDACTED,REDACTED,REDACTED,01_expansion_plan_projects.pdf,2,8,https://psc.ga.gov/search/facts-document/?documentId=221233,2025-12-31,Rebuild 21 miles of the Double Branches Junction - Washington 115kV line section with 100C 795 ACSR conductor or higher rated conductor.,Steady state,05_steady_state_projects.pdf,24,83,,,,,,
GA,219,2025,17075,SAV: LITTLE OGEECHEE 230- 115KV: RELAY MODERNIZATION,12/31/2025,SAV,REDACTED,REDACTED,REDACTED,REDACTED,REDACTED,01_expansion_plan_projects.pdf,2,8,https://psc.ga.gov/search/facts-document/?documentId=221233,2025-12-31,Relay modernization with conversion of the 230kV ring bus to BAAH topology and addition of BAAH rung for Big Ogeechee - Little Ogeechee (Red) 230kV Line. Rebuild 115kV straight bus to BAAH design.,Stability,02_stability_projects.pdf,4,46,,,,,,
GA,216,2026,18691,GTC: LIZARD LOPE - WESTOVER 115 KV NEW LINE,3/1/2026,GTC,REDACTED,REDACTED,REDACTED,REDACTED,REDACTED,01_expansion_plan_projects.pdf,2,8,https://psc.ga.gov/search/facts-document/?documentId=221233,2026-03-01,"Construct two new 115kV stations, Lizard Lope and Westover, and build a new 19.8 miles of 115kV line from Lizard Lope to Gillionville",Steady state,05_steady_state_projects.pdf,25,84,,,,,,
GA,208,2026,20018,CC - QTS FAYETTEVILLE TRANSMISSION NEEDS,4/1/2026,GPC,REDACTED,REDACTED,REDACTED,REDACTED,REDACTED,01_expansion_plan_projects.pdf,2,8,https://psc.ga.gov/search/facts-document/?documentId=221233,2026-04-01,"Build a new 500/230kV substation (Ashley Park) splitting the Ohara - Union City 500kV line. Install two 500/230kV auto transformers at the Ashley Park station. At Ashley Park, the 500kV side will be a 4 - breaker ring bus, while the 230kV side will be a 2 - rung Breaker and a Half configuration. Build two new 230kV lines (~6 miles each) from Ashley Park to the high side of customer substations. The new lines will be built with bundled 200C 1351 ACSS Martin conductor.",Steady state,05_steady_state_projects.pdf,26,85,,,,,,
GA,208,2026,19597,ADAMSVILLE - BUZZARD ROOST 230KV REBUILD AND JUMPER UPGRADE,6/1/2026,GPC,REDACTED,REDACTED,REDACTED,REDACTED,REDACTED,01_expansion_plan_projects.pdf,3,9,https://psc.ga.gov/search/facts-document/?documentId=221233,2026-06-01,Rebuild the line sections from Adamsville to Boat Rock Road (8.08 miles) on the Adamsville - Buzzard Roost 230kV line with 200C 1351 ACSS Martin conductor. Replace the AAC 750 jumper on the line at Adamsville with (2) 1590 AAC jumper. Replace 1590 AAC jumpers at Bakers Ferry and Boat Rock with (2) 1590 AAC jumpers. Replace 1600A line switches at Boat Rock with 3000A switches.,Steady state,05_steady_state_projects.pdf,27,86,,,,,,
GA,201,2026,18960,BLANKETS CREEK – WOODSTOCK 115KV LINE REBUILD,6/1/2026,GPC,REDACTED,REDACTED,REDACTED,REDACTED,REDACTED,01_expansion_plan_projects.pdf,3,9,https://psc.ga.gov/search/facts-document/?documentId=221233,2026-06-01,"Rebuild the entire Blankets Creek - Woodstock 115kV line, approximately 7.1 miles, with 200C 795 ACSS conductor.",Steady state,05_steady_state_projects.pdf,28,87,,,,,,
GA,201,2026,20243,CC - GARRETT ROAD SWITCHING STATION - TRAE LANE,6/1/2026,GPC,REDACTED,REDACTED,REDACTED,REDACTED,REDACTED,01_expansion_plan_projects.pdf,3,9,https://psc.ga.gov/search/facts-document/?documentId=221233,2026-06-01,Build the new Garrett Road 230kV switching station (three - element ring bus) splitting the Villa Rica - West Marietta 230kV line. Build a new 230kV line (8.6 miles) from the Trae Lane substation to the Garrett Road switching station with bundled 100C 1351 ACSR conductor.,Steady state,05_steady_state_projects.pdf,29,88,,,,,,
GA,208,2026,20216,CC - STONEWALL TELL ROAD (TA REALTY),6/1/2026,GPC,REDACTED,REDACTED,REDACTED,REDACTED,REDACTED,01_expansion_plan_projects.pdf,3,9,https://psc.ga.gov/search/facts-document/?documentId=221233,2026-06-01,"Build 230kV line segment, using 200C 1351 ACSS Martin conductor, to loop in the Stonewall Tell Road (TA Realty) customer station into the East Point - Union City 230kV Black line.",Steady state,05_steady_state_projects.pdf,30,89,,,,,,
GA,211,2026,18679,DU: EAST DALTON - OOSTANAULA 115KV REBUILD,6/1/2026,DU,REDACTED,REDACTED,REDACTED,REDACTED,REDACTED,01_expansion_plan_projects.pdf,3,9,https://psc.ga.gov/search/facts-document/?documentId=221233,2026-06-01,DU: Rebuild the portion of East Dalton - Oostanaula and Dalton - East Dalton 115kV double circuit lines between East Dalton substation and the Dalton substation frame with 200C 795 ACSS.,Steady state,05_steady_state_projects.pdf,31,90,,,,,,
GA,208,2026,20491,EAST POINT RELAY MODERNIZATION,6/1/2026,GPC,REDACTED,REDACTED,REDACTED,REDACTED,REDACTED,01_expansion_plan_projects.pdf,3,9,https://psc.ga.gov/search/facts-document/?documentId=221233,2026-06-01,"Upgrade protection on 230kV buses, 115kV buses, and 230/115kV auto transformer at the East Point station. Add adequate monitoring on DC supply.",Stability,02_stability_projects.pdf,5,47,,,,,,
GA,215,2026,16007,FENWICK STREET - SAND BAR FERRY 115KV (RECONDUCTOR/REBUILD),6/1/2026,GPC,REDACTED,REDACTED,REDACTED,REDACTED,REDACTED,01_expansion_plan_projects.pdf,3,9,https://psc.ga.gov/search/facts-document/?documentId=221233,2026-06-01,Reconductor approximately 2.72 miles of transmission line from Fenwick St to East Augusta Jct. with 100C 1351 ACSR conductor.,Steady state,05_steady_state_projects.pdf,32,91,,,,,,
GA,213,2026,20516,"GOAT ROCK 230KV SWITCH, JUMPER, & LINE TRAP REPLACEMENT",6/1/2026,GPC,REDACTED,REDACTED,REDACTED,REDACTED,REDACTED,01_expansion_plan_projects.pdf,3,9,https://psc.ga.gov/search/facts-document/?documentId=221233,2026-06-01,"Replace the 230kV 1200A switch with 3000A, 90C 1351.5 ACSR Martin jumper with (2) AAC 1590, and 1600A line trap with 3000A (part of the Goat Rock - North Opelika 230kV line at Goat Rock substation.",Steady state,05_steady_state_projects.pdf,33,92,,,,,,
GA,214,2026,19618,GORDON-N DUBLIN 115KV (GORDON-ENGL MCI J) REBUILD,6/1/2026,GPC,REDACTED,REDACTED,REDACTED,REDACTED,REDACTED,01_expansion_plan_projects.pdf,3,9,https://psc.ga.gov/search/facts-document/?documentId=221233,2026-06-01,Rebuild the Gordon - Engelhard McIntyre J of the Gordon - North Dublin 115kV line from 100C 336.4 ACSR (2.81 miles) Linnet and 75C 4/0 F Copper/CW (3.18 miles) to 200C ACSS 795 conductor.,Steady state,05_steady_state_projects.pdf,34,93,,,,,,
GA,206,2026,21139,GRADY - MORROW (WHITE) 115KV REBUILD,6/1/2026,GPC,REDACTED,REDACTED,REDACTED,REDACTED,REDACTED,01_expansion_plan_projects.pdf,3,9,https://psc.ga.gov/search/facts-document/?documentId=221233,2026-06-01,Replace 0.72 miles of conductor from Moreland Way to Morrow including the bus and jumper at Moreland Way with 1351.5 Martin/ACSS 54/19 conductor.,Steady state,05_steady_state_projects.pdf,35,94,,,,,,
GA,206,2026,20474,GRADY 230/115KV RELAY MODERNIZATION,6/1/2026,GPC,REDACTED,REDACTED,REDACTED,REDACTED,REDACTED,01_expansion_plan_projects.pdf,3,9,https://psc.ga.gov/search/facts-document/?documentId=221233,2026-06-01,"Upgrade protection on 230kV bus, all 115kV buses, and both 230/115kV auto transformers at Grady. Add adequate monitoring on DC supply. Install a 230kV breaker and associated switches on the high side of Grady 230/115kV auto transformer D.",Stability,02_stability_projects.pdf,6,48,,,,,,
GA,212,2026,19706,GRID - GAINESVILLE #2 EQUIPMENT REPLACEMENT,6/1/2026,GPC,REDACTED,REDACTED,REDACTED,REDACTED,REDACTED,01_expansion_plan_projects.pdf,3,9,https://psc.ga.gov/search/facts-document/?documentId=221233,2026-06-01,GPC: Replace the two 230/115kV auto transformers (Bank C and D) at Gainesville #2 with 400MVA. Project was originally maintenance driven but now compliance driven.,Steady state,05_steady_state_projects.pdf,36,95,,,,,,
GA,206,2026,21137,GTC: CONYERS - CORNISH MOUNTAIN 115KV LINE UPGRADE,6/1/2026,GTC,REDACTED,REDACTED,REDACTED,REDACTED,REDACTED,01_expansion_plan_projects.pdf,3,9,https://psc.ga.gov/search/facts-document/?documentId=221233,2026-06-01,Upgrade 750 jumpers at North Conyers and raise the temperature rating of the 636 ACSR conductor on the Conyers - Cornish MTN 115kV line from 100C to 125C.,Steady state,05_steady_state_projects.pdf,37,96,,,,,,
GA,213,2026,19334,GTC: LAGRANGE - NORTH OPELIKA 230 KV,6/1/2026,GTC,REDACTED,REDACTED,REDACTED,REDACTED,REDACTED,01_expansion_plan_projects.pdf,3,9,https://psc.ga.gov/search/facts-document/?documentId=221233,2026-06-01,"Build a new Lagrange - North Opelika (APC) 230kV line, 29.4 miles, with 100C ACSR 1351.5 Martin Conductor. GTC will construct the ~15 - mile section from Lagrange to the Metering Station near the Georgia - Alabama border. The Metering Station will be owned by GTC. GPC will construct the short line section from the Metering Station to the GA - AL state line. APC will construct the 230kV line from the GA - AL state line to North Opelika.",Steady state,05_steady_state_projects.pdf,38,97,,,,,,
GA,212,2026,20015,GTC: MORNING HORNET 2ND 230/115 KV BANK & THUMBS UP 115KV TL,6/1/2026,GTC,REDACTED,REDACTED,REDACTED,REDACTED,REDACTED,01_expansion_plan_projects.pdf,3,9,https://psc.ga.gov/search/facts-document/?documentId=221233,2026-06-01,"GTC to add a second 230/115kV auto transformer at Morning Hornet substation. Also, build an additional 115kV line from Morning Hornet to Thumbs Up, approximately 2.4 miles, using at least 100C 1351 ACSR conductor.",Steady state,05_steady_state_projects.pdf,39,98,,,,,,
GA,214,2026,19999,GTC: ROBINS SPRING BUS REPLACEMENT,6/1/2026,GTC,REDACTED,REDACTED,REDACTED,REDACTED,REDACTED,01_expansion_plan_projects.pdf,4,10,https://psc.ga.gov/search/facts-document/?documentId=221233,2026-06-01,GTC: Replace the main 115kV bus 90C ACSR 336.4 Linnet conductor with higher rating.,Steady state,05_steady_state_projects.pdf,40,99,,,,,,
GA,214,2026,20001,GTC: ROBINS SPRING CAPACITOR BANK INSTALLATION,6/1/2026,GTC,REDACTED,REDACTED,REDACTED,REDACTED,REDACTED,01_expansion_plan_projects.pdf,4,10,https://psc.ga.gov/search/facts-document/?documentId=221233,2026-06-01,Install a 115kV 2 - stage 22.5MVAR (45MVAR total) capacitor bank at Robins Spring,Steady state,05_steady_state_projects.pdf,41,100,,,,,,
GA,211,2026,19636,HAMMOND - WEISS DAM 115KV LINE REBUILD,6/1/2026,GPC,REDACTED,REDACTED,REDACTED,REDACTED,REDACTED,01_expansion_plan_projects.pdf,4,10,https://psc.ga.gov/search/facts-document/?documentId=221233,2026-06-01,Rebuild 11.2 miles of Hammond - Weiss Dam 115kV from Hammond to the APC border with 200C 795 ACSS.,Steady state,05_steady_state_projects.pdf,42,101,,,,,,
GA,214,2026,20512,KATHLEEN AREA IMPROVEMENTS,6/1/2026,GPC,REDACTED,REDACTED,REDACTED,REDACTED,REDACTED,01_expansion_plan_projects.pdf,4,10,https://psc.ga.gov/search/facts-document/?documentId=221233,2026-06-01,Rebuild the Kathleen - Big Grocery Creek 230kV line (approximately 1.5 miles). Rebuild the Bonaire Primary - Kathleen 230kV line (approximately 6 miles). Upgrade limiting elements at Kathleen substation.,Steady state,05_steady_state_projects.pdf,43,102,,,,,,
GA,206,2026,20490,KLONDIKE RELAY MODERNIZATION,6/1/2026,GPC,REDACTED,REDACTED,REDACTED,REDACTED,REDACTED,01_expansion_plan_projects.pdf,4,10,https://psc.ga.gov/search/facts-document/?documentId=221233,2026-06-01,Upgrade protection on 230kV buses at the Klondike station. Add adequate monitoring on DC supply.,Stability,02_stability_projects.pdf,7,49,,,,,,
GA,213,2026,19598,MEAG: DRESDEN - LAGRANGE PRIMARY 230KV UPGRADE & JUMPERS,6/1/2026,MEAG,REDACTED,REDACTED,REDACTED,REDACTED,REDACTED,01_expansion_plan_projects.pdf,4,10,https://psc.ga.gov/search/facts-document/?documentId=221233,2026-06-01,MEAG will re-sag the Dresden - LaGrange Primary 230kV line to 125C. Replace the jumpers at Dresden and LaGrange with (2) 1590 AAC jumpers.,Steady state,05_steady_state_projects.pdf,44,103,,,,,,
GA,215,2026,20270,MEAG: RAY PLACE RD - WASHINGTON #3,6/1/2026,MEAG,REDACTED,REDACTED,REDACTED,REDACTED,REDACTED,01_expansion_plan_projects.pdf,4,10,https://psc.ga.gov/search/facts-document/?documentId=221233,2026-06-01,Rebuild the Ray Place Rd - Washington 115kV line with 100C 795 ACSR conductor (total 17.4 Miles) between Ray Place Rd and Washington 2. Replace Jumpers and bus at Washington 2.,Steady state,05_steady_state_projects.pdf,45,104,,,,,,
GA,215,2026,20271,MEAG: RAY PLACE RD - WASHINGTON (WASHINGTON - WASHINGTON 3),6/1/2026,MEAG,REDACTED,REDACTED,REDACTED,REDACTED,REDACTED,01_expansion_plan_projects.pdf,4,10,https://psc.ga.gov/search/facts-document/?documentId=221233,2026-06-01,MEAG will rebuild the Ray Place Rd - Washington 115kV line with 100C 1351 ACSR conductor (total 1.2 Miles) between Washington and Washington 3. Replace jumpers at Washington.,Steady state,05_steady_state_projects.pdf,46,105,,,,,,
GA,208,2026,20300,MORROW 115KV RELAY UPGRADE,6/1/2026,GPC,REDACTED,REDACTED,REDACTED,REDACTED,REDACTED,01_expansion_plan_projects.pdf,4,10,https://psc.ga.gov/search/facts-document/?documentId=221233,2026-06-01,Upgrade protection scheme on all three 115kV buses at Morrow.,Stability,02_stability_projects.pdf,8,50,,,,,,
GA,216,2026,18690,PALMYRA REACTOR REMOVAL,6/1/2026,GPC,REDACTED,REDACTED,REDACTED,REDACTED,REDACTED,01_expansion_plan_projects.pdf,4,10,https://psc.ga.gov/search/facts-document/?documentId=221233,2026-06-01,Remove the 6% reactor at the Palmyra Substation.,Steady state,05_steady_state_projects.pdf,47,106,,,,,,
GA,219,2026,20066,SAV: BOULEVARD - DEPTFORD 115KV RECONDUCTOR,6/1/2026,SAV,REDACTED,REDACTED,REDACTED,REDACTED,REDACTED,01_expansion_plan_projects.pdf,4,10,https://psc.ga.gov/search/facts-document/?documentId=221233,2026-06-01,Reconductor the Boulevard - Deptford 115kV line (approximately 8 miles) using 973.1 C7 ACCS (Everglades) conductor. Upgrade main bus and jumpers at Bolton substation from 90C 1590 AAC Coreopsis to 90C (2)1590 AAC Coreopsis or higher rated equipment.,Steady state,05_steady_state_projects.pdf,48,107,,,,,,
GA,219,2026,19966,SAV: CC - BIG OGEECHEE 500/230KV (CC NETWORK IMPROVEMENTS),6/1/2026,SAV,REDACTED,REDACTED,REDACTED,REDACTED,REDACTED,01_expansion_plan_projects.pdf,4,10,https://psc.ga.gov/search/facts-document/?documentId=221233,2026-06-01,"Construct a new substation near Little Ogeechee, adjacent to the 500kV and 230kV shared right of way for McCall Road - Thalmann 500kV and the Little Ogeechee - Meldrim 230kV Black and White lines. The new substation will loop in the existing McCall Road - Thalmann 500kV line, the existing Little Ogeechee - Meldrim 230kV lines, and accommodate a new 1344MVA 500/230kV auto transformers with an additional 230kV connection to Little Ogeechee.",Steady state,05_steady_state_projects.pdf,49,108,,,,,,
GA,219,2026,20277,SAV: MCINTOSH - PURRYSBURG 230KV REACTORS,6/1/2026,SAV,REDACTED,REDACTED,REDACTED,REDACTED,REDACTED,01_expansion_plan_projects.pdf,4,10,https://psc.ga.gov/search/facts-document/?documentId=221233,2026-06-01,Install reactors on the McIntosh - Purrysburg (Black and White) 230kV tie lines at McIntosh. Rebuild 0.1 miles (GPC portion) for both lines to (2) 200C 1351 ACSS conductor.,Interface transfer capability,04_interface_transfer_projects.pdf,2,57,,,,,,
GA,206,2026,20489,SCOTTDALE RELAY MODERNIZATION,6/1/2026,GPC,REDACTED,REDACTED,REDACTED,REDACTED,REDACTED,01_expansion_plan_projects.pdf,4,10,https://psc.ga.gov/search/facts-document/?documentId=221233,2026-06-01,Upgrade protection on 230kV bus and 230/115kV auto transformers at the Scottdale station. Add adequate monitoring on DC supply.,Stability,02_stability_projects.pdf,9,51,,,,,,
GA,208,2026,17900,UNION CITY - YATES 230 KV WHITE LINE REBUILD,4/1/2026,GPC,REDACTED,REDACTED,REDACTED,REDACTED,REDACTED,01_expansion_plan_projects.pdf,4,10,https://psc.ga.gov/search/facts-document/?documentId=221233,2026-04-01,Rebuild 23.4 miles of the Union City - Yates 230kV White line with bundled 1351 ACSS Martin conductor at 200C.,Steady state,05_steady_state_projects.pdf,50,109,,,,,,
GA,208,2026,20691,UNION CITY - YATES 230KV (WHITE) SWITCH AND TRAP REPLACEMENT,6/1/2026,GPC,REDACTED,REDACTED,REDACTED,REDACTED,REDACTED,01_expansion_plan_projects.pdf,5,11,https://psc.ga.gov/search/facts-document/?documentId=221233,2026-06-01,Replace the limiting elements at Union City and Yates substations along the Union City - Yates 230kV (White) line.,Steady state,05_steady_state_projects.pdf,51,110,,,,,,
GA,216,2026,20223,CC - PROJECT PAYTON BAINBRIDGE,6/30/2026,GPC,REDACTED,REDACTED,REDACTED,REDACTED,REDACTED,01_expansion_plan_projects.pdf,5,11,https://psc.ga.gov/search/facts-document/?documentId=221233,2026-06-30,Split Farley - South Bainbridge 230kV line with a 230kV station (Dothan Road) and bring an 8.5 mile 200C 1351 ACSS 230kV line from Dothan Rd to new customer sub Downrange. Bring another 10mile 200C 1351 ACSS 230kV line from Climax to customer sub Downrange.,Steady state,05_steady_state_projects.pdf,52,111,,,,,,
GA,208,2026,21022,OHARA BREAKER REPLACEMENT,10/1/2026,GPC,REDACTED,REDACTED,REDACTED,REDACTED,REDACTED,01_expansion_plan_projects.pdf,5,11,https://psc.ga.gov/search/facts-document/?documentId=221233,2026-10-01,Replace Breaker on the Ohara - Tara 115kV Line at the Ohara Substation.,Short circuit,03_short_circuit_projects.pdf,2,55,,,,,,
GA,208,2026,20668,DRESDEN LINE PROTECTIVE RELAYING,12/1/2026,GPC,REDACTED,REDACTED,REDACTED,REDACTED,REDACTED,01_expansion_plan_projects.pdf,5,11,https://psc.ga.gov/search/facts-document/?documentId=221233,2026-12-01,"On the O'Hara - Wansley 500kV line, replace the protective relay panels associated with the 500kV line terminal facing Dresden, at both O'Hara and Wansley.",Stability,02_stability_projects.pdf,10,52,,,,,,
GA,213,2026,20874,GTC: BARNESVILLE PRIMARY- BARNESVILLE #1 115KV RECONDUCTOR,12/1/2026,GTC,REDACTED,REDACTED,REDACTED,REDACTED,REDACTED,01_expansion_plan_projects.pdf,5,11,https://psc.ga.gov/search/facts-document/?documentId=221233,2026-12-01,Rebuild approximately 4.53 miles of the Barnesville Primary - Barnesville #1 segment on the Barnesville Primary - Lamar County Industrial 115kV line.,Steady state,05_steady_state_projects.pdf,53,112,,,,,,
GA,208,2026,20273,GTC: DRESDEN 500KV BUS EXPANSION,12/1/2026,GTC,REDACTED,REDACTED,REDACTED,REDACTED,REDACTED,01_expansion_plan_projects.pdf,5,11,https://psc.ga.gov/search/facts-document/?documentId=221233,2026-12-01,GTC will expand the Dresden 500kV bus into a 5 - element ring bus configuration. Loop the O'Hara - Wansley 500kV line into the Dresden 500kV substation and allow for future Dresden - Talbot 500kV line termination.,Steady state,05_steady_state_projects.pdf,54,113,,,,,,
GA,214,2026,20002,GTC: GORDON - SANDERSVILLE #1 115KV LINE REBUILD,12/1/2026,GTC,REDACTED,REDACTED,REDACTED,REDACTED,REDACTED,01_expansion_plan_projects.pdf,5,11,https://psc.ga.gov/search/facts-document/?documentId=221233,2026-12-01,Rebuild the 1.87 miles of Sandersville #1 - Sandersville #6 line section of the Gordon - Sandersville #1 115kV line from 100C ACSR 336 conductor to 100C ACSR 795 conductor.,Steady state,05_steady_state_projects.pdf,55,114,,,,,,
GA,211,2026,20151,CC - CASS PINE 230/25 NEW SUB - QCELLS - CC IMPROVEMENTS,12/31/2026,GPC,REDACTED,REDACTED,REDACTED,REDACTED,REDACTED,01_expansion_plan_projects.pdf,5,11,https://psc.ga.gov/search/facts-document/?documentId=221233,2026-12-31,Build a new 230/25kV 8 element ring bus networked substation named Cass Pine that will interconnect between new Great Valley and Hill View 230kV substations.,Steady state,05_steady_state_projects.pdf,56,115,,,,,,
GA,206,2026,19287,GRADY-WEST END 115KV REBUILD,12/31/2026,GPC,REDACTED,REDACTED,REDACTED,REDACTED,REDACTED,01_expansion_plan_projects.pdf,5,11,https://psc.ga.gov/search/facts-document/?documentId=221233,2026-12-31,Reconductor the Grady - West End 115kV line (2.6 miles) using 200C 1351 ACSS Martin.,Steady state,05_steady_state_projects.pdf,57,116,,,,,,
GA,208,2026,19363,MORROW - MOUNTAIN VIEW 115 KV REBUILD,12/31/2026,GPC,REDACTED,REDACTED,REDACTED,REDACTED,REDACTED,01_expansion_plan_projects.pdf,5,11,https://psc.ga.gov/search/facts-document/?documentId=221233,2026-12-31,Rebuild the Mountain View - Barnett Road section of the Morrow - Mountain View 115kV line with 200C 1351 ACSS Martin conductor.,Steady state,05_steady_state_projects.pdf,58,117,,,,,,
GA,213,2027,18832,MEAG: FORTSON 230KV SUBSTATION MODERNIZATION,1/13/2027,MEAG,REDACTED,REDACTED,REDACTED,REDACTED,REDACTED,01_expansion_plan_projects.pdf,5,11,https://psc.ga.gov/search/facts-document/?documentId=221233,2027-01-13,"Complete modernization and replacement of obsolete equipment and relays for the 500kV, 230kV, and 115kV yards. Add a redundant relay scheme at Fortson.",Stability,02_stability_projects.pdf,11,53,,,,,,
GA,201,2027,20509,CC - EMBLEM RIVERSIDE CUSTOMER SUB (FLEXENTIAL),3/1/2027,GPC,REDACTED,REDACTED,REDACTED,REDACTED,REDACTED,01_expansion_plan_projects.pdf,5,11,https://psc.ga.gov/search/facts-document/?documentId=221233,2027-03-01,"A new customer substation, Emblem Riverside, is being built along the Buzzard Roost - Douglasville 230kV line. Moreover, a Fiber ICON ring is being built in the area to help with communications and protection for all customers in the area.",Steady state,05_steady_state_projects.pdf,59,118,,,,,,
GA,211,2027,19635,GTC: HICKORY LEVEL - VILLA RICA 230KV LINE RECONDUCTOR,5/1/2027,GTC,REDACTED,REDACTED,REDACTED,REDACTED,REDACTED,01_expansion_plan_projects.pdf,5,11,https://psc.ga.gov/search/facts-document/?documentId=221233,2027-05-01,GTC will reconductor from 100C 1351 ACSR to 160C 1351 ACSS on 8.6 miles of 230kV line. A 2000A line trap at Villa Rica will also be replaced with a 3000A line trap.,Steady state,05_steady_state_projects.pdf,60,119,,,,,,
GA,208,2027,19601,MORROW - YATES COMMON 115KV LINE UPGRADE,5/1/2027,GPC,REDACTED,REDACTED,REDACTED,REDACTED,REDACTED,01_expansion_plan_projects.pdf,5,11,https://psc.ga.gov/search/facts-document/?documentId=221233,2027-05-01,"On the Fife - Fairburn SW - Owens Corning Tap sections of the Morrow - Yates Common 115kV line, rebuild approximately 5.8 miles of 50C 477 ACSR with 210C 1334 T13 ACCR Martin or 200C 1351.0 ACSS Martin.",Steady state,05_steady_state_projects.pdf,61,120,,,,,,
GA,211,2027,15879,POSSUM BRANCH - YATES COMMON 115KV REBUILD (YATES TO CLEM),5/1/2027,GPC,REDACTED,REDACTED,REDACTED,REDACTED,REDACTED,01_expansion_plan_projects.pdf,5,11,https://psc.ga.gov/search/facts-document/?documentId=221233,2027-05-01,Rebuild 11.2 miles of 100C 477 ACSR with 200C 1334 T13 ACCR Martin or 200C 1351.0 ACSS between Yates Common to Oak Mountain. Replace limiting elements along the line.,Steady state,05_steady_state_projects.pdf,62,121,,,,,,
GA,208,2027,20771,CC - GULLATT ROAD TRANSMISSION IMPROVEMENTS,6/1/2027,GPC,REDACTED,REDACTED,REDACTED,REDACTED,REDACTED,01_expansion_plan_projects.pdf,6,12,https://psc.ga.gov/search/facts-document/?documentId=221233,2027-06-01,Upstream Transmission improvements to serve a new customer station being built along the Morrow - Yates Common 115kV and Line Creek - Fairburn #2 115kV lines. Rebuild the Morrow - Yates Common 115kV line from Line Creek to the new Gullatt Road customer station. Rebuild the Line Creek - Fairburn #2 115kV line from Line Creek to the new Gullatt Road customer station. Remove the Owens Corning Tap Connection on the Morrow - Yates Common 115kV line and rebuild the line from North Coweta to Str 1. Build new line section from Str 1 to the new Gullatt Road customer station,Steady state,05_steady_state_projects.pdf,63,122,,,,,,
GA,208,2027,18736,CC - MICROSOFT - SHUGART (CCO06),6/1/2027,GPC,REDACTED,REDACTED,REDACTED,REDACTED,REDACTED,01_expansion_plan_projects.pdf,6,12,https://psc.ga.gov/search/facts-document/?documentId=221233,2027-06-01,"GPC will rebuild the Line Creek 230kV substation as breaker and a half configuration and connect the Morrow - Yates 230kV line and the Union City - Yates 230kV White line into Line Creek. For the Union City - Yates 230kV Black line, terminate the line from the Yates side into Shugart Farms, and the line from the Union City side into Line Creek. Build two short lines from Line Creek to Shugart Farms (0.3 miles each) with 100C 1351 ACSR Martin conductor.",Steady state,05_steady_state_projects.pdf,64,123,,,,,,
GA,201,2027,20781,CC - SUMMER LAKE - VILLA RICA 230KV REBUILD (CC IMPROVMNT),6/1/2027,GPC,REDACTED,REDACTED,REDACTED,REDACTED,REDACTED,01_expansion_plan_projects.pdf,6,12,https://psc.ga.gov/search/facts-document/?documentId=221233,2027-06-01,Rebuild the 2.5 mile section from Villa Rica to the new East Villa Rica Switching station on the Summer Lake - Villa Rica 230kV line with bundled 200C 1351 ACSS Martin.,Steady state,05_steady_state_projects.pdf,65,124,,,,,,
GA,208,2027,20736,CC - TA REALTY ELLENWOOD NETWORK IMPROVEMENTS,6/1/2027,GPC,REDACTED,REDACTED,REDACTED,REDACTED,REDACTED,01_expansion_plan_projects.pdf,6,12,https://psc.ga.gov/search/facts-document/?documentId=221233,2027-06-01,"Rebuild the ~14.9mi Austin Drive - Morrow 115kV with 200C 1351.5 ACSS Martin. At Austin Drive 115kV, replace the 115/230kV auto transformer along with upgrades other limiting elements at the station.",Steady state,05_steady_state_projects.pdf,66,125,,,,,,
GA,212,2027,20234,DOYLE - LG&E MONROE 230KV - JACKS CREEK LOOP IN,6/1/2027,GPC,REDACTED,REDACTED,REDACTED,REDACTED,REDACTED,01_expansion_plan_projects.pdf,6,12,https://psc.ga.gov/search/facts-document/?documentId=221233,2027-06-01,Loop in and out the new Jack's Creek 230kV switching station into the Doyle - LG&E Monroe 230kV line. This is coordinated with the East Walton Project (TEAMS #09662).,Steady state,05_steady_state_projects.pdf,67,126,,,,,,
GA,201,2027,20858,GTC: ADAMSVILLE - BUZZARD ROOST 230KV REBUILD,6/1/2027,GTC,REDACTED,REDACTED,REDACTED,REDACTED,REDACTED,01_expansion_plan_projects.pdf,6,12,https://psc.ga.gov/search/facts-document/?documentId=221233,2027-06-01,GTC plans to rebuild 5 miles of line from Buzzard Roost to Boat Rock Road with 200C 1351 ACSS Martin.,Steady state,05_steady_state_projects.pdf,68,127,,,,,,
GA,201,2027,20776,GTC: DOUGLASVILLE - VILLA RICA 230KV REBUILD (CC IMPROVEMENT),6/1/2027,GTC,REDACTED,REDACTED,REDACTED,REDACTED,REDACTED,01_expansion_plan_projects.pdf,6,12,https://psc.ga.gov/search/facts-document/?documentId=221233,2027-06-01,Rebuild the 2.5 mile section from Villa to the new East Villa Rica Switching station on the Douglasville - Villa Rica 230kV line with bundled 200C 1351 ACSS Martin.,Steady state,05_steady_state_projects.pdf,69,128,,,,,,
GA,212,2027,20778,GTC: DOYLE - WINDER PRIMARY 230KV LINE JUMPER REPLACEMENT,6/1/2027,GTC,REDACTED,REDACTED,REDACTED,REDACTED,REDACTED,01_expansion_plan_projects.pdf,6,12,https://psc.ga.gov/search/facts-document/?documentId=221233,2027-06-01,Replace the limiting AAC 1033 jumper with AAC 1590 at Doyle on the Doyle - Winder Primary 230kV line.,Steady state,05_steady_state_projects.pdf,70,129,,,,,,
GA,216,2027,19358,GTC: EAST MOULTRIE - HIGHWAY 112 230 KV LINE,6/1/2027,GTC,REDACTED,REDACTED,REDACTED,REDACTED,REDACTED,01_expansion_plan_projects.pdf,6,12,https://psc.ga.gov/search/facts-document/?documentId=221233,2027-06-01,Build a new 27 miles of 230kV line between HWY 112 and East Moultrie substations with 100C 1351 ACSR conductor.,Steady state,05_steady_state_projects.pdf,71,130,,,,,,
GA,212,2027,09662,GTC: EAST WALTON 500/230KV PROJECT,6/1/2027,GTC,REDACTED,REDACTED,REDACTED,REDACTED,REDACTED,01_expansion_plan_projects.pdf,6,12,https://psc.ga.gov/search/facts-document/?documentId=221233,2027-06-01,"GTC: - Construct the East Walton 500/230kV substation. - Construct the Bostwick 230kV switching station. - Construct the East Walton - Rockville 500kV line (3 - 100C 1113 ACSR). - Construct the Bethabara - East Walton 230kV line (170C 1351.5 ACSS). - Construct the Bostwick - East Walton 230kV line (170C 1351.5 ACSS). - Construct the East Walton - Jack's Creek 230kV line (170C 1351.5 ACSS). - At Bethabara, terminate the East Walton 230kV line. - Loop the East Social Circle - East Watkinsville 230kV line into Bostwick. - Replace line trap at East Watkinsville on the Bostwick 230kV line. GPC: - Construct the Rockville 500kV switching station. - Loop the Scherer - Warthen 500kV line into Rockville. - Loop the Doyle - LG&E Monroe 230kV line into Jack's Creek. MEAG: - Construct the Jack's Creek 230kV switching station.",Steady state,05_steady_state_projects.pdf,72,131,,,,,,
GA,201,2027,20505,GTC: GARRETT RD - V. RICA 230KV LINE RECONDUCTOR (CC NET IM),6/1/2027,GTC,REDACTED,REDACTED,REDACTED,REDACTED,REDACTED,01_expansion_plan_projects.pdf,6,12,https://psc.ga.gov/search/facts-document/?documentId=221233,2027-06-01,"GTC will reconductor the section from East Villa Rica Switching station to Garrett Rd with 160C 1351 ACSS on 11.5 miles of the Garrett Road - Villa Rica 230kV line. Additionally, the 2.5 miles section from East Villa Rica Switching Station to Villa Rica will be rebuilt with bundled 200C 1351 ACSS Martin.",Steady state,05_steady_state_projects.pdf,74,133,,,,,,
GA,214,2027,19622,GTC: RIDDLEVILLE BUS REPLACEMENT,6/1/2027,GTC,REDACTED,REDACTED,REDACTED,REDACTED,REDACTED,01_expansion_plan_projects.pdf,6,12,https://psc.ga.gov/search/facts-document/?documentId=221233,2027-06-01,GTC will replace the main 115kV bus at Riddleville substation with higher rating.,Steady state,05_steady_state_projects.pdf,75,134,,,,,,
GA,206,2027,19606,GTC: SKC 115KV BUS AND JUMPER REPLACEMENT,6/1/2027,GTC,REDACTED,REDACTED,REDACTED,REDACTED,REDACTED,01_expansion_plan_projects.pdf,6,12,https://psc.ga.gov/search/facts-document/?documentId=221233,2027-06-01,Replace the 115kV bus and jumpers at SKC substation with higher rated bus and jumpers with rating higher than 255MVA.,Steady state,05_steady_state_projects.pdf,76,135,,,,,,
GA,214,2027,20020,GTC: SOUTH HAZLEHURST - NEW LACY 230KV LINE,6/1/2027,GTC,REDACTED,REDACTED,REDACTED,REDACTED,REDACTED,01_expansion_plan_projects.pdf,6,12,https://psc.ga.gov/search/facts-document/?documentId=221233,2027-06-01,GTC will build a new 230kV transmission line between South Hazlehurst (bus 2) and New Lacy substation (approximately 25 miles) with 100C ACSR 1351 Martin conductor. Do all the necessary upgrade work to accommodate the additional line in both facilities.,Steady state,05_steady_state_projects.pdf,77,136,,,,,,
GA,201,2027,20506,GTC: SWITCH WAY - THORNTON ROAD 230KV LINE REBUILD,6/1/2027,GTC,REDACTED,REDACTED,REDACTED,REDACTED,REDACTED,01_expansion_plan_projects.pdf,6,12,https://psc.ga.gov/search/facts-document/?documentId=221233,2027-06-01,GTC will rebuild the 1.3 mile Switchway - Thornton Rd 230kV line with 200C 1351 ACSS.,Steady state,05_steady_state_projects.pdf,78,137,,,,,,
GA,218,2027,18668,JESUP - OFFERMAN 115KV REBUILD,6/1/2027,GPC,REDACTED,REDACTED,REDACTED,REDACTED,REDACTED,01_expansion_plan_projects.pdf,6,12,https://psc.ga.gov/search/facts-document/?documentId=221233,2027-06-01,"Rebuild 20 miles of 100C 4/0 ACSR Penguin conductor along the Jesup - Offerman 115kV line, with 100C 795 ACSR Drake conductor.",Steady state,05_steady_state_projects.pdf,79,138,,,,,,
GA,202,2027,10143,LAWRENCEVILLE - WINDER 115KV LINE REBUILD,6/1/2027,GPC,REDACTED,REDACTED,REDACTED,REDACTED,REDACTED,01_expansion_plan_projects.pdf,7,13,https://psc.ga.gov/search/facts-document/?documentId=221233,2027-06-01,Rebuild approximately 1.2 miles of 100C 636 ACSR conductor from Johns Manville to Winder Primary with 200C 795 ACSS conductor.,Steady state,05_steady_state_projects.pdf,80,139,,,,,,
GA,202,2027,10481,LAWRENCEVILLE - WINDER PRIMARY 230KV LINE REBUILD,6/1/2027,GPC,REDACTED,REDACTED,REDACTED,REDACTED,REDACTED,01_expansion_plan_projects.pdf,7,13,https://psc.ga.gov/search/facts-document/?documentId=221233,2027-06-01,"Rebuild the entire Lawrenceville - Winder Primary 230kV line, approximately 15.4 miles, using 200C 1351 ACSS ""Martin"" conductor.",Steady state,05_steady_state_projects.pdf,81,140,,,,,,
GA,215,2027,20264,MEAG: RAY PLACE RD - WARRENTON PRIMARY,6/1/2027,MEAG,REDACTED,REDACTED,REDACTED,REDACTED,REDACTED,01_expansion_plan_projects.pdf,7,13,https://psc.ga.gov/search/facts-document/?documentId=221233,2027-06-01,Rebuild 10 miles of Ray Place - Warrenton Primary 115kV line with 100C 2 - 1351 ACSR conductor and replace 1590 AAC Coreopsis jumpers at Warrenton.,Steady state,05_steady_state_projects.pdf,82,141,,,,,,
GA,214,2027,19248,SANDERSVILLE #1 - WADLEY PRI. 115KV REBUILD/RECONDUCTOR,6/1/2027,GPC,REDACTED,REDACTED,REDACTED,REDACTED,REDACTED,01_expansion_plan_projects.pdf,7,13,https://psc.ga.gov/search/facts-document/?documentId=221233,2027-06-01,Rebuild approximately 24.3 miles of the Sandersville #1 - Wadley Primary 115kV line from 100C 336 ACSR Linnet conductor to 100C 1351 ACSR Drake conductor. Replace limiting elements in substations along the line.,Steady state,05_steady_state_projects.pdf,83,142,,,,,,
GA,219,2027,20785,SAV: GOSHEN (SAV) - KRAFT 115KV LINE REBUILD,6/1/2027,SAV,REDACTED,REDACTED,REDACTED,REDACTED,REDACTED,01_expansion_plan_projects.pdf,7,13,https://psc.ga.gov/search/facts-document/?documentId=221233,2027-06-01,Rebuild 9.3 miles of Goshen - Kraft 115kV line from Kraft - Godley J - Rice Hope from 100C 795 ACSR Drake to 200C 1351 ACSS Martin.,Steady state,05_steady_state_projects.pdf,84,143,,,,,,
GA,219,2027,20065,SAV: GOSHEN (SAV) - MCINTOSH 115KV LINE REBUILD,6/1/2027,SAV,REDACTED,REDACTED,REDACTED,REDACTED,REDACTED,01_expansion_plan_projects.pdf,7,13,https://psc.ga.gov/search/facts-document/?documentId=221233,2027-06-01,"Rebuild the Goshen (Savannah) - Georgia Pacific (Rincon) section, approximately 6.7 miles, of the Goshen (Sav) - McIntosh 115kV line using 100C 795 ACSR Drake conductor.",Steady state,05_steady_state_projects.pdf,85,144,,,,,,
GA,208,2027,20717,CC - TOMOCHICHI 500/230KV SOLUTION (CC NETWORK IMPROVEMENTS),7/15/2027,GPC,REDACTED,REDACTED,REDACTED,REDACTED,REDACTED,01_expansion_plan_projects.pdf,7,13,https://psc.ga.gov/search/facts-document/?documentId=221233,2027-07-15,"Build the new Tomochichi 500/230kV switching station (four element ring bus 500kV high side, four element breaker and a half 230kV low side) splitting the Ohara - Schere 500kV line. Build two new 230kV lines from the new Tomochichi substation to the new Towaliga River 230kV substation.",Steady state,05_steady_state_projects.pdf,86,145,,,,,,
GA,214,2027,18573,GRID - ARKWRIGHT - LLOYD SHOALS 115KV,7/30/2027,GPC,REDACTED,REDACTED,REDACTED,REDACTED,REDACTED,01_expansion_plan_projects.pdf,7,13,https://psc.ga.gov/search/facts-document/?documentId=221233,2027-07-30,Rebuild the Arkwright - Lloyd Shoals 115kV line with 100C 795 ACSR Drake.,Steady state,05_steady_state_projects.pdf,87,146,,,,,,
GA,214,2027,20591,GTC: EATONTON PRIMARY (035591) - LICK CREEK 115KV REBUILD,12/1/2027,GTC,REDACTED,REDACTED,REDACTED,REDACTED,REDACTED,01_expansion_plan_projects.pdf,7,13,https://psc.ga.gov/search/facts-document/?documentId=221233,2027-12-01,Rebuild approximately 7.5 miles Eatonton Primary - Lick Creek 115kV line section with 100C 795 ACSR conductor.,Steady state,05_steady_state_projects.pdf,88,147,,,,,,
GA,212,2027,17977,ATHENA - EAST WATKINSVILLE 115 KV (REBUILD),12/31/2027,GPC,REDACTED,REDACTED,REDACTED,REDACTED,REDACTED,01_expansion_plan_projects.pdf,7,13,https://psc.ga.gov/search/facts-document/?documentId=221233,2027-12-31,Rebuild 8.47 miles of the University of Georgia - East Watkinsville line sections on the Athena - East Watkinsville 115kV line with 100C ACSR 1033 conductor.,Steady state,05_steady_state_projects.pdf,89,148,,,,,,
GA,211,2027,20150,CC - HILL VIEW & GRASSY HOLLOW SUB - CC IMPROVEMENTS,12/31/2027,GPC,REDACTED,REDACTED,REDACTED,REDACTED,REDACTED,01_expansion_plan_projects.pdf,7,13,https://psc.ga.gov/search/facts-document/?documentId=221233,2027-12-31,Build two 230kV switching stations (Hill View and Grassy Hollow) looping into the Cartersville - McGrau Ford 230kV line (8.5 miles apart). Build two new 230kV lines: Cass Pine - Great Valley and Great Valley - Grassy Hollow (total 10.1 miles) with 200C 1351 ACSS Martin.,Steady state,05_steady_state_projects.pdf,90,149,,,,,,
GA,211,2027,20024,DYER ROAD - EAST ROANOKE 115KV (REBUILD),12/31/2027,GPC,REDACTED,REDACTED,REDACTED,REDACTED,REDACTED,01_expansion_plan_projects.pdf,7,13,https://psc.ga.gov/search/facts-document/?documentId=221233,2027-12-31,Rebuild 20.7 miles of 75C 397.5 ACSR conductor with advanced conductor from Dyer Road to Wansley tap on the Dyer Road - East Roanoke (APC) 115kV line.,Steady state,05_steady_state_projects.pdf,91,150,,,,,,
GA,214,2028,19997,AULTMAN ROAD-PERRY 115KV LINE REBUILD,6/1/2028,GPC,REDACTED,REDACTED,REDACTED,REDACTED,REDACTED,01_expansion_plan_projects.pdf,7,13,https://psc.ga.gov/search/facts-document/?documentId=221233,2028-06-01,Rebuild the PPG J2 - Langston Road line section of the Aultman Road - Perry 115kV line from 100C 336 ACSR Linnet conductor to 200C 1351 ACSS conductor.,Steady state,05_steady_state_projects.pdf,92,151,,,,,,
GA,201,2028,20797,CC - EAST VILLA RICA AREA SWITCHING STATION (CC IMPROVEMENT),6/1/2028,GPC,REDACTED,REDACTED,REDACTED,REDACTED,REDACTED,01_expansion_plan_projects.pdf,7,13,https://psc.ga.gov/search/facts-document/?documentId=221233,2028-06-01,Build a 7 rung breaker and a half switching station along the right of way of the (3) 230kV lines about 2.5 miles East of Villa Rica to service recently signed customers in the area. All three lines will terminate into this station.,Steady state,05_steady_state_projects.pdf,93,152,,,,,,
GA,211,2028,20774,CC - VILLA RICA UPGRADES (CC NETWORK IMPROVEMENTS),6/1/2028,GPC,REDACTED,REDACTED,REDACTED,REDACTED,REDACTED,01_expansion_plan_projects.pdf,7,13,https://psc.ga.gov/search/facts-document/?documentId=221233,2028-06-01,Loop in the Bowen - Union City line into Villa Rica 500kV bus and add a second 2016 MVA 500/230kV auto transformer. Convert the 230kV side to a 10 element breaker and a half scheme.,Steady state,05_steady_state_projects.pdf,94,153,,,,,,
GA,214,2028,21048,FITZGERALD - PITTS 115 KV LINE REBUILD,6/1/2028,GPC,REDACTED,REDACTED,REDACTED,REDACTED,REDACTED,01_expansion_plan_projects.pdf,8,14,https://psc.ga.gov/search/facts-document/?documentId=221233,2028-06-01,Rebuild approximately 26.14 miles of the Fitzgerald - Pitts 115kV line with 200C 1351 ACSS.,Steady state,05_steady_state_projects.pdf,95,154,,,,,,
GA,213,2028,08458,GTC: BARNESVILLE - SOUTH GRIFFIN 230KV PROJECT,6/1/2028,GTC,REDACTED,REDACTED,REDACTED,REDACTED,REDACTED,01_expansion_plan_projects.pdf,8,14,https://psc.ga.gov/search/facts-document/?documentId=221233,2028-06-01,"Construct 19 miles of 230kV circuit, on existing ROW, using200C 1351 ACSS conductor from South Griffin 230/115kV substation to the Barnesville 230/69kV substation.",Steady state,05_steady_state_projects.pdf,96,155,,,,,,
GA,216,2028,20503,GTC: BARNEYVILLE - EAST MOULTRIE 115KV NEW LINE,6/1/2028,GTC,REDACTED,REDACTED,REDACTED,REDACTED,REDACTED,01_expansion_plan_projects.pdf,8,14,https://psc.ga.gov/search/facts-document/?documentId=221233,2028-06-01,Build a new 20 miles of 115kV line with 200C 1351 ACSS from Barneyville to East Moultrie. Add 115kV breakers to Barneyville and East Moultrie substations.,Steady state,05_steady_state_projects.pdf,97,156,,,,,,
GA,214,2028,20873,GTC: BONAIRE PRIMARY 500/230KV XFMR REPLCMNT & RELAY MOD,6/1/2028,GTC,REDACTED,REDACTED,REDACTED,REDACTED,REDACTED,01_expansion_plan_projects.pdf,8,14,https://psc.ga.gov/search/facts-document/?documentId=221233,2028-06-01,"Replace 500/230kV, auto transformer C with a new 448 MVA transformer. Replace obsolete relay panels.",Steady state,05_steady_state_projects.pdf,98,157,,,,,,
GA,212,2028,19992,GTC: BOSTWICK - EAST SOCIAL CIRCLE 230KV RECONDUCTOR,6/1/2028,GTC,REDACTED,REDACTED,REDACTED,REDACTED,REDACTED,01_expansion_plan_projects.pdf,8,14,https://psc.ga.gov/search/facts-document/?documentId=221233,2028-06-01,Reconductor 10.8 miles of the East Social Circle - East Watkinsville 230kV line (up to future Bostwick location) from 1033 ACSR Curlew conductor to 1033 ACCR 200C conductor.,Steady state,05_steady_state_projects.pdf,99,158,,,,,,
GA,206,2028,20777,JACK MCDONOUGH - NORTHWEST (BLACK) 230KV RECONDUCTOR,6/1/2028,GPC,REDACTED,REDACTED,REDACTED,REDACTED,REDACTED,01_expansion_plan_projects.pdf,8,14,https://psc.ga.gov/search/facts-document/?documentId=221233,2028-06-01,Rebuild the Jack McDonough - Northwest (Black) 230kV line (4.59 miles) using 200C 1351 Elbrus/TW.,Steady state,05_steady_state_projects.pdf,100,159,,,,,,
GA,216,2028,19629,MEAG: BRUMBLEY CREEK - SOUTH BAINBRIDGE 115KV REBUILD,6/1/2028,MEAG,REDACTED,REDACTED,REDACTED,REDACTED,REDACTED,01_expansion_plan_projects.pdf,8,14,https://psc.ga.gov/search/facts-document/?documentId=221233,2028-06-01,Rebuild 2.1 miles segment from line tap into Roddenbery Station on the South Bainbridge - Thomasville 115kV line from 50C ACSR TW 762.8 to 200C 1351 ACSS conductor.,Steady state,05_steady_state_projects.pdf,101,160,,,,,,
GA,216,2028,19630,MEAG: THOMASVILLE 230/115KV AUTOBANK REPLACEMENT,6/1/2028,MEAG,REDACTED,REDACTED,REDACTED,REDACTED,REDACTED,01_expansion_plan_projects.pdf,8,14,https://psc.ga.gov/search/facts-document/?documentId=221233,2028-06-01,Replace the 140MVA 230/115kV auto transformer #4 at Thomasville substation.,Steady state,05_steady_state_projects.pdf,102,161,,,,,,
GA,213,2028,20482,PITTMAN ROAD - WEST POINT DAM (USA) 115KV REBUILD,6/1/2028,GPC,REDACTED,REDACTED,REDACTED,REDACTED,REDACTED,01_expansion_plan_projects.pdf,8,14,https://psc.ga.gov/search/facts-document/?documentId=221233,2028-06-01,Rebuild 3 miles from the Pittman Road 115kV station to the West Point Dam (USA) 115kV station with 100C 1351 ACSS Martin conductor. Replace AAC 750 jumper at Pittman Road 115kV with (2) 1590 AAC.,Steady state,05_steady_state_projects.pdf,103,162,,,,,,
GA,208,2028,20656,PLANT YATES BREAKER AND HALF STATION,6/1/2028,GPC,REDACTED,REDACTED,REDACTED,REDACTED,REDACTED,01_expansion_plan_projects.pdf,8,14,https://psc.ga.gov/search/facts-document/?documentId=221233,2028-06-01,Rebuild the Yates 6 & 7 substation to a Breaker and a Half configuration.,Steady state,05_steady_state_projects.pdf,104,163,,,,,,
GA,219,2028,20783,SAV: COLEMAN - DEAN FOREST 115KV LINE REBUILD,6/1/2028,SAV,REDACTED,REDACTED,REDACTED,REDACTED,REDACTED,01_expansion_plan_projects.pdf,8,14,https://psc.ga.gov/search/facts-document/?documentId=221233,2028-06-01,Rebuild entire line from Coleman to Dean Forest. 6.67 miles of 100C 477 Hawk Conductor with 200C 1351 ACSS Martin conductor.,Steady state,05_steady_state_projects.pdf,105,164,,,,,,
GA,219,2028,20407,SAV: MAGNOLIA - TRUMAN PARKWAY 115KV REBUILD,6/1/2028,SAV,REDACTED,REDACTED,REDACTED,REDACTED,REDACTED,01_expansion_plan_projects.pdf,8,14,https://psc.ga.gov/search/facts-document/?documentId=221233,2028-06-01,Rebuild 3 miles of the Magnolia - Truman Parkway 115kV from 75C 927 ACAR to 200C 1351 ACSS Martin conductor or higher rated conductor. Upgrade 1200A switches at Magnolia substation to 2000A switches and jumpers at Truman Parkway.,Steady state,05_steady_state_projects.pdf,106,165,,,,,,
GA,201,2028,21069,SMART VALVES AT EAST VILLA RICA SWITCHING STATION,6/1/2028,GPC,REDACTED,REDACTED,REDACTED,REDACTED,REDACTED,01_expansion_plan_projects.pdf,8,14,https://psc.ga.gov/search/facts-document/?documentId=221233,2028-06-01,Installation of Power Flow Controllers at the new East Villa Rica Switching Station on the Douglasville - Villa Rica 230kV and Summer Lake - Villa Rica 230kV lines. The Power Flow Controllers will be removed when GTCs strategic project at Cavender Drive goes in service.,Steady state,05_steady_state_projects.pdf,107,166,,,,,,
GA,214,2028,20768,SOUTH MACON 115KV BUSES 1 & 2 REPLACEMENT,6/1/2028,GPC,REDACTED,REDACTED,REDACTED,REDACTED,REDACTED,01_expansion_plan_projects.pdf,8,14,https://psc.ga.gov/search/facts-document/?documentId=221233,2028-06-01,Replace the 115kV buses 1 and 2 at South Macon with (2) 1590 AAC.,Steady state,05_steady_state_projects.pdf,108,167,,,,,,
GA,208,2028,20274,UNION CITY - YATES 230KV (BLACK) LINE REBUILD,6/1/2028,GPC,REDACTED,REDACTED,REDACTED,REDACTED,REDACTED,01_expansion_plan_projects.pdf,8,14,https://psc.ga.gov/search/facts-document/?documentId=221233,2028-06-01,"Rebuild the Union City - Yates 230kV Black line with bundled 200C 1351 ACSS Martin conductor. Replace limiting elements at Union City, Fairburn #1 and Line Creek substations.",Steady state,05_steady_state_projects.pdf,109,168,,,,,,
GA,213,2028,13166,FIRST AVENUE - NORTH COLUMBUS 115KV LINE REBUILD,12/1/2028,GPC,REDACTED,REDACTED,REDACTED,REDACTED,REDACTED,01_expansion_plan_projects.pdf,8,14,https://psc.ga.gov/search/facts-document/?documentId=221233,2028-12-01,Rebuild the 0.9 miles North Columbus - First Avenue 115kV line (currently 75C 657 ACAR) with 200C 1351 ACSS conductor.,Steady state,05_steady_state_projects.pdf,110,169,,,,,,
GA,214,2028,20586,GTC: NORTH DUBLIN 230/115KV TRANSFORMERS AND BUS-TIE BREAKER,12/1/2028,GTC,REDACTED,REDACTED,REDACTED,REDACTED,REDACTED,01_expansion_plan_projects.pdf,9,15,https://psc.ga.gov/search/facts-document/?documentId=221233,2028-12-01,"Replace 230/115kV auto transformers A & B with (2) new 230/115kV, 400 MVA auto transformers. Replace 230kV bus tie breaker with a new 2000A breaker. Replace 115kV bus tie breaker with a new 2000A breaker.",Steady state,05_steady_state_projects.pdf,111,170,,,,,,
GA,208,2029,21062,ASHLEY PARK-WANSLEY 500KV,6/1/2029,GPC,REDACTED,REDACTED,REDACTED,REDACTED,REDACTED,01_expansion_plan_projects.pdf,9,15,https://psc.ga.gov/search/facts-document/?documentId=221233,2029-06-01,"Construct a 500kV line from Ashley Park to Wansley, approximately 35 miles long.",Steady state,05_steady_state_projects.pdf,112,171,"The construction of the Ashley Park – Wansley 500kV line aims to address the evolving dynamics within the Georgia Integrated Transmission System (ITS), primarily driven by the changes in generation and forecasted load growth. This project involves the construction of a new ~30-mile 500 kV line from Ashley Park to Wansley as shown in Figure 4. Additionally, supplemental projects include Ashley Park Line Termination (GPC) and Wansley Line Termination (MEAG). This project will be done in conjunction with GTC: Tenaska – Wansley 500kV (TEAMS 21123). The decision to undertake this project stems from the necessity to enhance available transmission capacity and mitigate thermal limits resulting from 500 kV contingencies under NERC TPL-001-5. This project will reduce flows and increase available capacity on various circuits, thereby alleviating or reducing thermal constraints on critical circuits under contingency scenarios. This solution is the result of joint planning efforts amongst the GA ITS Participants.",06_strategic_projects.pdf,1,272,5,276
GA,216,2029,10222,BLAKELY PRIMARY - HUCKLEBERRY 115KV REBUILD,6/1/2029,GPC,REDACTED,REDACTED,REDACTED,REDACTED,REDACTED,01_expansion_plan_projects.pdf,9,15,https://psc.ga.gov/search/facts-document/?documentId=221233,2029-06-01,Rebuild the Blakley Primary - Huckleberry 115kV line from 75C 477 ACSR to 200C 1351 ACSS. (13.5 miles) GPC: Replace jumpers at Blakely Primary GTC: Replace jumpers at Blakely and Huckleberry,Steady state,05_steady_state_projects.pdf,113,172,,,,,,
GA,214,2029,21047,BROADWAY - ECHECONNEE 115 KV LINE REBUILD,6/1/2029,GPC,REDACTED,REDACTED,REDACTED,REDACTED,REDACTED,01_expansion_plan_projects.pdf,9,15,https://psc.ga.gov/search/facts-document/?documentId=221233,2029-06-01,Rebuild the Griffin Rd – Echeconnee line section of Broadway - Echeconnee line with 200C 1351 ACSS conductor.,Steady state,05_steady_state_projects.pdf,114,173,,,,,,
GA,213,2029,16887,BUTLER - THOMASTON 230KV LINE CONVERSION,6/1/2029,GPC,REDACTED,REDACTED,REDACTED,REDACTED,REDACTED,01_expansion_plan_projects.pdf,9,15,https://psc.ga.gov/search/facts-document/?documentId=221233,2029-06-01,Rebuild the radial Thomaston - Butler 115kV line to 230kV network operation. Make all necessary upgrades and accommodations at Butler and Thomaston. Convert the Wesley substation from 115kV to 230kV.,Steady state,05_steady_state_projects.pdf,115,174,,,,,,
GA,201,2029,21036,BUZZARD ROOST - FACTORY SHOALS 230KV NEW LINE,6/1/2029,GPC,REDACTED,REDACTED,REDACTED,REDACTED,REDACTED,01_expansion_plan_projects.pdf,9,15,https://psc.ga.gov/search/facts-document/?documentId=221233,2029-06-01,A new 2 mile 230kV line is being built from Buzzard Roost to Factory Shoals with 200C 1351 ACSS Martin conductor.,Steady state,05_steady_state_projects.pdf,116,175,,,,,,
GA,206,2029,21142,CONYERS - KLONDIKE 230 KV SECOND LINE,6/1/2029,GPC,REDACTED,REDACTED,REDACTED,REDACTED,REDACTED,01_expansion_plan_projects.pdf,9,15,https://psc.ga.gov/search/facts-document/?documentId=221233,2029-06-01,Build a new 6.56 mile line from Conyers to Klondike with 200C (2) 1351 ACSS Martin conductor. Build one new 230kV breaker terminal at Conyers and one new 230kV terminal at Klondike.,Steady state,05_steady_state_projects.pdf,117,176,,,,,,
GA,206,2029,21138,GLENWOOD SPRINGS - PORTERDALE PRIMARY 230KV LINE SWITCH REPL,6/1/2029,GPC,REDACTED,REDACTED,REDACTED,REDACTED,REDACTED,01_expansion_plan_projects.pdf,9,15,https://psc.ga.gov/search/facts-document/?documentId=221233,2029-06-01,Replace the 600A line switch at Porterdale Primary on the Glenwood Springs - Porterdale Primary 230kV Line with 1200A switch.,Steady state,05_steady_state_projects.pdf,118,177,,,,,,
GA,213,2029,21112,GTC: BARNESVILLE PRIMARY - THOMASTON 230KV,6/1/2029,GTC,REDACTED,REDACTED,REDACTED,REDACTED,REDACTED,01_expansion_plan_projects.pdf,9,15,https://psc.ga.gov/search/facts-document/?documentId=221233,2029-06-01,Rebuild Barnesville Primary - Thomaston 230kV line (13.24 miles) with 100C 1351 ACSS; Replace 1200A switches at Barnesville Primary & Thomaston with 3000A switch; replace associated jumper at both stations.,Steady state,05_steady_state_projects.pdf,119,178,,,,,,
GA,202,2029,10814,GTC: BAY CREEK 230/115KV SECOND AUTO TRANSFORMER,6/1/2029,GTC,REDACTED,REDACTED,REDACTED,REDACTED,REDACTED,01_expansion_plan_projects.pdf,9,15,https://psc.ga.gov/search/facts-document/?documentId=221233,2029-06-01,"Install a second 230/115kV, 400 MVA auto transformer at the Bay Creek substation.",Steady state,05_steady_state_projects.pdf,120,179,,,,,,
GA,214,2029,21140,GTC: BONAIRE PRIMARY - EASTMAN PRIMARY 115 KV LINE REBUILD,6/1/2029,GTC,REDACTED,REDACTED,REDACTED,REDACTED,REDACTED,01_expansion_plan_projects.pdf,9,15,https://psc.ga.gov/search/facts-document/?documentId=221233,2029-06-01,Rebuild 41.08 miles of the Bonaire Primary - Eastman Primary 115kV Line using 200C 1351ACSS Martin and upgrade the bus at Roddy substation.,Steady state,05_steady_state_projects.pdf,121,180,,,,,,
GA,201,2029,20849,GTC: CLIFTONDALE - LINE CREEK 230KV LINE,6/1/2029,GTC,REDACTED,REDACTED,REDACTED,REDACTED,REDACTED,01_expansion_plan_projects.pdf,9,15,https://psc.ga.gov/search/facts-document/?documentId=221233,2029-06-01,An 11.6 mile 230kV line is being built form Cliftondale to Line Creek with 200C 1351 ACSS Martin.,Steady state,05_steady_state_projects.pdf,122,181,,,,,,
GA,213,2029,19950,GTC: DRESDEN - TALBOT 500KV LINE,6/1/2029,GTC,REDACTED,REDACTED,REDACTED,REDACTED,REDACTED,01_expansion_plan_projects.pdf,9,15,https://psc.ga.gov/search/facts-document/?documentId=221233,2029-06-01,GTC will build a new 500kV line from Talbot to Dresden (75 miles). This project will create a new Talbot 500/230kV substation with a 500/230kV auto transformers. The low side of the auto transformers will connect to the Talbot County #1 and #2 230kV buses.,Steady state,05_steady_state_projects.pdf,123,182,,,,,,
GA,202,2029,20760,GTC: HOPEWELL 230/115 KV BANK A,6/1/2029,GTC,REDACTED,REDACTED,REDACTED,REDACTED,REDACTED,01_expansion_plan_projects.pdf,9,15,https://psc.ga.gov/search/facts-document/?documentId=221233,2029-06-01,Replace the Hopewell 230/115kV auto transformer with a 400 MVA auto transformer.,Steady state,05_steady_state_projects.pdf,124,183,,,,,,
GA,201,2029,21123,GTC: TENASKA - WANSLEY 500KV NEW LINE,6/1/2029,GTC,REDACTED,REDACTED,REDACTED,REDACTED,REDACTED,01_expansion_plan_projects.pdf,9,15,https://psc.ga.gov/search/facts-document/?documentId=221233,2029-06-01,Construct a 5 mile long 500kV line between Tenaska and Wansley. Make all necessary accommodations at the substations for the line termination.,Steady state,05_steady_state_projects.pdf,125,184,,,,,,
GA,206,2029,21141,LLOYD SHOALS - PORTERDALE PRIMARY 115KV REBUILD,6/1/2029,GPC,REDACTED,REDACTED,REDACTED,REDACTED,REDACTED,01_expansion_plan_projects.pdf,9,15,https://psc.ga.gov/search/facts-document/?documentId=221233,2029-06-01,Rebuild 15.8 miles of 50C 397.5 ACSR Ibis with 200C 1351 ACSS Martin from Jackson Lake to Lloyd Shoals and Jackson Lake to South. Covington Junction.,Steady state,05_steady_state_projects.pdf,126,185,,,,,,
GA,216,2029,20285,LOWER RIVER - WEBB (APC) 115KV RECONDUCTOR,6/1/2029,GPC,REDACTED,REDACTED,REDACTED,REDACTED,REDACTED,01_expansion_plan_projects.pdf,9,15,https://psc.ga.gov/search/facts-document/?documentId=221233,2029-06-01,Reconductor 0.97 miles of 100C 636 Grosbeak Lower River - Webb 115kV line with 200C 795 ACSS Drake conductor.,Steady state,05_steady_state_projects.pdf,127,186,,,,,,
GA,212,2029,19621,MCEVER ROAD - SHOAL CREEK 115KV REBUILD,6/1/2029,GPC,REDACTED,REDACTED,REDACTED,REDACTED,REDACTED,01_expansion_plan_projects.pdf,10,16,https://psc.ga.gov/search/facts-document/?documentId=221233,2029-06-01,"Rebuild the 636 ACSR (1 mile) of the McEver Road - College Square section, and 2 - 4/0 copper part (2.05 miles) of the College Square to Lakeside WTP B line section, part of the McEver Road - Shoal Creek 115kV line, using 200C 1351 ACSS conductor.",Steady state,05_steady_state_projects.pdf,128,187,,,,,,
GA,218,2029,20346,MCMANUS - WEST BRUNSWICK 115KV REBUILD,6/1/2029,GPC,REDACTED,REDACTED,REDACTED,REDACTED,REDACTED,01_expansion_plan_projects.pdf,10,16,https://psc.ga.gov/search/facts-document/?documentId=221233,2029-06-01,"Rebuild the McManus - West Brunswick 115kV line, approximately 5.7 miles, with 200C 1351 ACSS Martin conductor.",Steady state,05_steady_state_projects.pdf,129,188,,,,,,
GA,214,2029,17706,MEAG: AULTMAN ROAD - FORT VALLEY #1 115 KV REBUILD,6/1/2029,MEAG,REDACTED,REDACTED,REDACTED,REDACTED,REDACTED,01_expansion_plan_projects.pdf,10,16,https://psc.ga.gov/search/facts-document/?documentId=221233,2029-06-01,Rebuild approximately 8 miles of the Aultman Road - Fort Valley #1 115kV line with 200C 1351 ACSS conductor.,Steady state,05_steady_state_projects.pdf,130,189,,,,,,
GA,216,2029,11051,MEAG: SLAPPEY DRIVE - WESTOVER 115KV LINE REBUILD,6/1/2029,MEAG,REDACTED,REDACTED,REDACTED,REDACTED,REDACTED,01_expansion_plan_projects.pdf,10,16,https://psc.ga.gov/search/facts-document/?documentId=221233,2029-06-01,Rebuild 2.92 miles of 100C sagged 477 ACSR Hawk conductor from Slappey Drive to Albany #9 with 1351 ACSR.,Steady state,05_steady_state_projects.pdf,131,190,,,,,,
GA,202,2029,20757,NORCROSS - NORTH DRUID HILLS 115KV REBUILD,6/1/2029,GPC,REDACTED,REDACTED,REDACTED,REDACTED,REDACTED,01_expansion_plan_projects.pdf,10,16,https://psc.ga.gov/search/facts-document/?documentId=221233,2029-06-01,"Rebuild the Norcross - Norcross Junction (674) segment, approximately 3.9 miles, from 100C 477 ACSR Hawk conductor to 200C 1351 ACSS ""Martin"" conductor.",Steady state,05_steady_state_projects.pdf,132,191,,,,,,
GA,219,2029,21006,SAV: BOULEVARD - MAGNOLIA 115 KV LINE REBUILD,6/1/2029,SAV,REDACTED,REDACTED,REDACTED,REDACTED,REDACTED,01_expansion_plan_projects.pdf,10,16,https://psc.ga.gov/search/facts-document/?documentId=221233,2029-06-01,Rebuild the entire line from Boulevard to Magnolia (4.56 miles) from 100C 795 ACSR Drake to 200C 1351 ACSS Martin,Steady state,05_steady_state_projects.pdf,133,192,,,,,,
GA,219,2029,21023,SAV: DEAN FOREST - LITTLE OGEECHEE 230 KV REBUILD,6/1/2029,SAV,REDACTED,REDACTED,REDACTED,REDACTED,REDACTED,01_expansion_plan_projects.pdf,10,16,https://psc.ga.gov/search/facts-document/?documentId=221233,2029-06-01,"Rebuild the entire line from Little Ogeechee - Salt Creek and Salt Creek - Dean Forest, approximately 8 miles, using 200C 1351 ACSS/Martin. Upgrade jumpers at the Little Ogeechee terminal.",Steady state,05_steady_state_projects.pdf,134,193,,,,,,
GA,219,2029,20989,SAV: RICE HOPE NEW AUTO TRANSFORMER,6/1/2029,SAV,REDACTED,REDACTED,REDACTED,REDACTED,REDACTED,01_expansion_plan_projects.pdf,10,16,https://psc.ga.gov/search/facts-document/?documentId=221233,2029-06-01,Install a new 230/115kV 400MVA auto transformer at Rice Hope and loop in the Crossgate - McIntosh 230kV line.,Steady state,05_steady_state_projects.pdf,135,194,,,,,,
GA,216,2029,13628,SOUTH BAINBRIDGE - SINAI (FPL) 115KV LINE RECONDUCTOR,6/1/2029,GPC,REDACTED,REDACTED,REDACTED,REDACTED,REDACTED,01_expansion_plan_projects.pdf,10,16,https://psc.ga.gov/search/facts-document/?documentId=221233,2029-06-01,Rebuild the Four Mile tap - Recovery - Sinai (FPL) segment of the Sinai (FPL) - South Bainbridge 115kV line from 100C 336.4 ACSR to 200C 1351 ACSS. 9.8 miles in FPL and 13.75 miles in GPC At Recovery (GTC): Replace 100C 336.4 ACSR string bus with higher rating and jumpers with (1) 1590 AAC At Sinai (FPL): Replace 100C 336.4 ACSR string bus with higher rating,Steady state,05_steady_state_projects.pdf,136,195,,,,,,
GA,202,2029,20248,BAY CREEK - CONYERS 230KV REBUILD,12/31/2029,GPC,REDACTED,REDACTED,REDACTED,REDACTED,REDACTED,01_expansion_plan_projects.pdf,10,16,https://psc.ga.gov/search/facts-document/?documentId=221233,2029-12-31,"GPC will rebuild the Bay Creek - Conyers 230kV line, approximately 15.29 miles, using 200C 1351 ACSS ""Martin"" conductor.",Steady state,05_steady_state_projects.pdf,137,196,,,,,,
GA,211,2030,21129,ANNISTON - HAMMOND 230KV LINE,6/1/2030,GPC,REDACTED,REDACTED,REDACTED,REDACTED,REDACTED,01_expansion_plan_projects.pdf,10,16,https://psc.ga.gov/search/facts-document/?documentId=221233,2030-06-01,Rebuild the 28.12 miles section between Hammond and the Goshen tap with 200C 1351 ACSS Martin conductor.,Steady state,05_steady_state_projects.pdf,138,197,,,,,,
GA,201,2030,20764,ATKINSON - NORTHSIDE DRIVE 115KV REBUILD,6/1/2030,GPC,REDACTED,REDACTED,REDACTED,REDACTED,REDACTED,01_expansion_plan_projects.pdf,10,16,https://psc.ga.gov/search/facts-document/?documentId=221233,2030-06-01,"Rebuild a portion of the Atkinson - Northside 115kV line, approximately 3.2 miles from Atkinson to Chattahoochee with 200C 1351 ACSS Martin.",Steady state,05_steady_state_projects.pdf,139,198,,,,,,
GA,201,2030,20761,ATKINSON - NORTHWEST 115KV REBUILD,6/1/2030,GPC,REDACTED,REDACTED,REDACTED,REDACTED,REDACTED,01_expansion_plan_projects.pdf,10,16,https://psc.ga.gov/search/facts-document/?documentId=221233,2030-06-01,Rebuild the 1.2 mile Atkinson - Tilford Yards section of the Atkinson - Northwest 115kV with 200C 1351 ACSS Martin.,Steady state,05_steady_state_projects.pdf,140,199,,,,,,
GA,212,2030,21130,CC - NORTH GEORGIA DATA NETWORK UPGRADES,6/1/2030,GPC,REDACTED,REDACTED,REDACTED,REDACTED,REDACTED,01_expansion_plan_projects.pdf,10,16,https://psc.ga.gov/search/facts-document/?documentId=221233,2030-06-01,Construct approximately 7 miles of 115kV line with minimum 170C 1351 ACSS conductor from Gillsville Tap Junction to Midway. Utilize the existing GPC owned North Jackson - Lawrence Smith 46kV ROW that is to be retired. Disconnect the East Maysville 115kV tap at Midway 115kV and terminate the new Pond Fork - Midway 115kV line.,Steady state,05_steady_state_projects.pdf,141,200,,,,,,
GA,212,2030,10478,CORNELIA - TALLULAH LODGE 115KV REBUILD,6/1/2030,GPC,REDACTED,REDACTED,REDACTED,REDACTED,REDACTED,01_expansion_plan_projects.pdf,10,16,https://psc.ga.gov/search/facts-document/?documentId=221233,2030-06-01,Rebuild approximately 9.7 miles of the Cornelia - Chase Road - Clarksville - Hollywood segments of the Cornelia - Tallulah Lodge 115kV line with 200C 795 ACSS conductor.,Steady state,05_steady_state_projects.pdf,142,201,,,,,,
GA,212,2030,18669,DU: DAWSON CROSSING - NELSON (WHITE) 115 KV REBUILD,6/1/2030,DU,REDACTED,REDACTED,REDACTED,REDACTED,REDACTED,01_expansion_plan_projects.pdf,10,16,https://psc.ga.gov/search/facts-document/?documentId=221233,2030-06-01,Rebuild approximately 15.7 miles of the Dawson Crossing - Etowah - Reavis Mountain - Nelson sections of the Dawson Crossing - Nelson (White) 115kV line with 1351 ACSS conductor. GPC will make any necessary relaying changes at Dawson Crossing.,Steady state,05_steady_state_projects.pdf,143,202,,,,,,
GA,201,2030,21097,EAST POINT - TRIBUTARY 230KV REBUILD,6/1/2030,GPC,REDACTED,REDACTED,REDACTED,REDACTED,REDACTED,01_expansion_plan_projects.pdf,10,16,https://psc.ga.gov/search/facts-document/?documentId=221233,2030-06-01,Rebuild the 2.9 mile section from Cavender Drive to Marietta 25 with 200C 1351 ACSS conductor on the East Point - Tributary 230kV line.,Steady state,05_steady_state_projects.pdf,144,203,,,,,,
GA,208,2030,20480,EAST POINT - UNION CITY 230KV BLACK LINE RECONDUCTOR,6/1/2030,GPC,REDACTED,REDACTED,REDACTED,REDACTED,REDACTED,01_expansion_plan_projects.pdf,11,17,https://psc.ga.gov/search/facts-document/?documentId=221233,2030-06-01,Reconductor the 1.5 mile section from Flat Shoals Road station to the Stonewall Tell loop - in point on the East Point - Union City 230kV Black line with 200C 1351 ACSS Martin conductor. Replace limiting elements at Union City,Steady state,05_steady_state_projects.pdf,145,204,,,,,,
GA,214,2030,19627,ECHECONNEE-WELLSTON 115KV LINE REBUILD,6/1/2030,GPC,REDACTED,REDACTED,REDACTED,REDACTED,REDACTED,01_expansion_plan_projects.pdf,11,17,https://psc.ga.gov/search/facts-document/?documentId=221233,2030-06-01,Rebuild approximately 11.8 miles of the Echeconnee - Wellston 115kV line with 200C 1351 ACSS conductor and the limiting elements along the line with higher ratings. Replace the Bus at North Warner Robins with 1590 AAC.,Steady state,05_steady_state_projects.pdf,146,205,,,,,,
GA,216,2030,21063,FARLEY (APC)-TAZEWELL 500KV,6/1/2030,GPC,REDACTED,REDACTED,REDACTED,REDACTED,REDACTED,01_expansion_plan_projects.pdf,11,17,https://psc.ga.gov/search/facts-document/?documentId=221233,2030-06-01,"Construct a new 500kV line from Farley (APC) to Tazewell substation, approximately 120 miles long. Construct a 5 breaker 500kV ring bus to loop in the Blacksmith - Talbot 500kV line, terminate the new Farley - Tazewell 500kV and Talbot #2 - Tazewell 500kV lines. Install a 500/230kV auto transformer to connect to the existing 230kV switchyard.",Steady state,05_steady_state_projects.pdf,147,206,"The construction of the Farley (APC) – Tazewell 500 kV line aims to address the evolving dynamics within the Georgia Integrated Transmission System (ITS), primarily driven by changes in generation and forecasted load growth. This project involves the construction of a new ~120-mile 500 kV line from Farley (APC) to Tazewell as shown in Figure 8. Additionally, supplemental projects include Farley Line Termination (APC) and expansion of existing Tazewell 230kV station for new 500kV yard. This project will be done in conjunction with the GTC: Talbot #2 – Tazewell 500kV project (TEAMS 21076). The decision to undertake this project stems from the necessity to enhance available transmission capacity and mitigate thermal limits resulting from 500 kV contingencies under NERC TPL-001-5. This project will reduce flows and increase available capacity on various circuits, thereby alleviating or reducing thermal constraints on critical circuits under contingency scenarios. This solution is the result of joint planning efforts amongst the GA ITS Participants.",06_strategic_projects.pdf,6,277,9,280
GA,212,2030,12120,GAINESVILLE #2 - MCEVER ROAD 115 KV REBUILD,6/1/2030,GPC,REDACTED,REDACTED,REDACTED,REDACTED,REDACTED,01_expansion_plan_projects.pdf,11,17,https://psc.ga.gov/search/facts-document/?documentId=221233,2030-06-01,Rebuild approximately 5.3 miles of the Gainesville #2 - McEver Rd 115kV line with 200C 1351 ACSS conductor.,Steady state,05_steady_state_projects.pdf,148,207,,,,,,
GA,214,2030,20298,GLENWOOD SPRINGS - LAKE OCONEE 115KV LINE REBUILD,6/1/2030,GPC,REDACTED,REDACTED,REDACTED,REDACTED,REDACTED,01_expansion_plan_projects.pdf,11,17,https://psc.ga.gov/search/facts-document/?documentId=221233,2030-06-01,Rebuild the North Eatonton Junction - Putnam Sawmill Junction line with 200C 1351 ACSS conductor.,Steady state,05_steady_state_projects.pdf,149,208,,,,,,
GA,213,2030,21128,GOAT ROCK REACTORS INSTALLATION,6/1/2030,GPC,REDACTED,REDACTED,REDACTED,REDACTED,REDACTED,01_expansion_plan_projects.pdf,11,17,https://psc.ga.gov/search/facts-document/?documentId=221233,2030-06-01,Install 1% series reactors on the Fortson - Goat Rock (Black) 230kV and Fortson - Goat Rock (White) 230kV.,Steady state,05_steady_state_projects.pdf,150,209,,,,,,
GA,215,2030,19996,GOLDENS CREEK - WARRENTON PRIMARY 230KV REBUILD,6/1/2030,GPC,REDACTED,REDACTED,REDACTED,REDACTED,REDACTED,01_expansion_plan_projects.pdf,11,17,https://psc.ga.gov/search/facts-document/?documentId=221233,2030-06-01,Rebuild approximately 0.34 miles of the Goldens Creek - Warrenton Primary 230kV line from 100C 1 - 1351.5 ACSR Martin conductor to 200C 1351 ACCR Martin conductor or equivalent.,Steady state,05_steady_state_projects.pdf,151,210,,,,,,
GA,214,2030,20428,GORDON-SANDERSVILLE #1 115KV LINE REBUILD (DEEPSTEP-SAND #6),6/1/2030,GPC,REDACTED,REDACTED,REDACTED,REDACTED,REDACTED,01_expansion_plan_projects.pdf,11,17,https://psc.ga.gov/search/facts-document/?documentId=221233,2030-06-01,"Rebuild the Deepstep - Robins Spring (7.6 miles) Robins Spring - Kaolin J (2.23mi), and Kaolin J - Sandersville #6 (0.66 miles) line sections of the Gordon - Sandersville #1 115kV line. Rebuild a total of 10.49 miles from 100C 336 ACSR to 100C ACSR 795 conductor.",Steady state,05_steady_state_projects.pdf,152,211,,,,,,
GA,215,2030,21116,GOSHEN AREA STRATEGIC SOLUTION,6/1/2030,GPC,REDACTED,REDACTED,REDACTED,REDACTED,REDACTED,01_expansion_plan_projects.pdf,11,17,https://psc.ga.gov/search/facts-document/?documentId=221233,2030-06-01,"Construct a 230kV switching station on the Waynesboro - Wilson 230kV line and a new 230kV line between the switching station and Goshen, approximately 12.3 miles. Provides an alternate power flow path into Goshen outside of the existing constrained Goshen - Vogtle corridor.",Steady state,05_steady_state_projects.pdf,153,212,,,,,,
GA,208,2030,21073,GTC: BIG SMARR - TOMOCHICHI 500KV,6/1/2030,GTC,REDACTED,REDACTED,REDACTED,REDACTED,REDACTED,01_expansion_plan_projects.pdf,11,17,https://psc.ga.gov/search/facts-document/?documentId=221233,2030-06-01,"Construct a 500kV line from Big Smarr to Tomochichi, approximately 36 miles long. Make the necessary modifications at Big Smarr and Tomochichi to add breakers and terminate the line.",Steady state,05_steady_state_projects.pdf,154,213,,,,,,
GA,201,2030,21014,GTC: BUZZARD ROOST - CAVENDER DRIVE 230KV NEW LINE,6/1/2030,GTC,REDACTED,REDACTED,REDACTED,REDACTED,REDACTED,01_expansion_plan_projects.pdf,11,17,https://psc.ga.gov/search/facts-document/?documentId=221233,2030-06-01,GTC is building a new 7 mile 230kV line from Cavender Drive to Buzzard Roost with 200C 1351 ACSS Martin.,Steady state,05_steady_state_projects.pdf,155,214,,,,,,
GA,201,2030,21013,GTC: CAVENDER DRIVE 500/230KV AUTOBANK,6/1/2030,GTC,REDACTED,REDACTED,REDACTED,REDACTED,REDACTED,01_expansion_plan_projects.pdf,11,17,https://psc.ga.gov/search/facts-document/?documentId=221233,2030-06-01,"GTC will turn Cavender Drive into a 500/230kV station looping in the Villa Rica - Union City 500kV line, installing a 2016 MVA auto transformer.",Steady state,05_steady_state_projects.pdf,156,215,,,,,,
GA,212,2030,20375,GTC: EAST WATKINSVILLE 230 KV STATION MODIFICATION,6/1/2030,GTC,REDACTED,REDACTED,REDACTED,REDACTED,REDACTED,01_expansion_plan_projects.pdf,11,17,https://psc.ga.gov/search/facts-document/?documentId=221233,2030-06-01,Replace the 1600A reactors at East Watkinsville on the Russell Dam 230kV line with larger size.,Steady state,05_steady_state_projects.pdf,157,216,,,,,,
GA,212,2030,21111,GTC: HARTWELL DAM - HARTWELL ENERGY 230KV SERIES REACTORS,6/1/2030,GTC,REDACTED,REDACTED,REDACTED,REDACTED,REDACTED,01_expansion_plan_projects.pdf,11,17,https://psc.ga.gov/search/facts-document/?documentId=221233,2030-06-01,GTC: Replace the 1600A series reactors on the Hartwell Dam - Hartwell Energy 230kV line with 3000A.,Interface transfer capability,04_interface_transfer_projects.pdf,3,58,,,,,,
GA,212,2030,21113,GTC: HARTWELL ENERGY - MIDDLE FORK 230KV LINE,6/1/2030,GTC,REDACTED,REDACTED,REDACTED,REDACTED,REDACTED,01_expansion_plan_projects.pdf,11,17,https://psc.ga.gov/search/facts-document/?documentId=221233,2030-06-01,"Construct a new 230kV line, approx. 35 miles, from Hartwell Energy to Middle Fork with 200C (2) 1351 ACSS conductor. GTC: Expand Hartwell Energy 230kV and Middle Fork 230kV as necessary to install breakers to accept new line termination.",Interface transfer capability,04_interface_transfer_projects.pdf,4,59,,,,,,
GA,212,2030,21131,GTC: POND FORK - MIDWAY 115KV LINE,6/1/2030,GTC,REDACTED,REDACTED,REDACTED,REDACTED,REDACTED,01_expansion_plan_projects.pdf,11,17,https://psc.ga.gov/search/facts-document/?documentId=221233,2030-06-01,"GTC: Construct approximately 6 miles of 115kV line with minimum 170C 1351 ACSS conductor from Gillsville Tap Junction to Pond Fork, utilizing the existing GTC owned portion of the North Jackson - Lawrence Smith 46kV ROW. At Pond Fork, install a second 230/115kV 400MVA auto transformer and terminate the Pond Fork - Midway 115kV line.",Steady state,05_steady_state_projects.pdf,158,217,,,,,,
GA,214,2030,21077,GTC: ROCKVILLE - TIGER CREEK -WARTHEN 500KV LINES,6/1/2030,GTC,REDACTED,REDACTED,REDACTED,REDACTED,REDACTED,01_expansion_plan_projects.pdf,12,18,https://psc.ga.gov/search/facts-document/?documentId=221233,2030-06-01,"Build the new 500kV line from Rockville to Tiger Creek and Tiger Creek to Warthen, approximately 20 miles and 9 miles long respectively. Build a 500kV yard at Tiger Creek and install a 500/230kV auto transformer. Make all necessary accommodations at Warthen and Rockville for the new 500kV breakers.",Steady state,05_steady_state_projects.pdf,159,218,,,,,,
GA,216,2030,21076,GTC: TALLBOT #2 - TAZEWELL 500KV LINE,6/1/2030,GTC,REDACTED,REDACTED,REDACTED,REDACTED,REDACTED,01_expansion_plan_projects.pdf,12,18,https://psc.ga.gov/search/facts-document/?documentId=221233,2030-06-01,"Build a new 500kV line from Tazewell to Talbot #2, approximately 20 miles. Make all necessary accommodations at Tazewell and Talbot #2 for the new 500kV breakers and line termination.",Steady state,05_steady_state_projects.pdf,160,219,,,,,,
GA,214,2030,21094,GTC: TIGER CREEK- ROCKVILLE-NORTH SPA 230KV PROJECT,6/1/2030,GTC,REDACTED,REDACTED,REDACTED,REDACTED,REDACTED,01_expansion_plan_projects.pdf,12,18,https://psc.ga.gov/search/facts-document/?documentId=221233,2030-06-01,Build a new 4 - breaker 230kV ring bus at Rockville substation (no auto transformer to be added at this time). Loop in the Eatonton Primary #2 - Wallace Dam 230kV line. Build a new line 230kV line to Tiger Creek. Build a new 230kV line to North Spa.,Steady state,05_steady_state_projects.pdf,161,220,,,,,,
GA,212,2030,20789,JEFFERSON ROAD - WINDER PRIMARY 115KV REBUILD,6/1/2030,GPC,REDACTED,REDACTED,REDACTED,REDACTED,REDACTED,01_expansion_plan_projects.pdf,12,18,https://psc.ga.gov/search/facts-document/?documentId=221233,2030-06-01,Rebuild approximately 11 miles of the Jefferson Road - Russell - Richardson Street Junction segments of the Jefferson Road - Winder Primary 115kV line with 200C 1351 ACSS Martin conductor.,Steady state,05_steady_state_projects.pdf,162,221,,,,,,
GA,216,2030,20284,KETTLE CREEK PRIMARY - PINE GROVE PRIMARY 115KV REBUILD,6/1/2030,GPC,REDACTED,REDACTED,REDACTED,REDACTED,REDACTED,01_expansion_plan_projects.pdf,12,18,https://psc.ga.gov/search/facts-document/?documentId=221233,2030-06-01,Rebuild approximately 38.04 miles of 50C 4/0 ACSR conductor from the Pine Grove to the Pearson tap using 200C 1351 ACSS conductor.,Steady state,05_steady_state_projects.pdf,163,222,,,,,,
GA,215,2030,21118,MEAG: ATHENA - WARRENTON 230KV CONVERSION,6/1/2030,MEAG,REDACTED,REDACTED,REDACTED,REDACTED,REDACTED,01_expansion_plan_projects.pdf,12,18,https://psc.ga.gov/search/facts-document/?documentId=221233,2030-06-01,"Reconductor/rebuild and convert the 115kV lines from Athena - Union Point - Ray Place Road - Warrenton Primary to 230kV operation. Expand Athena 230kV bus for new line termination, construct 230kV bus at Union Point, and expand 230kV bus at Warrenton Primary for new line termination. Install 230/115kV auto transformers at Union Point Primary and Ray Place Road. Replace limiting network equipment at substations along the line.",Steady state,05_steady_state_projects.pdf,164,223,,,,,,
GA,201,2030,20857,NEW CAVENDER DRIVE - TRIBUTARY 230KV LINE,6/1/2030,GPC,REDACTED,REDACTED,REDACTED,REDACTED,REDACTED,01_expansion_plan_projects.pdf,12,18,https://psc.ga.gov/search/facts-document/?documentId=221233,2030-06-01,Build a new 4 mile 230kV line from Cavender Drive to Tributary with 200C 1351 ACSS Martin.,Steady state,05_steady_state_projects.pdf,165,224,,,,,,
GA,214,2030,21093,NORTH SPA 230KV STRATEGIC PROJECT,6/1/2030,GPC,REDACTED,REDACTED,REDACTED,REDACTED,REDACTED,01_expansion_plan_projects.pdf,12,18,https://psc.ga.gov/search/facts-document/?documentId=221233,2030-06-01,This project includes the following scope of work: Build a new 230kV switching station north of Oasis in a ring bus configuration with 4 - breakers. Loop in the East Social Circle - Oasis (White) 230kV line. Build a new 230kV line to Cornish Mountain from North Spa. New 230kV line from Rockville 230kV will terminate in this station.,Steady state,05_steady_state_projects.pdf,166,225,,,,,,
GA,212,2030,19995,TALLULAH LODGE - TOCCOA 115 KV REBUILD,6/1/2030,GPC,REDACTED,REDACTED,REDACTED,REDACTED,REDACTED,01_expansion_plan_projects.pdf,12,18,https://psc.ga.gov/search/facts-document/?documentId=221233,2030-06-01,Rebuild the Tallulah Lodge - Toccoa 115kV Line with 100C 795 ACSR conductor (total of 10.3 miles). Replace limiting elements at Tallulah Lodge and Toccoa.,Steady state,05_steady_state_projects.pdf,167,226,,,,,,
GA,201,2030,21098,TRIBUTARY - THORNTON RD 230KV REBUILD,6/1/2030,GPC,REDACTED,REDACTED,REDACTED,REDACTED,REDACTED,01_expansion_plan_projects.pdf,12,18,https://psc.ga.gov/search/facts-document/?documentId=221233,2030-06-01,Rebuild the 2.8 mile Tributary - Thornton Road 230kV line with 200C 1351 ACSS Martin.,Steady state,05_steady_state_projects.pdf,168,227,,,,,,
GA,213,2030,20160,THOMASTON 230 NEW BUILD SUB,11/1/2030,GPC,REDACTED,REDACTED,REDACTED,REDACTED,REDACTED,01_expansion_plan_projects.pdf,12,18,https://psc.ga.gov/search/facts-document/?documentId=221233,2030-11-01,Replace Thomaston 230/115kV 285MVA auto transformers C and D with 400MVA auto transformers. Install high side breakers to meet the 230kV bus differential standards and redesign 230kV bus to a breaker and a half configuration.,Steady state,05_steady_state_projects.pdf,169,228,,,,,,
GA,216,2030,18848,"BAINBRIDGE TRANSMISSION: EAST RIVER ROAD, EAST BAINBRIDGE",12/31/2030,GPC,REDACTED,REDACTED,REDACTED,REDACTED,REDACTED,01_expansion_plan_projects.pdf,12,18,https://psc.ga.gov/search/facts-document/?documentId=221233,2030-12-31,"This project will construct a new 115kV breaker and a half substation a mile north of the East Bainbridge substation. East Bainbridge will be simplified to a 115kV straight bus with two transmission lines for service to load, a generation interconnection point and a capacitor bank.",Steady state,05_steady_state_projects.pdf,170,229,,,,,,
GA,214,2030,19626,GLENWOOD SPRINGS 115KV CAP BANK,12/31/2030,GPC,REDACTED,REDACTED,REDACTED,REDACTED,REDACTED,01_expansion_plan_projects.pdf,12,18,https://psc.ga.gov/search/facts-document/?documentId=221233,2030-12-31,Install a 115kV two stage 30MVAR capacitor bank at Glenwood Springs substation.,Steady state,05_steady_state_projects.pdf,171,230,,,,,,
GA,208,2031,20690,EAST POINT - UNION CITY (WHITE) 230KV REBUILD,5/1/2031,GPC,REDACTED,REDACTED,REDACTED,REDACTED,REDACTED,01_expansion_plan_projects.pdf,12,18,https://psc.ga.gov/search/facts-document/?documentId=221233,2031-05-01,Rebuild 5.49 miles of 100C 1590.0 ACSR Lapwing with 200C 1351.5 ACSS Martin 230kV line from Welcome All to Union City on the East Point - Union City 230kV line.,Steady state,05_steady_state_projects.pdf,172,231,,,,,,
GA,202,2031,19632,AVERY - HOPEWELL 115KV RECONDUCTOR,6/1/2031,GPC,REDACTED,REDACTED,REDACTED,REDACTED,REDACTED,01_expansion_plan_projects.pdf,12,18,https://psc.ga.gov/search/facts-document/?documentId=221233,2031-06-01,Reconductor the Hopewell to Birmingham line section (approximately 3.3 miles) on the Avery - Hopewell 115kV line with 100C 1033 ACSR conductor. Replace jumper at Birmingham with 1590 AAC jumper.,Steady state,05_steady_state_projects.pdf,173,232,,,,,,
GA,211,2031,10811,BOWEN #10 500/230KV AUTOBANK REPLACEMENT,6/1/2031,GPC,REDACTED,REDACTED,REDACTED,REDACTED,REDACTED,01_expansion_plan_projects.pdf,12,18,https://psc.ga.gov/search/facts-document/?documentId=221233,2031-06-01,Replace the existing Bowen #10 1350 MVA 500/230kV auto transformer with a 2016 MVA 500/230kV auto transformer.,Steady state,05_steady_state_projects.pdf,174,233,,,,,,
GA,215,2031,20756,HATCH - WADLEY 500 KV LINE STRATEGIC PROJECT,6/1/2031,GPC,REDACTED,REDACTED,REDACTED,REDACTED,REDACTED,01_expansion_plan_projects.pdf,12,18,https://psc.ga.gov/search/facts-document/?documentId=221233,2031-06-01,Construct a new 500kV line from Hatch - Wadley Primary.,Steady state,05_steady_state_projects.pdf,175,234,"The construction of the Hatch – Wadley Primary 500 kV Line aims to address the evolving dynamics within the Georgia Integrated Transmission System (ITS), primarily driven by the increasing penetration of renewable generation plants and forecasted load growth. This project involves the construction of a new ~65-mile 500 kV line from Hatch to Wadley Primary as shown in Figure 10. Additionally, supplemental projects include Hatch Line Termination (GPC) and Wadley Primary Line Termination (MEAG). The decision to undertake this project stems from the necessity to enhance available transmission capacity and mitigate potential thermal limits resulting from 500 kV contingencies under solar expansion scenarios. The 2023 ITS solar sensitivity study identified numerous benefits associated with the Hatch – Wadley 500 kV line, including providing an additional high-capacity corridor from South to North for solar penetration level of REDACTED. Furthermore, this project is anticipated to reduce flows and increase available capacity on various circuits, thereby alleviating or reducing thermal constraints on critical circuits under solar expansion scenarios. This solution is the result of joint planning efforts amongst the GA ITS Participants.",06_strategic_projects.pdf,10,281,13,284
GA,214,2031,21099,MEAG: PIO NONO 230/115KV AREA SOLUTION,6/1/2031,MEAG,REDACTED,REDACTED,REDACTED,REDACTED,REDACTED,01_expansion_plan_projects.pdf,13,19,https://psc.ga.gov/search/facts-document/?documentId=221233,2031-06-01,"Build a 4 - breaker 230kV ring bus to terminate lines from Dorsett, South Griffin, and Big Grocery. Install a 400MVA auto transformer and build a 115kV yard to terminate a line from Broadway. Make all necessary modifications to accommodate all the 230kV and 115kV lines terminations.",Steady state,05_steady_state_projects.pdf,176,235,,,,,,
GA,213,2032,21114,MEAG: SOUTH GRIFFIN 230/115KV BANK #5,6/1/2032,MEAG,REDACTED,REDACTED,REDACTED,REDACTED,REDACTED,01_expansion_plan_projects.pdf,13,19,https://psc.ga.gov/search/facts-document/?documentId=221233,2032-06-01,Replace 230/115kV 285MVA auto transformer #5 with 230/115kV 400MVA auto transformer at South Griffin.,Steady state,05_steady_state_projects.pdf,177,236,,,,,,
GA,219,2032,20784,SAV: COLEMAN - MELDRIM 115KV LINE REBUILD,6/1/2032,SAV,REDACTED,REDACTED,REDACTED,REDACTED,REDACTED,01_expansion_plan_projects.pdf,13,19,https://psc.ga.gov/search/facts-document/?documentId=221233,2032-06-01,Rebuild 3 miles of the Coleman - Meldrim 115kV line from Four Lakes to Meldrim with 200C 1351 ACSS.,Steady state,05_steady_state_projects.pdf,178,237,,,,,,
GA,214,2033,20767,ARKWRIGHT BUS AND JUMPER REPLACEMENT,6/1/2033,GPC,REDACTED,REDACTED,REDACTED,REDACTED,REDACTED,01_expansion_plan_projects.pdf,13,19,https://psc.ga.gov/search/facts-document/?documentId=221233,2033-06-01,Replace the 115kV bus at Arkwright with higher rating and replace the jumper on the Arkwright - Forrest Rd (Macon) 115kV line with at least 1590AAC.,Steady state,05_steady_state_projects.pdf,179,238,,,,,,
GA,202,2033,20758,BAY CREEK - CONYERS 230KV LIMITING ELEMENT REPLACEMENT,6/1/2033,GPC,REDACTED,REDACTED,REDACTED,REDACTED,REDACTED,01_expansion_plan_projects.pdf,13,19,https://psc.ga.gov/search/facts-document/?documentId=221233,2033-06-01,"Replace equipment such as jumpers, switches, and traps at the Bay Creek, Rockdale, and Conyers substations with equipment capable of carrying 3000A.",Steady state,05_steady_state_projects.pdf,180,239,,,,,,
GA,215,2033,20793,EVANS PRIMARY - THURMOND DAM (USA) #5 115KV REBUILD,6/1/2033,GPC,REDACTED,REDACTED,REDACTED,REDACTED,REDACTED,01_expansion_plan_projects.pdf,13,19,https://psc.ga.gov/search/facts-document/?documentId=221233,2033-06-01,Rebuild approximately 5.45 miles of Euchee Creek - Thurmond Dam segment of the Evans Primary - Thurmond Dam (USA) #5 115kV line with 200C 1351 ACSS Martin conductor. Replace the main bus with a larger element at Thurmond Dam (USA).,Steady state,05_steady_state_projects.pdf,181,240,,,,,,
GA,215,2033,20794,EVANS PRIMARY - THURMOND DAM (USA) #6 115KV REBUILD,6/1/2033,GPC,REDACTED,REDACTED,REDACTED,REDACTED,REDACTED,01_expansion_plan_projects.pdf,13,19,https://psc.ga.gov/search/facts-document/?documentId=221233,2033-06-01,Rebuild approximately 8.9 miles of the Evans Primary - Thurmond Dam (USA) #6 115kV line with 200C 1351 ACSS Martin conductor. Replace the main bus with a larger element at Thurmond Dam (USA).,Steady state,05_steady_state_projects.pdf,182,241,,,,,,
GA,212,2033,12217,GTC: CENTER PRIMARY - CLARKSBORO 230 KV REBUILD,6/1/2033,GTC,REDACTED,REDACTED,REDACTED,REDACTED,REDACTED,01_expansion_plan_projects.pdf,13,19,https://psc.ga.gov/search/facts-document/?documentId=221233,2033-06-01,GTC to rebuild the Center Primary – Clarksboro Primary 230kV line (approx. 8.3 miles) with 200C 1351 ACSS conductor.,Steady state,05_steady_state_projects.pdf,183,242,,,,,,
GA,212,2033,20773,GTC: CLARKSBORO - WINDER PRIMARY 230KV REBUILD,6/1/2033,GTC,REDACTED,REDACTED,REDACTED,REDACTED,REDACTED,01_expansion_plan_projects.pdf,13,19,https://psc.ga.gov/search/facts-document/?documentId=221233,2033-06-01,Rebuild approximately 14 miles of the Clarksboro - Winder 230kV line with 200C 1351 ACSS conductor.,Steady state,05_steady_state_projects.pdf,184,243,,,,,,
GA,212,2033,12147,GTC: EAST SOCIAL CIRCLE - SNELLVILLE 230KV EQUIPMENT UPGRADE,6/1/2033,GTC,REDACTED,REDACTED,REDACTED,REDACTED,REDACTED,01_expansion_plan_projects.pdf,13,19,https://psc.ga.gov/search/facts-document/?documentId=221233,2033-06-01,"Replace the 1200A switches at Snellville Primary with 3000A. Also, replace the 1200A line trap and switches at East Social Circle with 3000A on the East Social Circle - Snellville 230kV line.",Steady state,05_steady_state_projects.pdf,185,244,,,,,,
GA,212,2033,21075,GTC: EAST WALTON - MIDDLE FORK 500KV,6/1/2033,GTC,REDACTED,REDACTED,REDACTED,REDACTED,REDACTED,01_expansion_plan_projects.pdf,13,19,https://psc.ga.gov/search/facts-document/?documentId=221233,2033-06-01,"Construct a new 500kV line from East Walton to Middle Fork, approximately 45 miles long. Make all necessary accommodations for new 500kV breakers at East Walton and Middle Fork substations.",Steady state,05_steady_state_projects.pdf,186,245,,,,,,
GA,212,2033,20791,GTC: SHOAL CREEK - SOUTH HALL 230KV REBUILD,6/1/2033,GTC,REDACTED,REDACTED,REDACTED,REDACTED,REDACTED,01_expansion_plan_projects.pdf,13,19,https://psc.ga.gov/search/facts-document/?documentId=221233,2033-06-01,"Rebuild approximately 7.9 miles of South Hall - Chestnut Mountain - Spout Springs Road segments of the Shoal Creek - South Hall 230kV line with 200C 1351 ACSS conductor. Also, replace 1 - AAC 1590 jumpers at South Hall with 2 - AAC 1590.",Steady state,05_steady_state_projects.pdf,187,246,,,,,,
GA,212,2033,21053,MCEVER ROAD - SHOAL CREEK 115KV REBUILD PHASE III,6/1/2033,GPC,REDACTED,REDACTED,REDACTED,REDACTED,REDACTED,01_expansion_plan_projects.pdf,13,19,https://psc.ga.gov/search/facts-document/?documentId=221233,2033-06-01,"Rebuild the 2 - 4/0 copper part (approximately 2.9 miles) of the Gainesville Ferry - Lakeside WTP A line section, part of the McEver Road - Shoal Creek 115kV line, using 200C 1351 ACSS conductor.",Steady state,05_steady_state_projects.pdf,188,247,,,,,,
GA,212,2033,09661,MCGRAU FORD - MIDDLE FORK 500KV LINE PROJECT,6/1/2033,GPC,REDACTED,REDACTED,REDACTED,REDACTED,REDACTED,01_expansion_plan_projects.pdf,13,19,https://psc.ga.gov/search/facts-document/?documentId=221233,2033-06-01,Construct a new approximately 64 mile 500kV line from McGrau Ford to Middle Fork.,Steady state,05_steady_state_projects.pdf,189,248,"The construction of the McGrau Ford - Middle Fork 500kV transmission line is intended to address the unprecedented, forecasted load growth and the increase of solar penetration in the state of Georgia. The project builds a new 65 miles of 500kV line from Middle Fork to McGrau Ford as shown in Figure 12. Additionally, supplemental projects include the expansion of the 500kV yard at McGrau Ford (GPC) and the construction of a new 500kV yard at Middle Fork (GTC) for the line termination. This project mitigates multiple thermal constraints under NERC TPL-001-5 and increases capacity in the northeast area of Georgia in addition to improving overall voltage profile of the area under key 500kV contingencies and unit out generation scenarios. Solar sensitivity studies, REDACTED of solar penetration, showed that this new 500kV line increases capacity in transmission elements under solar expansion scenarios improving the transfer capability of generation in the area. This project will be done in conjunction with the GTC: East Walton-Middle Fork 500kV (TEAMS 21075).",06_strategic_projects.pdf,14,285,26,297
GA,219,2033,20796,SAV: MELDRIM BANK D REPLACEMENT,6/1/2033,SAV,REDACTED,REDACTED,REDACTED,REDACTED,REDACTED,01_expansion_plan_projects.pdf,13,19,https://psc.ga.gov/search/facts-document/?documentId=221233,2033-06-01,Replace 300 MVA 230/115kV Bank D with 400 MVA Bank.,Steady state,05_steady_state_projects.pdf,190,249,,,,,,
GA,215,2033,14222,THOMSON PRIMARY 230/115KV SECOND TRANSFORMER,6/1/2033,GPC,REDACTED,REDACTED,REDACTED,REDACTED,REDACTED,01_expansion_plan_projects.pdf,13,19,https://psc.ga.gov/search/facts-document/?documentId=221233,2033-06-01,"Install a second 400 MVA, 230/115kV auto transformer at Thomson Primary substation.",Steady state,05_steady_state_projects.pdf,191,250,,,,,,
GA,202,2033,20759,WINDER PRIMARY 230KV BUS 1-2 PARALLEL BUS-TIE INSTALLATION,6/1/2033,GPC,REDACTED,REDACTED,REDACTED,REDACTED,REDACTED,01_expansion_plan_projects.pdf,14,20,https://psc.ga.gov/search/facts-document/?documentId=221233,2033-06-01,Install a 2nd 230kV bus - tie breaker at the Winder Primary Station.,Steady state,05_steady_state_projects.pdf,192,251,,,,,,
GA,216,2033,10487,PINE GROVE PRIMARY - WEST VALDOSTA 115 KV RECONDUCTOR,12/31/2033,GPC,REDACTED,REDACTED,REDACTED,REDACTED,REDACTED,01_expansion_plan_projects.pdf,14,20,https://psc.ga.gov/search/facts-document/?documentId=221233,2033-12-31,Rebuild 3.7 miles of 100C 4/0 ACSR conductor with 200C 795 ACSS Drake on the Bemis - Pine Grove Primary section of the Pine Grove Primary - West Valdosta 115kV line.,Steady state,05_steady_state_projects.pdf,193,252,,,,,,
GA,212,2034,18700,DAWSON CROSSING - GAINESVILLE #1 115 KV,6/1/2034,GPC,REDACTED,REDACTED,REDACTED,REDACTED,REDACTED,01_expansion_plan_projects.pdf,14,20,https://psc.ga.gov/search/facts-document/?documentId=221233,2034-06-01,"Replace the 500CU main bus at Gainesville #1 115kV with 3"" Sch 40 AL Tube.",Steady state,05_steady_state_projects.pdf,194,253,,,,,,
GA,219,2034,20787,SAV: LITTLE OGEECHEE 230/115KV BANK REPLACEMENT,6/1/2034,SAV,REDACTED,REDACTED,REDACTED,REDACTED,REDACTED,01_expansion_plan_projects.pdf,14,20,https://psc.ga.gov/search/facts-document/?documentId=221233,2034-06-01,Replace SATX 280MVA auto transformer with 400MVA auto transformer.,Steady state,05_steady_state_projects.pdf,195,254,,,,,,
GA,215,2034,17993,EVANS PRIMARY - THOMSON PRIMARY 115KV REBUILD,12/31/2034,GPC,REDACTED,REDACTED,REDACTED,REDACTED,REDACTED,01_expansion_plan_projects.pdf,14,20,https://psc.ga.gov/search/facts-document/?documentId=221233,2034-12-31,"Rebuild the existing 100C 336 ACSR conductor for the Thomson Primary to Pumpkin Center 115kV line section (approximately 5.28 miles), part of the Evans Primary - Thomson Primary 115kV line with 200C 1351 ACSS Martin conductor.",Steady state,05_steady_state_projects.pdf,196,255,,,,,,
