project_key,utility,state,project_id,project_name,description,asset_type,asset_name,endpoint_a,endpoint_b,voltage_kv,circuit,asset_stage,scope_role,scope_notes,scope_source,resolution_requirement,asset_key,expected_length_miles,source_file,source_page,source_pdf_page,source_url,description_source_file,description_pdf_page,action_type,detected_actions,geometry,route_status,route_method,route_file,review_note,anchor_evidence,distance_km,source,segment_feature_ids,source_tags,start_snap_km,end_snap_km,hops,start_osm_node,end_osm_node,osm_way_ids,way_names,operators,unknown_voltage_edge_count,attribution,license,saved_evidence
GA:01_expansion_plan_projects.pdf:1:18492,GPC,GA,18492,MITCHELL - NORTH TIFTON 230KV RECONDUCTOR,Rebuild 35.21 miles of the Mitchell - North Tifton 230kV line from 100C 795 ACSR to 100C 1351 ACSR.,line,Mitchell - North Tifton,Mitchell,North Tifton,230,,existing,work,35.21 miles,description_checked,standard_public_gis,GA:01_expansion_plan_projects.pdf:1:18492:1,35.21,01_expansion_plan_projects.pdf,,1,https://arcgis.netl.doe.gov/server/rest/services/Hosted/Energy_Transition_Atlas_493d6/FeatureServer/18,05_steady_state_projects.pdf,4,other,,"{""type"": ""MultiLineString"", ""coordinates"": [[[-83.54880118677282, 31.47647222399179], [-83.55148770013959, 31.476341199942617], [-83.55148640027738, 31.475347699639308], [-83.55408180021985, 31.4752237999083], [-83.55919289977614, 31.474989500187473], [-83.56382420015602, 31.4748040003299], [-83.56739980041401, 31.47259829969659], [-83.57169200024889, 31.469944199976545], [-83.57540540027483, 31.46769469969803], [-83.57934339978307, 31.46530269987336], [-83.58372150011864, 31.46265379993558], [-83.5864283001395, 31.461035900026186], [-83.58916929992152, 31.45937920032665], [-83.592497699983, 31.4573727998856], [-83.5958977002642, 31.455321300007945], [-83.59953589962277, 31.454586800234054], [-83.60319599990797, 31.453832600338846], [-83.60731009975459, 31.452982699635278], [-83.61199360033733, 31.452013599766214], [-83.61502280032376, 31.451376999807298], [-83.61962179998098, 31.450508299844238], [-83.6236866999978, 31.449726200284655], [-83.6279316996527, 31.44891609991348], [-83.63250489969496, 31.44804829983399], [-83.63700489961798, 31.447190899814768], [-83.64033739959041, 31.446523399704805], [-83.64479029994477, 31.445611899665273], [-83.64895729978186, 31.44478030015562], [-83.6533893996458, 31.443882100109814], [-83.65696370004159, 31.44315689987285], [-83.66112289980705, 31.442311900090377], [-83.66495190043366, 31.441571199929164], [-83.66662545911302, 31.44118306898408], [-83.66938919974646, 31.440542100380846], [-83.6747419003001, 31.4393029003272], [-83.67858650017162, 31.43838030015617], [-83.68403240003767, 31.438721899809398], [-83.68901659998365, 31.439012399752063], [-83.693018200214, 31.439243600350498], [-83.69737939964584, 31.43949850008135], [-83.70240850008469, 31.439794099758025], [-83.706479199625, 31.43993819968293], [-83.71072939962707, 31.440097999705948], [-83.71474729978824, 31.440253699829416], [-83.71849569997428, 31.440393399753454], [-83.72261340026859, 31.440649100337403], [-83.72670689994911, 31.440904800223706], [-83.73194240000258, 31.44123529980229], [-83.73587089982668, 31.441494800291736], [-83.73970900038711, 31.44171630036107], [-83.74448610003255, 31.44201529975413], [-83.74918959980845, 31.44214080001356], [-83.75370279957627, 31.44226259986642], [-83.7582677997966, 31.44248779988355], [-83.7634906003669, 31.44275359984648], [-83.76761859984593, 31.442997299733065], [-83.77296170010412, 31.443316600139752], [-83.77677969996175, 31.443535900161642], [-83.78137530039393, 31.443804800304], [-83.78635649996687, 31.44408929969405], [-83.79216079978352, 31.44424589983265], [-83.79668919994425, 31.444360800159842], [-83.80156889977155, 31.444494099936044], [-83.80687750023127, 31.444624599889117], [-83.81243089969072, 31.444765599995332], [-83.81666250007486, 31.44487000012966], [-83.82071659964703, 31.444971799785996], [-83.82563960006765, 31.445110199778266], [-83.83155099972743, 31.445264200156252], [-83.83626289964955, 31.4453712000857], [-83.84078520024948, 31.44548870014685], [-83.84445249963336, 31.44558540037096], [-83.84847729975425, 31.445685700202436], [-83.85301340027357, 31.445794000203236], [-83.85837399971352, 31.446015900124475], [-83.86277890038728, 31.446181400082764], [-83.86782420014565, 31.4463695998885], [-83.872869599617, 31.446528400317426], [-83.8771274002647, 31.446639099635362], [-83.88059779971807, 31.446731399675617], [-83.8858507998516, 31.446849499635178], [-83.89112549968911, 31.44697130026492], [-83.89569059962245, 31.447045200126247], [-83.90094370036728, 31.447133799720287], [-83.90574240000373, 31.44722610003958], [-83.90984010020654, 31.447303600111205], [-83.91497209996623, 31.44739220022726], [-83.91928179988116, 31.447484500291992], [-83.92402860025038, 31.447562000149873], [-83.92765239961494, 31.447622500360257], [-83.93112719991491, 31.447702900039737], [-83.93469169969093, 31.44777069980736], [-83.93801460026624, 31.447809900249734], [-83.94192180013664, 31.4487783002376], [-83.94588129992287, 31.44975120019154], [-83.94813350030768, 31.449749499658566], [-83.95130959999588, 31.449836300370034], [-83.95632259992989, 31.449863899707147], [-83.96104380011015, 31.449905599872977], [-83.96565089987628, 31.44994629993421], [-83.9705671000502, 31.449528499848398], [-83.97511310000398, 31.449592199842613], [-83.97990750030348, 31.449632799647958], [-83.9839575996777, 31.449632799647958], [-83.9891241998472, 31.449713999972104], [-83.9930247997952, 31.44972810006938], [-83.9955368001467, 31.449717699916352], [-83.99727159967392, 31.44974380030565], [-83.99802440584833, 31.449746811299033], [-84.00249760004324, 31.449764700230396], [-84.00742369965161, 31.44969940021162], [-84.01213869965977, 31.449652399864767], [-84.01564660018302, 31.449615799659888], [-84.02020239985823, 31.44955540036251], [-84.02580250003439, 31.449484499688687], [-84.0306404003532, 31.449431100181283], [-84.03524810019395, 31.449370900016905], [-84.03987529976457, 31.449309000039253], [-84.04421520014101, 31.449263599645878], [-84.04936030003249, 31.4491952997621], [-84.0541560999072, 31.449142399753924], [-84.05887209974028, 31.44908949971588], [-84.06368999996762, 31.449025299715107], [-84.06815170021851, 31.448967199875764], [-84.07248730035968, 31.448904700339472], [-84.0766487000993, 31.448859299750175], [-84.08110739997713, 31.448816700179854], [-84.08569789977513, 31.44805500016261], [-84.0906100997511, 31.44725669972347], [-84.09520880026932, 31.446518399858242], [-84.10000559996897, 31.445739300338058], [-84.10476400028345, 31.44498210006877], [-84.10958830010888, 31.444208000006615], [-84.1141813996313, 31.443426900124418], [-84.1166507003624, 31.44344340000814], [-84.12113049986961, 31.44339790020565], [-84.12581160015391, 31.44335160025598], [-84.1274310003031, 31.443586599931155], [-84.12998040021482, 31.44395620013841], [-84.1323492962466, 31.44395543987114], [-84.13236714127973, 31.44727591418629], [-84.1338733402284, 31.447222376239452]], [[-83.7435260004198, 31.24208799964635], [-83.74319052457697, 31.242491587864944], [-83.7436216431498, 31.24289610291713], [-83.73585943822195, 31.249245840903015], [-83.7267533257813, 31.256673634276382], [-83.71495142936014, 31.2662994927277], [-83.70853103707388, 31.271784282034396], [-83.69931850301815, 31.279090109927452], [-83.69253908196058, 31.284687354260686], [-83.68268440339367, 31.292869909617412], [-83.6716963033648, 31.301868882317642], [-83.66241816714049, 31.30868698486043], [-83.65095136298156, 31.317087145631792], [-83.63312047383667, 31.330321537862364], [-83.63074972817371, 31.332260310617006], [-83.62823991971152, 31.334270094898923], [-83.62729874400856, 31.335031364244212], [-83.62259248909967, 31.338783108044975], [-83.62164378371801, 31.339569030251663], [-83.62013905980304, 31.340823752618057], [-83.61660219400177, 31.343832319266262], [-83.61455599437961, 31.345579883379962], [-83.61197091518146, 31.347718138292812], [-83.61127275622074, 31.34835875203137], [-83.6062691760208, 31.35271809265431], [-83.60392347987955, 31.354943706678156], [-83.59950354140791, 31.358944814118992], [-83.59449077683253, 31.363377451808788], [-83.59092545779295, 31.36655571910643], [-83.58944238866621, 31.36784638682186], [-83.58553520406718, 31.37135290408661], [-83.58411625758373, 31.37263137534669], [-83.58175632404354, 31.374749745886174], [-83.58068664972909, 31.375742156669137], [-83.57868273560399, 31.377513909895978], [-83.57752098037963, 31.37855444030556], [-83.57608745064587, 31.379906167377356], [-83.57373276596188, 31.38192725075243], [-83.5732272650869, 31.382414769665008], [-83.57145315977439, 31.384042947681124], [-83.56529484737901, 31.390732322942938], [-83.56371173108246, 31.39247330469877], [-83.56217122906634, 31.39410486784526], [-83.56081661992354, 31.395522846069486], [-83.55971140376487, 31.396721873121294], [-83.55869895932052, 31.397780821852194], [-83.55701607792516, 31.399625069122205], [-83.55526577976431, 31.401426751063443], [-83.55313743370101, 31.403781519857205], [-83.55102665509138, 31.406027386930145], [-83.54969335668207, 31.407463525209206], [-83.54860066214015, 31.408640618918064], [-83.54850291016587, 31.413760619852336], [-83.54848990974708, 31.414451626914296], [-83.54839491021085, 31.41932260613269], [-83.54837890313078, 31.42023503182597], [-83.54827698027866, 31.42247107236757], [-83.54822707077979, 31.42636491969908], [-83.54819855196448, 31.427356577170723], [-83.54819142023943, 31.428439837005687], [-83.54814149367256, 31.429577890236324], [-83.54794890924869, 31.43739268888823], [-83.54790131380999, 31.440108465306928], [-83.54786433286469, 31.443813357156014], [-83.5477895085914, 31.44740648077099], [-83.54781541241096, 31.44895144663074], [-83.54773369985607, 31.451388599860902], [-83.54771209986505, 31.45410079963669], [-83.54761370020547, 31.456784800212414], [-83.54752149981967, 31.459140199702052], [-83.54747519975159, 31.46145969990151], [-83.54746370041764, 31.46328119962428], [-83.54746660017938, 31.464912900330756], [-83.54662520035504, 31.465558399897], [-83.54663389964024, 31.466718200279338], [-83.54658189976172, 31.468145300247958], [-83.54702109957884, 31.469865600006692], [-83.5474748000013, 31.471916199719313], [-83.54744590030029, 31.47349840025216], [-83.54743009983277, 31.474798399802268], [-83.54740099980745, 31.476080099769938], [-83.54843237624638, 31.476144589976045], [-83.54880118677282, 31.47647222399179]]]}",route_extent_mismatch,public_gis_endpoint_graph,C:\Users\sebas\PycharmProjects\Git\Project_secret_project\data\raw\public_gis\GA\netl_lines_4000.json;C:\Users\sebas\PycharmProjects\Git\Project_secret_project\data\raw\public_gis\GA\netl_lines_2000.json,"35.21 miles; GIS endpoint graph candidate; rounded endpoint connectivity, circuit and source-feature extent need review.; source path 91.00 km versus stated work 56.67 km; not used as project route.","[{""name"": ""Mitchell Substation (230kV)"", ""names"": [""Mitchell Substation (230kV)""], ""state"": ""GA"", ""geometry"": {""type"": ""Polygon"", ""coordinates"": [[[-84.1344139, 31.4476014], [-84.133274, 31.4476037], [-84.1332713, 31.4466403], [-84.1344112, 31.446638], [-84.1344139, 31.4476014]]]}, ""feature_id"": ""way/656743294"", ""kind"": ""substation"", ""voltage"": ""230000;115000"", ""source"": ""osm"", ""source_url"": ""https://www.openstreetmap.org/way/656743294"", ""source_file"": ""C:\\Users\\sebas\\PycharmProjects\\Git\\Project_secret_project\\data\\raw\\osm\\GA\\power_substations_overpass.json"", ""review_required"": false, ""coordinates"": [-84.13384260000001, 31.447120849999997]}, {""name"": ""North Tifton Substation (500kV)"", ""names"": [""North Tifton Substation (500kV)""], ""state"": ""GA"", ""geometry"": {""type"": ""Polygon"", ""coordinates"": [[[-83.5493245, 31.4758726], [-83.5480635, 31.4758317], [-83.5480293, 31.476904], [-83.5474977, 31.4773124], [-83.547482, 31.4777202], [-83.5473841, 31.4802572], [-83.5494736, 31.4803162], [-83.5494736, 31.4802475], [-83.5497924, 31.4802525], [-83.5497853, 31.4803222], [-83.5505855, 31.4803456], [-83.550628, 31.4792535], [-83.5508149, 31.4790655], [-83.5508751, 31.4776797], [-83.5507015, 31.4776793], [-83.5498905, 31.4769535], [-83.5492836, 31.47694], [-83.5493245, 31.4758726]]]}, ""feature_id"": ""way/53154820"", ""kind"": ""substation"", ""voltage"": ""500000"", ""source"": ""osm"", ""source_url"": ""https://www.openstreetmap.org/way/53154820"", ""source_file"": ""C:\\Users\\sebas\\PycharmProjects\\Git\\Project_secret_project\\data\\raw\\osm\\GA\\power_substations_overpass.json"", ""review_required"": false, ""coordinates"": [-83.5491296, 31.47808865]}]",91.0031014227594,public_gis,"['netl/51406', 'netl/27878']","[{'owner': 'GEORGIA POWER CO', 'volt_class': '220-287', 'naics_code': '221121', 'naics_desc': 'ELECTRIC BULK POWER TRANSMISSION AND CONTROL', 'val_method': 'IMAGERY', 'shape__len': 66914.30978395, 'globalid': '141e626a-a9ba-45cb-ba89-e998628940f7', 'source': 'IMAGERY, OpenStreetMap, http://www.psc.state.fl.us/publications/pdf/electricgas/transmissionreport2007.pdf, EIA 861', 'objectid_1': 51406, 'type': 'AC; OVERHEAD', 'sourcedate': 1397088000000, 'voltage': 230, 'val_date': 1571616000000, 'inferred': 'Y', 'sub_2': 'UNKNOWN167586', 'sub_1': 'NORTH TIFTON', 'id': '120125', 'SHAPE__Length': 66914.30990930507, 'objectid': 51406, 'status': 'IN SERVICE'}, {'owner': 'GEORGIA POWER CO', 'volt_class': '220-287', 'naics_code': '221121', 'naics_desc': 'ELECTRIC BULK POWER TRANSMISSION AND CONTROL', 'val_method': 'IMAGERY', 'shape__len': 39835.52386459, 'globalid': '888732a9-3db2-4379-9b3b-d937614549d9', 'source': 'IMAGERY, EIA 861', 'objectid_1': 27878, 'type': 'AC; OVERHEAD', 'sourcedate': 1409616000000, 'voltage': 230, 'val_date': 1493164800000, 'inferred': 'Y', 'sub_2': 'NORTH TIFTON', 'sub_1': 'UNKNOWN111124', 'id': '113651', 'SHAPE__Length': 39835.524009079156, 'objectid': 27878, 'status': 'IN SERVICE'}]",0.011659765679780259,0.18241692343356908,,,,,,,,,,
GA:01_expansion_plan_projects.pdf:1:19676,GPC,GA,19676,ADAMSVILLE - JACK MCDONOUGH 230KV LINE REBUILD,Rebuild the entire 6.1 mile Adamsville - Jack McDonough 230kV line with 160C 1351 ACSS.,line,Adamsville - Jack McDonough,Adamsville,Jack McDonough,230,,existing,work,Entire 6.1 miles,description_checked,standard_public_gis,GA:01_expansion_plan_projects.pdf:1:19676:1,6.1,01_expansion_plan_projects.pdf,,1,https://psc.ga.gov/search/facts-document/?documentId=221233,05_steady_state_projects.pdf,5,rebuild,rebuild,,endpoint_anchor_missing,,,Entire 6.1 miles,"[null, null]",,,,,,,,,,,,,,,,
GA:01_expansion_plan_projects.pdf:1:18800,GPC,GA,18800,ECHECONNEE-WELLSTON 115KV REBUILD,Rebuild the South Warner Robins to Wellston section (1.2 miles) with 100C 1351.5 ACSR Martin conductor.,line,South Warner Robins - Wellston,South Warner Robins,Wellston,115,,existing,work,1.2 mile work section; voltage from title,description_checked,standard_public_gis,GA:01_expansion_plan_projects.pdf:1:18800:1,1.2,01_expansion_plan_projects.pdf,,1,https://psc.ga.gov/search/facts-document/?documentId=221233,05_steady_state_projects.pdf,6,rebuild,rebuild,,endpoint_anchor_missing,,,1.2 mile work section; voltage from title,"[null, null]",,,,,,,,,,,,,,,,
GA:01_expansion_plan_projects.pdf:1:19187,GPC,GA,19187,GRID - BREMEN - CROOKED CREEK (APC) 115 KV PROJECT,"Rebuild from Bremen to Indian Creek Road, on the Bremen - Crooked Creek 115kV line (14 miles), using 795 ACSR conductor at 100C.",line,Bremen - Indian Creek Road,Bremen,Indian Creek Road,115,,existing,work,14 mile section of Bremen-Crooked Creek,description_checked,standard_public_gis,GA:01_expansion_plan_projects.pdf:1:19187:1,14,01_expansion_plan_projects.pdf,,1,https://psc.ga.gov/search/facts-document/?documentId=221233,05_steady_state_projects.pdf,7,other,,,endpoint_anchor_missing,,,14 mile section of Bremen-Crooked Creek,"[{""name"": ""Bremen Primary Substation"", ""names"": [""Bremen Primary Substation""], ""state"": ""GA"", ""geometry"": {""type"": ""Polygon"", ""coordinates"": [[[-85.1428363, 33.7099739], [-85.1426259, 33.7090872], [-85.142682, 33.7089355], [-85.1436288, 33.708778], [-85.1435096, 33.7082704], [-85.1425418, 33.7084338], [-85.1425242, 33.7083667], [-85.1418299, 33.7084834], [-85.1419877, 33.7093293], [-85.1417703, 33.7093701], [-85.1419562, 33.7101373], [-85.1428363, 33.7099739]]]}, ""feature_id"": ""way/9307582"", ""kind"": ""substation"", ""voltage"": ""230000"", ""source"": ""osm"", ""source_url"": ""https://www.openstreetmap.org/way/9307582"", ""source_file"": ""C:\\Users\\sebas\\PycharmProjects\\Git\\Project_secret_project\\data\\raw\\osm\\GA\\power_substations_overpass.json"", ""review_required"": false, ""coordinates"": [-85.14269955, 33.70920385]}, null]",,,,,,,,,,,,,,,,
GA:01_expansion_plan_projects.pdf:1:11821,GPC,GA,11821,JESUP - LUDOWICI PRIMARY 115KV REBUILD,Rebuild approximately 7.5 miles of the Jesup - North Jesup - Rayonier section of the Jesup - Ludowici Primary 115kV line from 100C 336.4 ACSR Linnet conductor to 100C 795 ACSR Drake conductor.,line,Jesup - North Jesup,Jesup,North Jesup,115,,existing,work,First part of 7.5 mile chain,description_checked,standard_public_gis,GA:01_expansion_plan_projects.pdf:1:11821:1,,01_expansion_plan_projects.pdf,,1,https://arcgis.netl.doe.gov/server/rest/services/Hosted/Energy_Transition_Atlas_493d6/FeatureServer/18,05_steady_state_projects.pdf,11,rebuild,rebuild,"{""type"": ""MultiLineString"", ""coordinates"": [[[-81.92473690017151, 31.603156641905606], [-81.92517299990259, 31.60464000003886], [-81.92484999986239, 31.6050909997782], [-81.9192539995972, 31.612902999988723], [-81.91770700006664, 31.61509799999701], [-81.91582999992488, 31.617729000301892], [-81.91510000017891, 31.618752999852713], [-81.91396399965376, 31.62034300013708], [-81.91244300006247, 31.62247199978554], [-81.91161799988194, 31.623627000335556], [-81.91144200015485, 31.62384799995377], [-81.9103550000335, 31.624917999927035], [-81.90758499993917, 31.628797000340438], [-81.90525300041104, 31.628813999855726], [-81.90152544383454, 31.628607888267414], [-81.89899900036991, 31.629218999673455]]]}",review_required,public_gis_endpoint_graph,C:\Users\sebas\PycharmProjects\Git\Project_secret_project\data\raw\public_gis\GA\netl_lines_0.json,"First part of 7.5 mile chain; GIS endpoint graph candidate; rounded endpoint connectivity, circuit and source-feature extent need review.","[{""name"": ""Jesup Substation"", ""names"": [""Jesup Substation""], ""state"": ""GA"", ""geometry"": {""type"": ""Polygon"", ""coordinates"": [[[-81.9254633, 31.6031286], [-81.9252403, 31.6027439], [-81.9244315, 31.603084], [-81.9246544, 31.6034687], [-81.9254633, 31.6031286]]]}, ""feature_id"": ""way/103029795"", ""kind"": ""substation"", ""voltage"": ""115000"", ""source"": ""osm"", ""source_url"": ""https://www.openstreetmap.org/way/103029795"", ""source_file"": ""C:\\Users\\sebas\\PycharmProjects\\Git\\Project_secret_project\\data\\raw\\osm\\GA\\power_substations_overpass.json"", ""review_required"": false, ""coordinates"": [-81.92494740000001, 31.6031063]}, {""name"": ""North Jesup Substation"", ""names"": [""North Jesup Substation""], ""state"": ""GA"", ""geometry"": {""type"": ""Polygon"", ""coordinates"": [[[-81.8992975, 31.6290567], [-81.8988018, 31.6289906], [-81.8987345, 31.6293565], [-81.8992302, 31.6294226], [-81.8992975, 31.6290567]]]}, ""feature_id"": ""way/730172673"", ""kind"": ""substation"", ""voltage"": ""115000"", ""source"": ""osm"", ""source_url"": ""https://www.openstreetmap.org/way/730172673"", ""source_file"": ""C:\\Users\\sebas\\PycharmProjects\\Git\\Project_secret_project\\data\\raw\\osm\\GA\\power_substations_overpass.json"", ""review_required"": false, ""coordinates"": [-81.899016, 31.629206600000003]}]",4.155801277033126,public_gis,['netl/23246'],"[{'owner': 'GEORGIA POWER CO', 'volt_class': '100-161', 'naics_code': '221121', 'naics_desc': 'ELECTRIC BULK POWER TRANSMISSION AND CONTROL', 'val_method': 'IMAGERY', 'shape__len': 4885.70117609, 'globalid': 'e4f6ecaa-69b6-4d73-858b-ae43db1192ad', 'source': 'IMAGERY, OpenStreetMap, EIA 861, EIA 860', 'objectid_1': 23246, 'type': 'AC; OVERHEAD', 'sourcedate': 1397088000000, 'voltage': 115, 'val_date': 1514851200000, 'inferred': 'Y', 'sub_2': 'UNKNOWN111839', 'sub_1': 'UNKNOWN111837', 'id': '107549', 'SHAPE__Length': 4885.7011487552545, 'objectid': 23246, 'status': 'IN SERVICE'}]",0.020706323369210543,0.0021193182338583743,,,,,,,,,,
GA:01_expansion_plan_projects.pdf:1:11821,GPC,GA,11821,JESUP - LUDOWICI PRIMARY 115KV REBUILD,Rebuild approximately 7.5 miles of the Jesup - North Jesup - Rayonier section of the Jesup - Ludowici Primary 115kV line from 100C 336.4 ACSR Linnet conductor to 100C 795 ACSR Drake conductor.,line,North Jesup - Rayonier,North Jesup,Rayonier,115,,existing,work,Second part of 7.5 mile chain,description_checked,standard_public_gis,GA:01_expansion_plan_projects.pdf:1:11821:2,,01_expansion_plan_projects.pdf,,1,https://psc.ga.gov/search/facts-document/?documentId=221233,05_steady_state_projects.pdf,11,rebuild,rebuild,,endpoint_anchor_missing,,,Second part of 7.5 mile chain,"[{""name"": ""North Jesup Substation"", ""names"": [""North Jesup Substation""], ""state"": ""GA"", ""geometry"": {""type"": ""Polygon"", ""coordinates"": [[[-81.8992975, 31.6290567], [-81.8988018, 31.6289906], [-81.8987345, 31.6293565], [-81.8992302, 31.6294226], [-81.8992975, 31.6290567]]]}, ""feature_id"": ""way/730172673"", ""kind"": ""substation"", ""voltage"": ""115000"", ""source"": ""osm"", ""source_url"": ""https://www.openstreetmap.org/way/730172673"", ""source_file"": ""C:\\Users\\sebas\\PycharmProjects\\Git\\Project_secret_project\\data\\raw\\osm\\GA\\power_substations_overpass.json"", ""review_required"": false, ""coordinates"": [-81.899016, 31.629206600000003]}, null]",,,,,,,,,,,,,,,,
GA:01_expansion_plan_projects.pdf:1:20464,GPC,GA,20464,NORCROSS 230KV BUS 1-3 SERIES BUS TIE BREAKER INSTALLATION,Install a bus tie breaker in series with existing bus tie breaker between 230kV Bus 1 and Bus 3 at Norcross.,station,Norcross,,,230,,existing,work,Bus tie equipment,description_checked,standard_public_gis,GA:01_expansion_plan_projects.pdf:1:20464:1,,01_expansion_plan_projects.pdf,,1,https://psc.ga.gov/search/facts-document/?documentId=221233,05_steady_state_projects.pdf,14,other,,"{""type"": ""Polygon"", ""coordinates"": [[[-84.2159964, 33.9338977], [-84.2148853, 33.9342083], [-84.2144275, 33.9340219], [-84.2136241, 33.9341913], [-84.2130894, 33.9338037], [-84.2127869, 33.9330778], [-84.2112692, 33.933499], [-84.2108642, 33.9325176], [-84.2116852, 33.9316499], [-84.2144956, 33.930906], [-84.2147276, 33.9315353], [-84.2152589, 33.9319252], [-84.2153478, 33.9321629], [-84.2159964, 33.9338977]]]}",facility_candidate,exact_facility_name,C:\Users\sebas\PycharmProjects\Git\Project_secret_project\data\raw\osm\GA\power_substations_overpass.json,Bus tie equipment,"[{""name"": ""Norcross Substation"", ""names"": [""Norcross Substation""], ""state"": ""GA"", ""geometry"": {""type"": ""Polygon"", ""coordinates"": [[[-84.2159964, 33.9338977], [-84.2148853, 33.9342083], [-84.2144275, 33.9340219], [-84.2136241, 33.9341913], [-84.2130894, 33.9338037], [-84.2127869, 33.9330778], [-84.2112692, 33.933499], [-84.2108642, 33.9325176], [-84.2116852, 33.9316499], [-84.2144956, 33.930906], [-84.2147276, 33.9315353], [-84.2152589, 33.9319252], [-84.2153478, 33.9321629], [-84.2159964, 33.9338977]]]}, ""feature_id"": ""way/159758307"", ""kind"": ""substation"", ""voltage"": ""500000"", ""source"": ""osm"", ""source_url"": ""https://www.openstreetmap.org/way/159758307"", ""source_file"": ""C:\\Users\\sebas\\PycharmProjects\\Git\\Project_secret_project\\data\\raw\\osm\\GA\\power_substations_overpass.json"", ""review_required"": false, ""coordinates"": [-84.2134303, 33.93255715]}]",,osm,,,,,,,,,,,,,,
GA:01_expansion_plan_projects.pdf:2:19631,GPC,GA,19631,PINE GROVE PRIMARY 115 KV DUAL STAGE CAPACITOR BANK,Install a Dual Stage 30MVAR capacitor bank at Pine Grove Primary.,station,Pine Grove Primary,,,115,,existing,work,Capacitor,description_checked,standard_public_gis,GA:01_expansion_plan_projects.pdf:2:19631:1,,01_expansion_plan_projects.pdf,,2,https://psc.ga.gov/search/facts-document/?documentId=221233,05_steady_state_projects.pdf,15,other,,,facility_not_found_or_ambiguous,,,Capacitor,[],,,,,,,,,,,,,,,,
GA:01_expansion_plan_projects.pdf:2:20466,GPC,GA,20466,SMART VALVE INSTALLATION,Installation of Smart Valve devices inside the Eatonton Primary substation on the Branch - Oasis 230kV and Eatonton Primary - Oasis 230kV lines.,station,Eatonton Primary,,,230,,existing,work,Smart Valves inside station; lines are context,description_checked,standard_public_gis,GA:01_expansion_plan_projects.pdf:2:20466:1,,01_expansion_plan_projects.pdf,,2,https://psc.ga.gov/search/facts-document/?documentId=221233,05_steady_state_projects.pdf,17,other,,"{""type"": ""Polygon"", ""coordinates"": [[[-83.4028408, 33.3048247], [-83.4027443, 33.3047089], [-83.4020452, 33.3051178], [-83.4012033, 33.3043615], [-83.4020599, 33.3038632], [-83.4025028, 33.3043808], [-83.4034224, 33.3038439], [-83.403647, 33.3038737], [-83.4038339, 33.3041089], [-83.4037877, 33.3043019], [-83.4028408, 33.3048247]]]}",facility_candidate,exact_facility_name,C:\Users\sebas\PycharmProjects\Git\Project_secret_project\data\raw\osm\GA\power_substations_overpass.json,Smart Valves inside station; lines are context,"[{""name"": ""Eatonton Substation"", ""names"": [""Eatonton Substation""], ""state"": ""GA"", ""geometry"": {""type"": ""Polygon"", ""coordinates"": [[[-83.4028408, 33.3048247], [-83.4027443, 33.3047089], [-83.4020452, 33.3051178], [-83.4012033, 33.3043615], [-83.4020599, 33.3038632], [-83.4025028, 33.3043808], [-83.4034224, 33.3038439], [-83.403647, 33.3038737], [-83.4038339, 33.3041089], [-83.4037877, 33.3043019], [-83.4028408, 33.3048247]]]}, ""feature_id"": ""way/171527955"", ""kind"": ""substation"", ""voltage"": ""230000;115000"", ""source"": ""osm"", ""source_url"": ""https://www.openstreetmap.org/way/171527955"", ""source_file"": ""C:\\Users\\sebas\\PycharmProjects\\Git\\Project_secret_project\\data\\raw\\osm\\GA\\power_substations_overpass.json"", ""review_required"": false, ""coordinates"": [-83.40251860000001, 33.30448085]}]",,osm,,,,,,,,,,,,,,
GA:01_expansion_plan_projects.pdf:2:21046,GPC,GA,21046,THALMANN AND COLERAIN 23O KV LINE RELAY PANEL UPGRADES,Relay protection modifications at GPC's Thalmann and Colerain substations to match relay scheme used at GTC's new Camden Industrial Park 230/115kV substation.,station,Thalmann,,,230,,existing,work,Relay scheme,description_checked,standard_public_gis,GA:01_expansion_plan_projects.pdf:2:21046:1,,01_expansion_plan_projects.pdf,,2,https://psc.ga.gov/search/facts-document/?documentId=221233,02_stability_projects.pdf,2,other,,"{""type"": ""Polygon"", ""coordinates"": [[[-81.6831656, 31.2918122], [-81.6829596, 31.2917117], [-81.6818673, 31.2911792], [-81.6810847, 31.2923516], [-81.6803591, 31.291998], [-81.6794471, 31.2921813], [-81.6783957, 31.2937215], [-81.6786746, 31.2944825], [-81.6811315, 31.2957385], [-81.6820971, 31.295546], [-81.6824941, 31.2949775], [-81.6822473, 31.2942441], [-81.6817149, 31.2939845], [-81.6831656, 31.2918122]]]}",facility_candidate,exact_facility_name,C:\Users\sebas\PycharmProjects\Git\Project_secret_project\data\raw\osm\GA\power_substations_overpass.json,Relay scheme,"[{""name"": ""Thalmann Substation"", ""names"": [""Thalmann Substation""], ""state"": ""GA"", ""geometry"": {""type"": ""Polygon"", ""coordinates"": [[[-81.6831656, 31.2918122], [-81.6829596, 31.2917117], [-81.6818673, 31.2911792], [-81.6810847, 31.2923516], [-81.6803591, 31.291998], [-81.6794471, 31.2921813], [-81.6783957, 31.2937215], [-81.6786746, 31.2944825], [-81.6811315, 31.2957385], [-81.6820971, 31.295546], [-81.6824941, 31.2949775], [-81.6822473, 31.2942441], [-81.6817149, 31.2939845], [-81.6831656, 31.2918122]]]}, ""feature_id"": ""way/52068570"", ""kind"": ""substation"", ""voltage"": ""500000;230000"", ""source"": ""osm"", ""source_url"": ""https://www.openstreetmap.org/way/52068570"", ""source_file"": ""C:\\Users\\sebas\\PycharmProjects\\Git\\Project_secret_project\\data\\raw\\osm\\GA\\power_substations_overpass.json"", ""review_required"": false, ""coordinates"": [-81.68078065, 31.29345885]}]",,osm,,,,,,,,,,,,,,
GA:01_expansion_plan_projects.pdf:2:21046,GPC,GA,21046,THALMANN AND COLERAIN 23O KV LINE RELAY PANEL UPGRADES,Relay protection modifications at GPC's Thalmann and Colerain substations to match relay scheme used at GTC's new Camden Industrial Park 230/115kV substation.,station,Colerain,,,230,,existing,work,Relay scheme,description_checked,standard_public_gis,GA:01_expansion_plan_projects.pdf:2:21046:2,,01_expansion_plan_projects.pdf,,2,https://psc.ga.gov/search/facts-document/?documentId=221233,02_stability_projects.pdf,2,other,,,facility_not_found_or_ambiguous,,,Relay scheme,[],,,,,,,,,,,,,,,,
GA:01_expansion_plan_projects.pdf:2:20431,GPC,GA,20431,VILLA RICA LOW SIDE BREAKER,Replace a low side breaker at Villa Rica with a 4000A breaker.,station,Villa Rica,,,,,existing,work,Low side breaker,description_checked,standard_public_gis,GA:01_expansion_plan_projects.pdf:2:20431:1,,01_expansion_plan_projects.pdf,,2,https://psc.ga.gov/search/facts-document/?documentId=221233,05_steady_state_projects.pdf,18,other,,"{""type"": ""Polygon"", ""coordinates"": [[[-84.8579112, 33.7422247], [-84.8559315, 33.742564], [-84.8545505, 33.7428002], [-84.8545237, 33.7427918], [-84.8542722, 33.7417902], [-84.8529951, 33.742017], [-84.8529415, 33.7418077], [-84.852007, 33.7420282], [-84.8517646, 33.7413512], [-84.85186, 33.7413298], [-84.852742, 33.7411319], [-84.8526678, 33.7409681], [-84.8540122, 33.7407366], [-84.8537423, 33.739725], [-84.8548046, 33.7395447], [-84.857154, 33.7391418], [-84.8579112, 33.7422247]]]}",facility_candidate,exact_facility_name,C:\Users\sebas\PycharmProjects\Git\Project_secret_project\data\raw\osm\GA\power_substations_overpass.json,Low side breaker,"[{""name"": ""Villa Rica Substation"", ""names"": [""Villa Rica Substation""], ""state"": ""GA"", ""geometry"": {""type"": ""Polygon"", ""coordinates"": [[[-84.8579112, 33.7422247], [-84.8559315, 33.742564], [-84.8545505, 33.7428002], [-84.8545237, 33.7427918], [-84.8542722, 33.7417902], [-84.8529951, 33.742017], [-84.8529415, 33.7418077], [-84.852007, 33.7420282], [-84.8517646, 33.7413512], [-84.85186, 33.7413298], [-84.852742, 33.7411319], [-84.8526678, 33.7409681], [-84.8540122, 33.7407366], [-84.8537423, 33.739725], [-84.8548046, 33.7395447], [-84.857154, 33.7391418], [-84.8579112, 33.7422247]]]}, ""feature_id"": ""way/159758304"", ""kind"": ""substation"", ""voltage"": ""500000;230000;115000;46000"", ""source"": ""osm"", ""source_url"": ""https://www.openstreetmap.org/way/159758304"", ""source_file"": ""C:\\Users\\sebas\\PycharmProjects\\Git\\Project_secret_project\\data\\raw\\osm\\GA\\power_substations_overpass.json"", ""review_required"": false, ""coordinates"": [-84.8548379, 33.740971]}]",,osm,,,,,,,,,,,,,,
GA:01_expansion_plan_projects.pdf:2:20684,GPC,GA,20684,CAMDEN INDUSTRIAL PARK (GPC),This project will loop in GPC's existing Colerain to Thalman 230kV line into GTC's new Camden Industrial Park station. GPC's Kingsland termination at GTC's Kinlaw sub will be relocated to a new 115kV bay position.,line,Colerain - Thalman,Colerain,Thalman,230,,existing,context,Parent line for new loop; exact tie points unknown,description_checked,standard_public_gis,GA:01_expansion_plan_projects.pdf:2:20684:1,,01_expansion_plan_projects.pdf,,2,https://psc.ga.gov/search/facts-document/?documentId=221233,05_steady_state_projects.pdf,19,other,,,parent_corridor_context_only,,,Parent line for new loop; exact tie points unknown,[],,,,,,,,,,,,,,,,
GA:01_expansion_plan_projects.pdf:2:20684,GPC,GA,20684,CAMDEN INDUSTRIAL PARK (GPC),This project will loop in GPC's existing Colerain to Thalman 230kV line into GTC's new Camden Industrial Park station. GPC's Kingsland termination at GTC's Kinlaw sub will be relocated to a new 115kV bay position.,station,Camden Industrial Park,,,230,,proposed,work,New station loop interface,description_checked,standard_public_gis,GA:01_expansion_plan_projects.pdf:2:20684:2,,01_expansion_plan_projects.pdf,,2,https://psc.ga.gov/search/facts-document/?documentId=221233,05_steady_state_projects.pdf,19,other,,,proposed_asset_needs_source,,,New station loop interface,[],,,,,,,,,,,,,,,,
GA:01_expansion_plan_projects.pdf:2:20684,GPC,GA,20684,CAMDEN INDUSTRIAL PARK (GPC),This project will loop in GPC's existing Colerain to Thalman 230kV line into GTC's new Camden Industrial Park station. GPC's Kingsland termination at GTC's Kinlaw sub will be relocated to a new 115kV bay position.,station,Kinlaw,,,115,,existing,work,Relocate Kingsland termination,description_checked,standard_public_gis,GA:01_expansion_plan_projects.pdf:2:20684:3,,01_expansion_plan_projects.pdf,,2,https://psc.ga.gov/search/facts-document/?documentId=221233,05_steady_state_projects.pdf,19,other,,,facility_not_found_or_ambiguous,,,Relocate Kingsland termination,[],,,,,,,,,,,,,,,,
GA:01_expansion_plan_projects.pdf:2:20684,GPC,GA,20684,CAMDEN INDUSTRIAL PARK (GPC),This project will loop in GPC's existing Colerain to Thalman 230kV line into GTC's new Camden Industrial Park station. GPC's Kingsland termination at GTC's Kinlaw sub will be relocated to a new 115kV bay position.,scope_review_needed,Colerain-Thalman loop into Camden Industrial Park,,,230,,uncertain,work,New loop geometry and tie points not specified,description_checked,standard_public_gis,GA:01_expansion_plan_projects.pdf:2:20684:4,,01_expansion_plan_projects.pdf,,2,https://psc.ga.gov/search/facts-document/?documentId=221233,05_steady_state_projects.pdf,19,other,,,scope_review_needed,,,New loop geometry and tie points not specified,[],,,,,,,,,,,,,,,,
GA:01_expansion_plan_projects.pdf:2:18889,GPC,GA,18889,JEFFERSON STREET#3 - NORTHWEST (WHITE) 115 KV RECONDUCTOR,Rebuild the 115kV White line from Northwest to Jefferson Street #3 (1.2 miles) with 200C 1351 ACSS conductor.,line,Northwest - Jefferson Street #3,Northwest,Jefferson Street #3,115,White,existing,work,1.2 miles,description_checked,standard_public_gis,GA:01_expansion_plan_projects.pdf:2:18889:1,1.2,01_expansion_plan_projects.pdf,,2,https://psc.ga.gov/search/facts-document/?documentId=221233,05_steady_state_projects.pdf,21,other,,,endpoint_anchor_missing,,,1.2 miles,"[null, null]",,,,,,,,,,,,,,,,
GA:01_expansion_plan_projects.pdf:2:20326,GPC,GA,20326,ANTHONY SHOALS STATCOM SYSTEM,Install a + 150 / - 150 MVAR turnkey STATCOM system at Anthony Shoals 230kV substation.,station,Anthony Shoals,,,230,,existing,work,STATCOM,description_checked,standard_public_gis,GA:01_expansion_plan_projects.pdf:2:20326:1,,01_expansion_plan_projects.pdf,,2,https://psc.ga.gov/search/facts-document/?documentId=221233,02_stability_projects.pdf,3,other,,"{""type"": ""Polygon"", ""coordinates"": [[[-82.6369748, 34.001903], [-82.6365926, 34.0023522], [-82.6355827, 34.0017617], [-82.6359649, 34.0013125], [-82.6369748, 34.001903]]]}",facility_candidate,exact_facility_name,C:\Users\sebas\PycharmProjects\Git\Project_secret_project\data\raw\osm\GA\power_substations_overpass.json,STATCOM,"[{""name"": ""Anthony Shoals Substation"", ""names"": [""Anthony Shoals Substation""], ""state"": ""GA"", ""geometry"": {""type"": ""Polygon"", ""coordinates"": [[[-82.6369748, 34.001903], [-82.6365926, 34.0023522], [-82.6355827, 34.0017617], [-82.6359649, 34.0013125], [-82.6369748, 34.001903]]]}, ""feature_id"": ""way/171540506"", ""kind"": ""substation"", ""voltage"": ""230000;115000"", ""source"": ""osm"", ""source_url"": ""https://www.openstreetmap.org/way/171540506"", ""source_file"": ""C:\\Users\\sebas\\PycharmProjects\\Git\\Project_secret_project\\data\\raw\\osm\\GA\\power_substations_overpass.json"", ""review_required"": false, ""coordinates"": [-82.63627875, 34.00183235]}]",,osm,,,,,,,,,,,,,,
GA:01_expansion_plan_projects.pdf:2:20152,GPC,GA,20152,CC - CASS PINE- HILL VIEW 230 KV LINE- CC IMPROVEMENTS,Build a new 7.58 mile 200C 1351 ACSS conductor 230kV line between new Cass Pine and Hill View 230kV substations.,line,Cass Pine - Hill View,Cass Pine,Hill View,230,,proposed,work,7.58 mile new line,description_checked,standard_public_gis,GA:01_expansion_plan_projects.pdf:2:20152:1,,01_expansion_plan_projects.pdf,,2,https://psc.ga.gov/search/facts-document/?documentId=221233,05_steady_state_projects.pdf,22,other,,,proposed_asset_needs_source,,,7.58 mile new line,[],,,,,,,,,,,,,,,,
GA:01_expansion_plan_projects.pdf:2:20175,GPC,GA,20175,CC - PROJECT CHRONOS- SK/HYUNDAI,GPC will build a 230/25kV station named Two Run Ranch and loop it into the Cartersville - Pinson 230kV line to serve SK Battery/Hyundai and new load in the area.,station,Two Run Ranch,,,230;25,,proposed,work,New station,description_checked,standard_public_gis,GA:01_expansion_plan_projects.pdf:2:20175:1,,01_expansion_plan_projects.pdf,,2,https://psc.ga.gov/search/facts-document/?documentId=221233,05_steady_state_projects.pdf,23,other,,,proposed_asset_needs_source,,,New station,[],,,,,,,,,,,,,,,,
GA:01_expansion_plan_projects.pdf:2:20175,GPC,GA,20175,CC - PROJECT CHRONOS- SK/HYUNDAI,GPC will build a 230/25kV station named Two Run Ranch and loop it into the Cartersville - Pinson 230kV line to serve SK Battery/Hyundai and new load in the area.,line,Cartersville - Pinson,Cartersville,Pinson,230,,existing,context,Existing parent for loop; not new loop geometry,description_checked,standard_public_gis,GA:01_expansion_plan_projects.pdf:2:20175:2,,01_expansion_plan_projects.pdf,,2,https://psc.ga.gov/search/facts-document/?documentId=221233,05_steady_state_projects.pdf,23,other,,,parent_corridor_context_only,,,Existing parent for loop; not new loop geometry,[],,,,,,,,,,,,,,,,
GA:01_expansion_plan_projects.pdf:2:20175,GPC,GA,20175,CC - PROJECT CHRONOS- SK/HYUNDAI,GPC will build a 230/25kV station named Two Run Ranch and loop it into the Cartersville - Pinson 230kV line to serve SK Battery/Hyundai and new load in the area.,scope_review_needed,Two Run Ranch loop,,,230,,uncertain,work,Tie points unknown,description_checked,standard_public_gis,GA:01_expansion_plan_projects.pdf:2:20175:3,,01_expansion_plan_projects.pdf,,2,https://psc.ga.gov/search/facts-document/?documentId=221233,05_steady_state_projects.pdf,23,other,,,scope_review_needed,,,Tie points unknown,[],,,,,,,,,,,,,,,,
GA:01_expansion_plan_projects.pdf:2:20018,GPC,GA,20018,CC - QTS FAYETTEVILLE TRANSMISSION NEEDS,"Build a new 500/230kV substation (Ashley Park) splitting the Ohara - Union City 500kV line. Install two 500/230kV auto transformers at the Ashley Park station. At Ashley Park, the 500kV side will be a 4 - breaker ring bus, while the 230kV side will be a 2 - rung Breaker and a Half configuration. Build two new 230kV lines (~6 miles each) from Ashley Park to the high side of customer substations. The new lines will be built with bundled 200C 1351 ACSS Martin conductor.",station,Ashley Park,,,500;230,,proposed,work,New station and transformers,description_checked,standard_public_gis,GA:01_expansion_plan_projects.pdf:2:20018:1,,01_expansion_plan_projects.pdf,,2,https://psc.ga.gov/search/facts-document/?documentId=221233,05_steady_state_projects.pdf,26,other,,,proposed_asset_needs_source,,,New station and transformers,[],,,,,,,,,,,,,,,,
GA:01_expansion_plan_projects.pdf:2:20018,GPC,GA,20018,CC - QTS FAYETTEVILLE TRANSMISSION NEEDS,"Build a new 500/230kV substation (Ashley Park) splitting the Ohara - Union City 500kV line. Install two 500/230kV auto transformers at the Ashley Park station. At Ashley Park, the 500kV side will be a 4 - breaker ring bus, while the 230kV side will be a 2 - rung Breaker and a Half configuration. Build two new 230kV lines (~6 miles each) from Ashley Park to the high side of customer substations. The new lines will be built with bundled 200C 1351 ACSS Martin conductor.",line,Ohara - Union City,Ohara,Union City,500,,existing,context,Parent line to split,description_checked,standard_public_gis,GA:01_expansion_plan_projects.pdf:2:20018:2,,01_expansion_plan_projects.pdf,,2,https://psc.ga.gov/search/facts-document/?documentId=221233,05_steady_state_projects.pdf,26,other,,,parent_corridor_context_only,,,Parent line to split,[],,,,,,,,,,,,,,,,
GA:01_expansion_plan_projects.pdf:2:20018,GPC,GA,20018,CC - QTS FAYETTEVILLE TRANSMISSION NEEDS,"Build a new 500/230kV substation (Ashley Park) splitting the Ohara - Union City 500kV line. Install two 500/230kV auto transformers at the Ashley Park station. At Ashley Park, the 500kV side will be a 4 - breaker ring bus, while the 230kV side will be a 2 - rung Breaker and a Half configuration. Build two new 230kV lines (~6 miles each) from Ashley Park to the high side of customer substations. The new lines will be built with bundled 200C 1351 ACSS Martin conductor.",line,Ashley Park - Unnamed customer substation 1,Ashley Park,Unnamed customer substation 1,230,1,proposed,work,New approximately 6 mile line,description_checked,standard_public_gis,GA:01_expansion_plan_projects.pdf:2:20018:3,,01_expansion_plan_projects.pdf,,2,https://psc.ga.gov/search/facts-document/?documentId=221233,05_steady_state_projects.pdf,26,other,,,proposed_asset_needs_source,,,New approximately 6 mile line,[],,,,,,,,,,,,,,,,
GA:01_expansion_plan_projects.pdf:2:20018,GPC,GA,20018,CC - QTS FAYETTEVILLE TRANSMISSION NEEDS,"Build a new 500/230kV substation (Ashley Park) splitting the Ohara - Union City 500kV line. Install two 500/230kV auto transformers at the Ashley Park station. At Ashley Park, the 500kV side will be a 4 - breaker ring bus, while the 230kV side will be a 2 - rung Breaker and a Half configuration. Build two new 230kV lines (~6 miles each) from Ashley Park to the high side of customer substations. The new lines will be built with bundled 200C 1351 ACSS Martin conductor.",line,Ashley Park - Unnamed customer substation 2,Ashley Park,Unnamed customer substation 2,230,2,proposed,work,New approximately 6 mile line,description_checked,standard_public_gis,GA:01_expansion_plan_projects.pdf:2:20018:4,,01_expansion_plan_projects.pdf,,2,https://psc.ga.gov/search/facts-document/?documentId=221233,05_steady_state_projects.pdf,26,other,,,proposed_asset_needs_source,,,New approximately 6 mile line,[],,,,,,,,,,,,,,,,
GA:01_expansion_plan_projects.pdf:3:19597,GPC,GA,19597,ADAMSVILLE - BUZZARD ROOST 230KV REBUILD AND JUMPER UPGRADE,Rebuild the line sections from Adamsville to Boat Rock Road (8.08 miles) on the Adamsville - Buzzard Roost 230kV line with 200C 1351 ACSS Martin conductor. Replace the AAC 750 jumper on the line at Adamsville with (2) 1590 AAC jumper. Replace 1590 AAC jumpers at Bakers Ferry and Boat Rock with (2) 1590 AAC jumpers. Replace 1600A line switches at Boat Rock with 3000A switches.,line,Adamsville - Boat Rock Road,Adamsville,Boat Rock Road,230,,existing,work,8.08 mile section,description_checked,standard_public_gis,GA:01_expansion_plan_projects.pdf:3:19597:1,8.08,01_expansion_plan_projects.pdf,,3,https://psc.ga.gov/search/facts-document/?documentId=221233,05_steady_state_projects.pdf,27,rebuild,rebuild;upgrade,,endpoint_anchor_missing,,,8.08 mile section,"[null, null]",,,,,,,,,,,,,,,,
GA:01_expansion_plan_projects.pdf:3:19597,GPC,GA,19597,ADAMSVILLE - BUZZARD ROOST 230KV REBUILD AND JUMPER UPGRADE,Rebuild the line sections from Adamsville to Boat Rock Road (8.08 miles) on the Adamsville - Buzzard Roost 230kV line with 200C 1351 ACSS Martin conductor. Replace the AAC 750 jumper on the line at Adamsville with (2) 1590 AAC jumper. Replace 1590 AAC jumpers at Bakers Ferry and Boat Rock with (2) 1590 AAC jumpers. Replace 1600A line switches at Boat Rock with 3000A switches.,station,Adamsville,,,230,,existing,work,Jumper,description_checked,standard_public_gis,GA:01_expansion_plan_projects.pdf:3:19597:2,,01_expansion_plan_projects.pdf,,3,https://psc.ga.gov/search/facts-document/?documentId=221233,05_steady_state_projects.pdf,27,rebuild,rebuild;upgrade,,facility_not_found_or_ambiguous,,,Jumper,[],,,,,,,,,,,,,,,,
GA:01_expansion_plan_projects.pdf:3:19597,GPC,GA,19597,ADAMSVILLE - BUZZARD ROOST 230KV REBUILD AND JUMPER UPGRADE,Rebuild the line sections from Adamsville to Boat Rock Road (8.08 miles) on the Adamsville - Buzzard Roost 230kV line with 200C 1351 ACSS Martin conductor. Replace the AAC 750 jumper on the line at Adamsville with (2) 1590 AAC jumper. Replace 1590 AAC jumpers at Bakers Ferry and Boat Rock with (2) 1590 AAC jumpers. Replace 1600A line switches at Boat Rock with 3000A switches.,station,Bakers Ferry,,,230,,existing,work,Jumper,description_checked,standard_public_gis,GA:01_expansion_plan_projects.pdf:3:19597:3,,01_expansion_plan_projects.pdf,,3,https://psc.ga.gov/search/facts-document/?documentId=221233,05_steady_state_projects.pdf,27,rebuild,rebuild;upgrade,,facility_not_found_or_ambiguous,,,Jumper,[],,,,,,,,,,,,,,,,
GA:01_expansion_plan_projects.pdf:3:19597,GPC,GA,19597,ADAMSVILLE - BUZZARD ROOST 230KV REBUILD AND JUMPER UPGRADE,Rebuild the line sections from Adamsville to Boat Rock Road (8.08 miles) on the Adamsville - Buzzard Roost 230kV line with 200C 1351 ACSS Martin conductor. Replace the AAC 750 jumper on the line at Adamsville with (2) 1590 AAC jumper. Replace 1590 AAC jumpers at Bakers Ferry and Boat Rock with (2) 1590 AAC jumpers. Replace 1600A line switches at Boat Rock with 3000A switches.,station,Boat Rock,,,230,,existing,work,Jumpers and switches; Road name variant not silently assumed,description_checked,standard_public_gis,GA:01_expansion_plan_projects.pdf:3:19597:4,,01_expansion_plan_projects.pdf,,3,https://psc.ga.gov/search/facts-document/?documentId=221233,05_steady_state_projects.pdf,27,rebuild,rebuild;upgrade,,facility_not_found_or_ambiguous,,,Jumpers and switches; Road name variant not silently assumed,[],,,,,,,,,,,,,,,,
GA:01_expansion_plan_projects.pdf:3:18960,GPC,GA,18960,BLANKETS CREEK – WOODSTOCK 115KV LINE REBUILD,"Rebuild the entire Blankets Creek - Woodstock 115kV line, approximately 7.1 miles, with 200C 795 ACSS conductor.",line,Blankets Creek - Woodstock,Blankets Creek,Woodstock,115,,existing,work,Entire 7.1 miles,description_checked,standard_public_gis,GA:01_expansion_plan_projects.pdf:3:18960:1,7.1,01_expansion_plan_projects.pdf,,3,https://arcgis.netl.doe.gov/server/rest/services/Hosted/Energy_Transition_Atlas_493d6/FeatureServer/18,05_steady_state_projects.pdf,28,rebuild,rebuild,"{""type"": ""MultiLineString"", ""coordinates"": [[[-84.5086713320507, 34.18351416266052], [-84.50856749938026, 34.183666346963854], [-84.50790437202068, 34.18358376663319], [-84.50812541507275, 34.18234211213178], [-84.50872793310013, 34.18119481805559], [-84.50890975840183, 34.1796493376704], [-84.50828228337924, 34.17826900028412], [-84.50845697785424, 34.17724553003042], [-84.50885271538128, 34.17466467829922], [-84.50900601827442, 34.17398921914034], [-84.50907375663674, 34.17357627229256], [-84.50875100004, 34.173570999947145]], [[-84.50875100004, 34.173570999947145], [-84.50909871273365, 34.173473034893306], [-84.50929836420386, 34.17237281486136], [-84.5096085363018, 34.17036406565862], [-84.5099436635983, 34.1685027591257], [-84.5103893142175, 34.16586854236645], [-84.5105283572538, 34.16523431198508], [-84.51063531156984, 34.16414283422832], [-84.51080287701474, 34.16333159225129], [-84.51006844587948, 34.16062051109559], [-84.50943384092848, 34.15818075880774], [-84.50867445459461, 34.15532199975721], [-84.50805767581213, 34.15304731430159], [-84.5074515932697, 34.150834525799624], [-84.5069310743598, 34.148934432243564], [-84.50613960020398, 34.145862917210955], [-84.50569038596808, 34.144272531159096], [-84.50516986705817, 34.142307373930905], [-84.50486682488864, 34.14085560685003], [-84.5050094333383, 34.13913528883191], [-84.50520195398178, 34.137344115994075], [-84.50548716998283, 34.13496271078438], [-84.50565829904444, 34.13334851134503], [-84.50580447200916, 34.13198807428271], [-84.50593281880538, 34.13055973817639], [-84.50615386095913, 34.12844965325388], [-84.50654246765947, 34.124863863686436], [-84.50677776967005, 34.12287169314981], [-84.50694889962998, 34.1215878252744], [-84.50737315776898, 34.11879866412732], [-84.50648899005229, 34.11885179212079]], [[-84.50648899005229, 34.11885179212079], [-84.50647472929715, 34.11859205602085], [-84.507408810106, 34.11856254021719], [-84.50767263542346, 34.116747317826835], [-84.50801132813336, 34.114799231015965], [-84.50835715166998, 34.11237291375245], [-84.50870654061994, 34.110404064320534], [-84.50900601827442, 34.10849125267288], [-84.50930549413226, 34.106690574856145], [-84.50962992698533, 34.10456218172252], [-84.50996148976682, 34.10264628719358], [-84.51033227119696, 34.100317045043354], [-84.51088844064725, 34.09651749563488], [-84.51124139590888, 34.09459846714708], [-84.51154087176674, 34.09265577408453], [-84.51195087004892, 34.09006348130935], [-84.51238225811635, 34.08737071786726], [-84.51268886480092, 34.085664076067786], [-84.5132379052211, 34.08572017700057], [-84.51345099997954, 34.08526300011252]]]}",review_required,public_gis_endpoint_graph,C:\Users\sebas\PycharmProjects\Git\Project_secret_project\data\raw\public_gis\GA\netl_lines_2000.json;C:\Users\sebas\PycharmProjects\Git\Project_secret_project\data\raw\public_gis\GA\netl_lines_0.json,"Entire 7.1 miles; GIS endpoint graph candidate; rounded endpoint connectivity, circuit and source-feature extent need review.","[{""name"": ""Blankets Creek Substation"", ""names"": [""Blankets Creek Substation""], ""state"": ""GA"", ""geometry"": {""type"": ""Polygon"", ""coordinates"": [[[-84.5084145, 34.185419], [-84.5084083, 34.1860995], [-84.5076101, 34.1860946], [-84.5076162, 34.185414], [-84.5084145, 34.185419]]]}, ""feature_id"": ""way/178249108"", ""kind"": ""substation"", ""voltage"": ""115000"", ""source"": ""osm"", ""source_url"": ""https://www.openstreetmap.org/way/178249108"", ""source_file"": ""C:\\Users\\sebas\\PycharmProjects\\Git\\Project_secret_project\\data\\raw\\osm\\GA\\power_substations_overpass.json"", ""review_required"": false, ""coordinates"": [-84.50801229999999, 34.185756749999996]}, {""name"": ""Woodstock Substation"", ""names"": [""Woodstock Substation""], ""state"": ""GA"", ""geometry"": {""type"": ""Polygon"", ""coordinates"": [[[-84.5139944, 34.0846426], [-84.5137829, 34.0859281], [-84.5137346, 34.0859382], [-84.5134432, 34.0859934], [-84.512917, 34.085934], [-84.5131452, 34.0845468], [-84.5139944, 34.0846426]]]}, ""feature_id"": ""way/177931262"", ""kind"": ""substation"", ""voltage"": ""230000;115000"", ""source"": ""osm"", ""source_url"": ""https://www.openstreetmap.org/way/177931262"", ""source_file"": ""C:\\Users\\sebas\\PycharmProjects\\Git\\Project_secret_project\\data\\raw\\osm\\GA\\power_substations_overpass.json"", ""review_required"": false, ""coordinates"": [-84.51345570000001, 34.0852701]}]",11.440398674692604,public_gis,"['netl/25413', 'netl/31478', 'netl/7691']","[{'owner': 'GEORGIA POWER CO', 'volt_class': '100-161', 'naics_code': '221121', 'naics_desc': 'ELECTRIC BULK POWER TRANSMISSION AND CONTROL', 'val_method': 'IMAGERY', 'shape__len': 1516.3743716, 'globalid': '1a985df2-5f46-4dee-a509-ccc1c74f52bd', 'source': 'IMAGERY, EIA 861, EIA 860', 'objectid_1': 25413, 'type': 'AC; OVERHEAD', 'sourcedate': 1401408000000, 'voltage': 115, 'val_date': 1514937600000, 'inferred': 'Y', 'sub_2': 'UNKNOWN111155', 'sub_1': 'UNKNOWN110862', 'id': '110350', 'SHAPE__Length': 1516.3743009783038, 'objectid': 25413, 'status': 'IN SERVICE'}, {'owner': 'GEORGIA POWER CO', 'volt_class': '100-161', 'naics_code': '221121', 'naics_desc': 'ELECTRIC BULK POWER TRANSMISSION AND CONTROL', 'val_method': 'IMAGERY', 'shape__len': 7592.27525608, 'globalid': 'bf3aef4a-130b-45c7-b8c6-cfb3a4305637', 'source': 'IMAGERY, EIA 861, EIA 860', 'objectid_1': 31478, 'type': 'AC; OVERHEAD', 'sourcedate': 1401408000000, 'voltage': 115, 'val_date': 1514937600000, 'inferred': 'Y', 'sub_2': 'UNKNOWN111157', 'sub_1': 'UNKNOWN111155', 'id': '118429', 'SHAPE__Length': 7592.275172876929, 'objectid': 31478, 'status': 'IN SERVICE'}, {'owner': 'GEORGIA POWER CO', 'volt_class': '100-161', 'naics_code': '221121', 'naics_desc': 'ELECTRIC BULK POWER TRANSMISSION AND CONTROL', 'val_method': 'IMAGERY', 'shape__len': 4728.37177443, 'globalid': 'a98f5cfb-23d6-414c-8415-9210f2b61461', 'source': 'IMAGERY, EIA 861, EIA 860', 'objectid_1': 7691, 'type': 'AC; OVERHEAD', 'sourcedate': 1401408000000, 'voltage': 115, 'val_date': 1514937600000, 'inferred': 'Y', 'sub_2': 'UNKNOWN111158', 'sub_1': 'UNKNOWN111157', 'id': '150893', 'SHAPE__Length': 4728.371802321963, 'objectid': 7691, 'status': 'IN SERVICE'}]",0.23798659422419965,0.0009003407725779422,,,,,,,,,,
GA:01_expansion_plan_projects.pdf:3:20243,GPC,GA,20243,CC - GARRETT ROAD SWITCHING STATION - TRAE LANE,Build the new Garrett Road 230kV switching station (three - element ring bus) splitting the Villa Rica - West Marietta 230kV line. Build a new 230kV line (8.6 miles) from the Trae Lane substation to the Garrett Road switching station with bundled 100C 1351 ACSR conductor.,station,Garrett Road,,,230,,proposed,work,New switching station,description_checked,standard_public_gis,GA:01_expansion_plan_projects.pdf:3:20243:1,,01_expansion_plan_projects.pdf,,3,https://psc.ga.gov/search/facts-document/?documentId=221233,05_steady_state_projects.pdf,29,other,,,proposed_asset_needs_source,,,New switching station,[],,,,,,,,,,,,,,,,
GA:01_expansion_plan_projects.pdf:3:20243,GPC,GA,20243,CC - GARRETT ROAD SWITCHING STATION - TRAE LANE,Build the new Garrett Road 230kV switching station (three - element ring bus) splitting the Villa Rica - West Marietta 230kV line. Build a new 230kV line (8.6 miles) from the Trae Lane substation to the Garrett Road switching station with bundled 100C 1351 ACSR conductor.,line,Villa Rica - West Marietta,Villa Rica,West Marietta,230,,existing,context,Parent line to split,description_checked,standard_public_gis,GA:01_expansion_plan_projects.pdf:3:20243:2,,01_expansion_plan_projects.pdf,,3,https://psc.ga.gov/search/facts-document/?documentId=221233,05_steady_state_projects.pdf,29,other,,,parent_corridor_context_only,,,Parent line to split,[],,,,,,,,,,,,,,,,
GA:01_expansion_plan_projects.pdf:3:20243,GPC,GA,20243,CC - GARRETT ROAD SWITCHING STATION - TRAE LANE,Build the new Garrett Road 230kV switching station (three - element ring bus) splitting the Villa Rica - West Marietta 230kV line. Build a new 230kV line (8.6 miles) from the Trae Lane substation to the Garrett Road switching station with bundled 100C 1351 ACSR conductor.,line,Trae Lane - Garrett Road,Trae Lane,Garrett Road,230,,proposed,work,New 8.6 mile line,description_checked,standard_public_gis,GA:01_expansion_plan_projects.pdf:3:20243:3,,01_expansion_plan_projects.pdf,,3,https://psc.ga.gov/search/facts-document/?documentId=221233,05_steady_state_projects.pdf,29,other,,,proposed_asset_needs_source,,,New 8.6 mile line,[],,,,,,,,,,,,,,,,
GA:01_expansion_plan_projects.pdf:3:20216,GPC,GA,20216,CC - STONEWALL TELL ROAD (TA REALTY),"Build 230kV line segment, using 200C 1351 ACSS Martin conductor, to loop in the Stonewall Tell Road (TA Realty) customer station into the East Point - Union City 230kV Black line.",station,Stonewall Tell Road,,,230,,proposed,work,New customer station,description_checked,standard_public_gis,GA:01_expansion_plan_projects.pdf:3:20216:1,,01_expansion_plan_projects.pdf,,3,https://psc.ga.gov/search/facts-document/?documentId=221233,05_steady_state_projects.pdf,30,other,,,proposed_asset_needs_source,,,New customer station,[],,,,,,,,,,,,,,,,
GA:01_expansion_plan_projects.pdf:3:20216,GPC,GA,20216,CC - STONEWALL TELL ROAD (TA REALTY),"Build 230kV line segment, using 200C 1351 ACSS Martin conductor, to loop in the Stonewall Tell Road (TA Realty) customer station into the East Point - Union City 230kV Black line.",line,East Point - Union City,East Point,Union City,230,Black,existing,context,Parent corridor only,description_checked,standard_public_gis,GA:01_expansion_plan_projects.pdf:3:20216:2,,01_expansion_plan_projects.pdf,,3,https://psc.ga.gov/search/facts-document/?documentId=221233,05_steady_state_projects.pdf,30,other,,,parent_corridor_context_only,,,Parent corridor only,[],,,,,,,,,,,,,,,,
GA:01_expansion_plan_projects.pdf:3:20216,GPC,GA,20216,CC - STONEWALL TELL ROAD (TA REALTY),"Build 230kV line segment, using 200C 1351 ACSS Martin conductor, to loop in the Stonewall Tell Road (TA Realty) customer station into the East Point - Union City 230kV Black line.",scope_review_needed,Stonewall Tell Road loop segment,,,230,,uncertain,work,New loop tie points unknown,description_checked,standard_public_gis,GA:01_expansion_plan_projects.pdf:3:20216:3,,01_expansion_plan_projects.pdf,,3,https://psc.ga.gov/search/facts-document/?documentId=221233,05_steady_state_projects.pdf,30,other,,,scope_review_needed,,,New loop tie points unknown,[],,,,,,,,,,,,,,,,
GA:01_expansion_plan_projects.pdf:3:20491,GPC,GA,20491,EAST POINT RELAY MODERNIZATION,"Upgrade protection on 230kV buses, 115kV buses, and 230/115kV auto transformer at the East Point station. Add adequate monitoring on DC supply.",station,East Point,,,230;115,,existing,work,Relay modernization,description_checked,standard_public_gis,GA:01_expansion_plan_projects.pdf:3:20491:1,,01_expansion_plan_projects.pdf,,3,https://psc.ga.gov/search/facts-document/?documentId=221233,02_stability_projects.pdf,5,other,,"{""type"": ""Polygon"", ""coordinates"": [[[-84.4623344, 33.6753225], [-84.4623393, 33.675518], [-84.4622299, 33.6756316], [-84.4620552, 33.6755139], [-84.4622655, 33.6752744], [-84.4623344, 33.6753225]]]}",facility_candidate,exact_facility_name,C:\Users\sebas\PycharmProjects\Git\Project_secret_project\data\raw\osm\GA\power_substations_overpass.json,Relay modernization,"[{""name"": ""East Point 12kV Switching Station"", ""names"": [""East Point 12kV Switching Station""], ""state"": ""GA"", ""geometry"": {""type"": ""Polygon"", ""coordinates"": [[[-84.4623344, 33.6753225], [-84.4623393, 33.675518], [-84.4622299, 33.6756316], [-84.4620552, 33.6755139], [-84.4622655, 33.6752744], [-84.4623344, 33.6753225]]]}, ""feature_id"": ""way/171173865"", ""kind"": ""substation"", ""voltage"": ""12000"", ""source"": ""osm"", ""source_url"": ""https://www.openstreetmap.org/way/171173865"", ""source_file"": ""C:\\Users\\sebas\\PycharmProjects\\Git\\Project_secret_project\\data\\raw\\osm\\GA\\power_substations_overpass.json"", ""review_required"": false, ""coordinates"": [-84.46219725, 33.675453000000005]}]",,osm,,,,,,,,,,,,,,
GA:01_expansion_plan_projects.pdf:3:16007,GPC,GA,16007,FENWICK STREET - SAND BAR FERRY 115KV (RECONDUCTOR/REBUILD),Reconductor approximately 2.72 miles of transmission line from Fenwick St to East Augusta Jct. with 100C 1351 ACSR conductor.,line,Fenwick Street - East Augusta Junction,Fenwick Street,East Augusta Junction,115,,existing,work,2.72 mile section; St and Jct expanded,description_checked,standard_public_gis,GA:01_expansion_plan_projects.pdf:3:16007:1,2.72,01_expansion_plan_projects.pdf,,3,https://psc.ga.gov/search/facts-document/?documentId=221233,05_steady_state_projects.pdf,32,rebuild,rebuild,,endpoint_anchor_missing,,,2.72 mile section; St and Jct expanded,"[null, null]",,,,,,,,,,,,,,,,
GA:01_expansion_plan_projects.pdf:3:20516,GPC,GA,20516,"GOAT ROCK 230KV SWITCH, JUMPER, & LINE TRAP REPLACEMENT","Replace the 230kV 1200A switch with 3000A, 90C 1351.5 ACSR Martin jumper with (2) AAC 1590, and 1600A line trap with 3000A (part of the Goat Rock - North Opelika 230kV line at Goat Rock substation.",station,Goat Rock,,,230,,existing,work,Switch jumper and trap; North Opelika line is context,description_checked,standard_public_gis,GA:01_expansion_plan_projects.pdf:3:20516:1,,01_expansion_plan_projects.pdf,,3,https://psc.ga.gov/search/facts-document/?documentId=221233,05_steady_state_projects.pdf,33,other,,,facility_not_found_or_ambiguous,,,Switch jumper and trap; North Opelika line is context,[],,,,,,,,,,,,,,,,
GA:01_expansion_plan_projects.pdf:3:19618,GPC,GA,19618,GORDON-N DUBLIN 115KV (GORDON-ENGL MCI J) REBUILD,Rebuild the Gordon - Engelhard McIntyre J of the Gordon - North Dublin 115kV line from 100C 336.4 ACSR (2.81 miles) Linnet and 75C 4/0 F Copper/CW (3.18 miles) to 200C ACSS 795 conductor.,line,Gordon - Engelhard McIntyre J,Gordon,Engelhard McIntyre J,115,,existing,work,2.81 and 3.18 mile conductor portions of same section,description_checked,standard_public_gis,GA:01_expansion_plan_projects.pdf:3:19618:1,5.99,01_expansion_plan_projects.pdf,,3,https://psc.ga.gov/search/facts-document/?documentId=221233,05_steady_state_projects.pdf,34,rebuild,rebuild,,endpoint_anchor_missing,,,2.81 and 3.18 mile conductor portions of same section,"[null, null]",,,,,,,,,,,,,,,,
GA:01_expansion_plan_projects.pdf:3:21139,GPC,GA,21139,GRADY - MORROW (WHITE) 115KV REBUILD,Replace 0.72 miles of conductor from Moreland Way to Morrow including the bus and jumper at Moreland Way with 1351.5 Martin/ACSS 54/19 conductor.,line,Moreland Way - Morrow,Moreland Way,Morrow,115,White,existing,work,0.72 miles; voltage and circuit from title,description_checked,standard_public_gis,GA:01_expansion_plan_projects.pdf:3:21139:1,0.72,01_expansion_plan_projects.pdf,,3,https://psc.ga.gov/search/facts-document/?documentId=221233,05_steady_state_projects.pdf,35,rebuild,rebuild,,endpoint_anchor_missing,,,0.72 miles; voltage and circuit from title,"[null, {""name"": ""Morrow Substation"", ""names"": [""Morrow Substation""], ""state"": ""GA"", ""geometry"": {""type"": ""Polygon"", ""coordinates"": [[[-84.3343711, 33.6057798], [-84.3343556, 33.6065083], [-84.33404, 33.6065097], [-84.3340367, 33.6064203], [-84.3334005, 33.6064244], [-84.3333955, 33.6064602], [-84.3331427, 33.6064505], [-84.333146, 33.6064203], [-84.3329295, 33.6064166], [-84.3326585, 33.606412], [-84.3325522, 33.6063188], [-84.3325598, 33.6053536], [-84.3338173, 33.6053522], [-84.3338157, 33.6056852], [-84.3339428, 33.6057889], [-84.3343711, 33.6057798]]]}, ""feature_id"": ""way/171479107"", ""kind"": ""substation"", ""voltage"": ""230000"", ""source"": ""osm"", ""source_url"": ""https://www.openstreetmap.org/way/171479107"", ""source_file"": ""C:\\Users\\sebas\\PycharmProjects\\Git\\Project_secret_project\\data\\raw\\osm\\GA\\power_substations_overpass.json"", ""review_required"": false, ""coordinates"": [-84.33346165, 33.60593095]}]",,,,,,,,,,,,,,,,
GA:01_expansion_plan_projects.pdf:3:21139,GPC,GA,21139,GRADY - MORROW (WHITE) 115KV REBUILD,Replace 0.72 miles of conductor from Moreland Way to Morrow including the bus and jumper at Moreland Way with 1351.5 Martin/ACSS 54/19 conductor.,station,Moreland Way,,,115,,existing,work,Bus and jumper,description_checked,standard_public_gis,GA:01_expansion_plan_projects.pdf:3:21139:2,,01_expansion_plan_projects.pdf,,3,https://psc.ga.gov/search/facts-document/?documentId=221233,05_steady_state_projects.pdf,35,rebuild,rebuild,,facility_not_found_or_ambiguous,,,Bus and jumper,[],,,,,,,,,,,,,,,,
GA:01_expansion_plan_projects.pdf:3:20474,GPC,GA,20474,GRADY 230/115KV RELAY MODERNIZATION,"Upgrade protection on 230kV bus, all 115kV buses, and both 230/115kV auto transformers at Grady. Add adequate monitoring on DC supply. Install a 230kV breaker and associated switches on the high side of Grady 230/115kV auto transformer D.",station,Grady,,,230;115,,existing,work,Protection and transformer D breaker,description_checked,standard_public_gis,GA:01_expansion_plan_projects.pdf:3:20474:1,,01_expansion_plan_projects.pdf,,3,https://psc.ga.gov/search/facts-document/?documentId=221233,02_stability_projects.pdf,6,other,,,facility_not_found_or_ambiguous,,,Protection and transformer D breaker,[],,,,,,,,,,,,,,,,
GA:01_expansion_plan_projects.pdf:3:19706,GPC,GA,19706,GRID - GAINESVILLE #2 EQUIPMENT REPLACEMENT,GPC: Replace the two 230/115kV auto transformers (Bank C and D) at Gainesville #2 with 400MVA. Project was originally maintenance driven but now compliance driven.,station,Gainesville #2,,,230;115,,existing,work,Transformer banks C and D,description_checked,standard_public_gis,GA:01_expansion_plan_projects.pdf:3:19706:1,,01_expansion_plan_projects.pdf,,3,https://psc.ga.gov/search/facts-document/?documentId=221233,05_steady_state_projects.pdf,36,other,,"{""type"": ""Polygon"", ""coordinates"": [[[-83.8106779, 34.2628845], [-83.8097471, 34.2638618], [-83.8086677, 34.2631595], [-83.8095986, 34.2621822], [-83.8106779, 34.2628845]]]}",facility_candidate,exact_facility_name,C:\Users\sebas\PycharmProjects\Git\Project_secret_project\data\raw\osm\GA\power_substations_overpass.json,Transformer banks C and D,"[{""name"": ""Gainesville Substation #2"", ""names"": [""Gainesville Substation #2""], ""state"": ""GA"", ""geometry"": {""type"": ""Polygon"", ""coordinates"": [[[-83.8106779, 34.2628845], [-83.8097471, 34.2638618], [-83.8086677, 34.2631595], [-83.8095986, 34.2621822], [-83.8106779, 34.2628845]]]}, ""feature_id"": ""way/179716524"", ""kind"": ""substation"", ""voltage"": ""230000;115000;46000;12000"", ""source"": ""osm"", ""source_url"": ""https://www.openstreetmap.org/way/179716524"", ""source_file"": ""C:\\Users\\sebas\\PycharmProjects\\Git\\Project_secret_project\\data\\raw\\osm\\GA\\power_substations_overpass.json"", ""review_required"": false, ""coordinates"": [-83.8096728, 34.263022]}]",,osm,,,,,,,,,,,,,,
GA:01_expansion_plan_projects.pdf:4:19636,GPC,GA,19636,HAMMOND - WEISS DAM 115KV LINE REBUILD,Rebuild 11.2 miles of Hammond - Weiss Dam 115kV from Hammond to the APC border with 200C 795 ACSS.,line,Hammond - APC border,Hammond,APC border,115,,existing,work,11.2 miles; border terminal requires primary source,description_checked,standard_public_gis,GA:01_expansion_plan_projects.pdf:4:19636:1,11.2,01_expansion_plan_projects.pdf,,4,https://psc.ga.gov/search/facts-document/?documentId=221233,05_steady_state_projects.pdf,42,rebuild,rebuild,,requires_primary_source,,,11.2 miles; border terminal requires primary source,"[{""name"": ""HAMMOND STATION"", ""names"": [""HAMMOND STATION""], ""state"": ""GA"", ""geometry"": {""type"": ""Point"", ""coordinates"": [-85.345549072293, 34.2512346692463]}, ""feature_id"": ""hifld/150093"", ""kind"": ""substation"", ""voltage"": """", ""source"": ""hifld_substation"", ""source_url"": ""https://services.arcgis.com/HQ0xoN0EzDPBOEci/ArcGIS/rest/services/Substations/FeatureServer/0/query"", ""source_file"": ""C:\\Users\\sebas\\PycharmProjects\\Git\\Project_secret_project\\data\\raw\\public_gis\\endpoint_points\\hifld_substations_GA.geojson"", ""review_required"": true, ""coordinates"": [-85.345549072293, 34.2512346692463]}, null]",,,,,,,,,,,,,,,,
GA:01_expansion_plan_projects.pdf:4:20512,GPC,GA,20512,KATHLEEN AREA IMPROVEMENTS,Rebuild the Kathleen - Big Grocery Creek 230kV line (approximately 1.5 miles). Rebuild the Bonaire Primary - Kathleen 230kV line (approximately 6 miles). Upgrade limiting elements at Kathleen substation.,line,Kathleen - Big Grocery Creek,Kathleen,Big Grocery Creek,230,,existing,work,1.5 miles,description_checked,standard_public_gis,GA:01_expansion_plan_projects.pdf:4:20512:1,1.5,01_expansion_plan_projects.pdf,,4,https://psc.ga.gov/search/facts-document/?documentId=221233,05_steady_state_projects.pdf,43,other,,,endpoint_anchor_missing,,,1.5 miles,"[null, null]",,,,,,,,,,,,,,,,
GA:01_expansion_plan_projects.pdf:4:20512,GPC,GA,20512,KATHLEEN AREA IMPROVEMENTS,Rebuild the Kathleen - Big Grocery Creek 230kV line (approximately 1.5 miles). Rebuild the Bonaire Primary - Kathleen 230kV line (approximately 6 miles). Upgrade limiting elements at Kathleen substation.,line,Bonaire Primary - Kathleen,Bonaire Primary,Kathleen,230,,existing,work,6 miles,description_checked,standard_public_gis,GA:01_expansion_plan_projects.pdf:4:20512:2,6,01_expansion_plan_projects.pdf,,4,https://psc.ga.gov/search/facts-document/?documentId=221233,05_steady_state_projects.pdf,43,other,,,endpoint_anchor_missing,,,6 miles,"[{""name"": ""Bonaire Primary Substation"", ""names"": [""Bonaire Primary Substation""], ""state"": ""GA"", ""geometry"": {""type"": ""Polygon"", ""coordinates"": [[[-83.6018735, 32.5671414], [-83.5984277, 32.5671414], [-83.5981818, 32.5669327], [-83.598173, 32.5646181], [-83.5981716, 32.5643359], [-83.5982608, 32.5641236], [-83.5985325, 32.5639756], [-83.5986348, 32.564023], [-83.5988065, 32.5637654], [-83.598565, 32.5636422], [-83.5986011, 32.563588], [-83.5993685, 32.5624485], [-83.5997028, 32.5626023], [-83.5998924, 32.5625627], [-83.6003336, 32.5627795], [-83.6003806, 32.5629282], [-83.6007871, 32.5631214], [-83.5999615, 32.5643927], [-83.6009828, 32.5643932], [-83.6009851, 32.5652131], [-83.6011803, 32.5652115], [-83.6011797, 32.5652655], [-83.601179, 32.5653253], [-83.6018733, 32.5655225], [-83.6018735, 32.5671414]]]}, ""feature_id"": ""way/160308063"", ""kind"": ""substation"", ""voltage"": ""500000"", ""source"": ""osm"", ""source_url"": ""https://www.openstreetmap.org/way/160308063"", ""source_file"": ""C:\\Users\\sebas\\PycharmProjects\\Git\\Project_secret_project\\data\\raw\\osm\\GA\\power_substations_overpass.json"", ""review_required"": false, ""coordinates"": [-83.60002255, 32.56479495]}, null]",,,,,,,,,,,,,,,,
GA:01_expansion_plan_projects.pdf:4:20512,GPC,GA,20512,KATHLEEN AREA IMPROVEMENTS,Rebuild the Kathleen - Big Grocery Creek 230kV line (approximately 1.5 miles). Rebuild the Bonaire Primary - Kathleen 230kV line (approximately 6 miles). Upgrade limiting elements at Kathleen substation.,station,Kathleen,,,230,,existing,work,Limiting elements,description_checked,standard_public_gis,GA:01_expansion_plan_projects.pdf:4:20512:3,,01_expansion_plan_projects.pdf,,4,https://psc.ga.gov/search/facts-document/?documentId=221233,05_steady_state_projects.pdf,43,other,,,facility_not_found_or_ambiguous,,,Limiting elements,[],,,,,,,,,,,,,,,,
GA:01_expansion_plan_projects.pdf:4:20490,GPC,GA,20490,KLONDIKE RELAY MODERNIZATION,Upgrade protection on 230kV buses at the Klondike station. Add adequate monitoring on DC supply.,station,Klondike,,,230,,existing,work,Protection,description_checked,standard_public_gis,GA:01_expansion_plan_projects.pdf:4:20490:1,,01_expansion_plan_projects.pdf,,4,https://psc.ga.gov/search/facts-document/?documentId=221233,02_stability_projects.pdf,7,other,,"{""type"": ""Polygon"", ""coordinates"": [[[-84.1271235, 33.6382805], [-84.1265173, 33.6387577], [-84.1255533, 33.6387547], [-84.1255366, 33.6378485], [-84.1226216, 33.6378076], [-84.1218109, 33.6371219], [-84.1218367, 33.6359955], [-84.1228204, 33.6351958], [-84.1248421, 33.6352216], [-84.1247982, 33.6361309], [-84.1271632, 33.6361331], [-84.1271235, 33.6382805]]]}",facility_candidate,exact_facility_name,C:\Users\sebas\PycharmProjects\Git\Project_secret_project\data\raw\osm\GA\power_substations_overpass.json,Protection,"[{""name"": ""Klondike Substation"", ""names"": [""Klondike Substation""], ""state"": ""GA"", ""geometry"": {""type"": ""Polygon"", ""coordinates"": [[[-84.1271235, 33.6382805], [-84.1265173, 33.6387577], [-84.1255533, 33.6387547], [-84.1255366, 33.6378485], [-84.1226216, 33.6378076], [-84.1218109, 33.6371219], [-84.1218367, 33.6359955], [-84.1228204, 33.6351958], [-84.1248421, 33.6352216], [-84.1247982, 33.6361309], [-84.1271632, 33.6361331], [-84.1271235, 33.6382805]]]}, ""feature_id"": ""way/159784541"", ""kind"": ""substation"", ""voltage"": ""500000;230000"", ""source"": ""osm"", ""source_url"": ""https://www.openstreetmap.org/way/159784541"", ""source_file"": ""C:\\Users\\sebas\\PycharmProjects\\Git\\Project_secret_project\\data\\raw\\osm\\GA\\power_substations_overpass.json"", ""review_required"": false, ""coordinates"": [-84.12448705, 33.63697675]}]",,osm,,,,,,,,,,,,,,
GA:01_expansion_plan_projects.pdf:4:20300,GPC,GA,20300,MORROW 115KV RELAY UPGRADE,Upgrade protection scheme on all three 115kV buses at Morrow.,station,Morrow,,,115,,existing,work,Protection,description_checked,standard_public_gis,GA:01_expansion_plan_projects.pdf:4:20300:1,,01_expansion_plan_projects.pdf,,4,https://psc.ga.gov/search/facts-document/?documentId=221233,02_stability_projects.pdf,8,upgrade,upgrade,"{""type"": ""Polygon"", ""coordinates"": [[[-84.3343711, 33.6057798], [-84.3343556, 33.6065083], [-84.33404, 33.6065097], [-84.3340367, 33.6064203], [-84.3334005, 33.6064244], [-84.3333955, 33.6064602], [-84.3331427, 33.6064505], [-84.333146, 33.6064203], [-84.3329295, 33.6064166], [-84.3326585, 33.606412], [-84.3325522, 33.6063188], [-84.3325598, 33.6053536], [-84.3338173, 33.6053522], [-84.3338157, 33.6056852], [-84.3339428, 33.6057889], [-84.3343711, 33.6057798]]]}",facility_candidate,exact_facility_name,C:\Users\sebas\PycharmProjects\Git\Project_secret_project\data\raw\osm\GA\power_substations_overpass.json,Protection,"[{""name"": ""Morrow Substation"", ""names"": [""Morrow Substation""], ""state"": ""GA"", ""geometry"": {""type"": ""Polygon"", ""coordinates"": [[[-84.3343711, 33.6057798], [-84.3343556, 33.6065083], [-84.33404, 33.6065097], [-84.3340367, 33.6064203], [-84.3334005, 33.6064244], [-84.3333955, 33.6064602], [-84.3331427, 33.6064505], [-84.333146, 33.6064203], [-84.3329295, 33.6064166], [-84.3326585, 33.606412], [-84.3325522, 33.6063188], [-84.3325598, 33.6053536], [-84.3338173, 33.6053522], [-84.3338157, 33.6056852], [-84.3339428, 33.6057889], [-84.3343711, 33.6057798]]]}, ""feature_id"": ""way/171479107"", ""kind"": ""substation"", ""voltage"": ""230000"", ""source"": ""osm"", ""source_url"": ""https://www.openstreetmap.org/way/171479107"", ""source_file"": ""C:\\Users\\sebas\\PycharmProjects\\Git\\Project_secret_project\\data\\raw\\osm\\GA\\power_substations_overpass.json"", ""review_required"": false, ""coordinates"": [-84.33346165, 33.60593095]}]",,osm,,,,,,,,,,,,,,
GA:01_expansion_plan_projects.pdf:4:18690,GPC,GA,18690,PALMYRA REACTOR REMOVAL,Remove the 6% reactor at the Palmyra Substation.,station,Palmyra,,,,,existing,work,Reactor removal,description_checked,standard_public_gis,GA:01_expansion_plan_projects.pdf:4:18690:1,,01_expansion_plan_projects.pdf,,4,https://psc.ga.gov/search/facts-document/?documentId=221233,05_steady_state_projects.pdf,47,other,,,facility_not_found_or_ambiguous,,,Reactor removal,[],,,,,,,,,,,,,,,,
GA:01_expansion_plan_projects.pdf:4:20489,GPC,GA,20489,SCOTTDALE RELAY MODERNIZATION,Upgrade protection on 230kV bus and 230/115kV auto transformers at the Scottdale station. Add adequate monitoring on DC supply.,station,Scottdale,,,230;115,,existing,work,Protection,description_checked,standard_public_gis,GA:01_expansion_plan_projects.pdf:4:20489:1,,01_expansion_plan_projects.pdf,,4,https://psc.ga.gov/search/facts-document/?documentId=221233,02_stability_projects.pdf,9,other,,,facility_not_found_or_ambiguous,,,Protection,[],,,,,,,,,,,,,,,,
GA:01_expansion_plan_projects.pdf:4:17900,GPC,GA,17900,UNION CITY - YATES 230 KV WHITE LINE REBUILD,Rebuild 23.4 miles of the Union City - Yates 230kV White line with bundled 1351 ACSS Martin conductor at 200C.,line,Union City - Yates,Union City,Yates,230,White,existing,work,23.4 miles,description_checked,standard_public_gis,GA:01_expansion_plan_projects.pdf:4:17900:1,23.4,01_expansion_plan_projects.pdf,,4,https://psc.ga.gov/search/facts-document/?documentId=221233,05_steady_state_projects.pdf,50,rebuild,rebuild,,endpoint_anchor_missing,,,23.4 miles,"[null, {""name"": ""Yates Switchyard"", ""names"": [""Yates Switchyard""], ""state"": ""GA"", ""geometry"": {""type"": ""Polygon"", ""coordinates"": [[[-84.8974734, 33.4603744], [-84.8961434, 33.4622718], [-84.8955816, 33.4619977], [-84.8969115, 33.4601003], [-84.8974734, 33.4603744]]]}, ""feature_id"": ""way/171166735"", ""kind"": ""substation"", ""voltage"": ""230000"", ""source"": ""osm"", ""source_url"": ""https://www.openstreetmap.org/way/171166735"", ""source_file"": ""C:\\Users\\sebas\\PycharmProjects\\Git\\Project_secret_project\\data\\raw\\osm\\GA\\power_substations_overpass.json"", ""review_required"": false, ""coordinates"": [-84.89652749999999, 33.46118605]}]",,,,,,,,,,,,,,,,
GA:01_expansion_plan_projects.pdf:5:20691,GPC,GA,20691,UNION CITY - YATES 230KV (WHITE) SWITCH AND TRAP REPLACEMENT,Replace the limiting elements at Union City and Yates substations along the Union City - Yates 230kV (White) line.,station,Union City,,,230,White,existing,work,Limiting elements,description_checked,standard_public_gis,GA:01_expansion_plan_projects.pdf:5:20691:1,,01_expansion_plan_projects.pdf,,5,https://psc.ga.gov/search/facts-document/?documentId=221233,05_steady_state_projects.pdf,51,other,,,facility_not_found_or_ambiguous,,,Limiting elements,[],,,,,,,,,,,,,,,,
GA:01_expansion_plan_projects.pdf:5:20691,GPC,GA,20691,UNION CITY - YATES 230KV (WHITE) SWITCH AND TRAP REPLACEMENT,Replace the limiting elements at Union City and Yates substations along the Union City - Yates 230kV (White) line.,station,Yates,,,230,White,existing,work,Limiting elements,description_checked,standard_public_gis,GA:01_expansion_plan_projects.pdf:5:20691:2,,01_expansion_plan_projects.pdf,,5,https://psc.ga.gov/search/facts-document/?documentId=221233,05_steady_state_projects.pdf,51,other,,"{""type"": ""Polygon"", ""coordinates"": [[[-84.8974734, 33.4603744], [-84.8961434, 33.4622718], [-84.8955816, 33.4619977], [-84.8969115, 33.4601003], [-84.8974734, 33.4603744]]]}",facility_candidate,exact_facility_name,C:\Users\sebas\PycharmProjects\Git\Project_secret_project\data\raw\osm\GA\power_substations_overpass.json,Limiting elements,"[{""name"": ""Yates Switchyard"", ""names"": [""Yates Switchyard""], ""state"": ""GA"", ""geometry"": {""type"": ""Polygon"", ""coordinates"": [[[-84.8974734, 33.4603744], [-84.8961434, 33.4622718], [-84.8955816, 33.4619977], [-84.8969115, 33.4601003], [-84.8974734, 33.4603744]]]}, ""feature_id"": ""way/171166735"", ""kind"": ""substation"", ""voltage"": ""230000"", ""source"": ""osm"", ""source_url"": ""https://www.openstreetmap.org/way/171166735"", ""source_file"": ""C:\\Users\\sebas\\PycharmProjects\\Git\\Project_secret_project\\data\\raw\\osm\\GA\\power_substations_overpass.json"", ""review_required"": false, ""coordinates"": [-84.89652749999999, 33.46118605]}]",,osm,,,,,,,,,,,,,,
GA:01_expansion_plan_projects.pdf:5:20223,GPC,GA,20223,CC - PROJECT PAYTON BAINBRIDGE,Split Farley - South Bainbridge 230kV line with a 230kV station (Dothan Road) and bring an 8.5 mile 200C 1351 ACSS 230kV line from Dothan Rd to new customer sub Downrange. Bring another 10mile 200C 1351 ACSS 230kV line from Climax to customer sub Downrange.,station,Dothan Road,,,230,,proposed,work,New station,description_checked,standard_public_gis,GA:01_expansion_plan_projects.pdf:5:20223:1,,01_expansion_plan_projects.pdf,,5,https://psc.ga.gov/search/facts-document/?documentId=221233,05_steady_state_projects.pdf,52,other,,,proposed_asset_needs_source,,,New station,[],,,,,,,,,,,,,,,,
GA:01_expansion_plan_projects.pdf:5:20223,GPC,GA,20223,CC - PROJECT PAYTON BAINBRIDGE,Split Farley - South Bainbridge 230kV line with a 230kV station (Dothan Road) and bring an 8.5 mile 200C 1351 ACSS 230kV line from Dothan Rd to new customer sub Downrange. Bring another 10mile 200C 1351 ACSS 230kV line from Climax to customer sub Downrange.,line,Farley - South Bainbridge,Farley,South Bainbridge,230,,existing,context,Parent line to split,description_checked,standard_public_gis,GA:01_expansion_plan_projects.pdf:5:20223:2,,01_expansion_plan_projects.pdf,,5,https://psc.ga.gov/search/facts-document/?documentId=221233,05_steady_state_projects.pdf,52,other,,,parent_corridor_context_only,,,Parent line to split,[],,,,,,,,,,,,,,,,
GA:01_expansion_plan_projects.pdf:5:20223,GPC,GA,20223,CC - PROJECT PAYTON BAINBRIDGE,Split Farley - South Bainbridge 230kV line with a 230kV station (Dothan Road) and bring an 8.5 mile 200C 1351 ACSS 230kV line from Dothan Rd to new customer sub Downrange. Bring another 10mile 200C 1351 ACSS 230kV line from Climax to customer sub Downrange.,line,Dothan Road - Downrange,Dothan Road,Downrange,230,,proposed,work,8.5 miles,description_checked,standard_public_gis,GA:01_expansion_plan_projects.pdf:5:20223:3,,01_expansion_plan_projects.pdf,,5,https://psc.ga.gov/search/facts-document/?documentId=221233,05_steady_state_projects.pdf,52,other,,,proposed_asset_needs_source,,,8.5 miles,[],,,,,,,,,,,,,,,,
GA:01_expansion_plan_projects.pdf:5:20223,GPC,GA,20223,CC - PROJECT PAYTON BAINBRIDGE,Split Farley - South Bainbridge 230kV line with a 230kV station (Dothan Road) and bring an 8.5 mile 200C 1351 ACSS 230kV line from Dothan Rd to new customer sub Downrange. Bring another 10mile 200C 1351 ACSS 230kV line from Climax to customer sub Downrange.,line,Climax - Downrange,Climax,Downrange,230,,proposed,work,10 miles,description_checked,standard_public_gis,GA:01_expansion_plan_projects.pdf:5:20223:4,,01_expansion_plan_projects.pdf,,5,https://psc.ga.gov/search/facts-document/?documentId=221233,05_steady_state_projects.pdf,52,other,,,proposed_asset_needs_source,,,10 miles,[],,,,,,,,,,,,,,,,
GA:01_expansion_plan_projects.pdf:5:21022,GPC,GA,21022,OHARA BREAKER REPLACEMENT,Replace Breaker on the Ohara - Tara 115kV Line at the Ohara Substation.,station,Ohara,,,115,,existing,work,Breaker; Tara corridor is context,description_checked,standard_public_gis,GA:01_expansion_plan_projects.pdf:5:21022:1,,01_expansion_plan_projects.pdf,,5,https://psc.ga.gov/search/facts-document/?documentId=221233,03_short_circuit_projects.pdf,2,other,,,facility_not_found_or_ambiguous,,,Breaker; Tara corridor is context,[],,,,,,,,,,,,,,,,
GA:01_expansion_plan_projects.pdf:5:20668,GPC,GA,20668,DRESDEN LINE PROTECTIVE RELAYING,"On the O'Hara - Wansley 500kV line, replace the protective relay panels associated with the 500kV line terminal facing Dresden, at both O'Hara and Wansley.",station,O'Hara,,,500,,existing,work,Relay panels facing Dresden,description_checked,standard_public_gis,GA:01_expansion_plan_projects.pdf:5:20668:1,,01_expansion_plan_projects.pdf,,5,https://psc.ga.gov/search/facts-document/?documentId=221233,02_stability_projects.pdf,10,other,,"{""type"": ""Polygon"", ""coordinates"": [[[-84.3703001, 33.4828329], [-84.3672247, 33.4827908], [-84.3672014, 33.4839724], [-84.3644556, 33.4839348], [-84.3644612, 33.4836488], [-84.3645365, 33.4798289], [-84.365392, 33.4798406], [-84.3666329, 33.4798577], [-84.3668028, 33.47986], [-84.3667864, 33.4806927], [-84.3671594, 33.4810088], [-84.3674471, 33.4810129], [-84.3674446, 33.4812406], [-84.367805, 33.4815489], [-84.3683577, 33.4815637], [-84.3690608, 33.4815825], [-84.3696357, 33.481598], [-84.3703241, 33.4816164], [-84.3703001, 33.4828329]]]}",facility_candidate,exact_facility_name,C:\Users\sebas\PycharmProjects\Git\Project_secret_project\data\raw\osm\GA\power_substations_overpass.json,Relay panels facing Dresden,"[{""name"": ""O'Hara Substation"", ""names"": [""O'Hara Substation""], ""state"": ""GA"", ""geometry"": {""type"": ""Polygon"", ""coordinates"": [[[-84.3703001, 33.4828329], [-84.3672247, 33.4827908], [-84.3672014, 33.4839724], [-84.3644556, 33.4839348], [-84.3644612, 33.4836488], [-84.3645365, 33.4798289], [-84.365392, 33.4798406], [-84.3666329, 33.4798577], [-84.3668028, 33.47986], [-84.3667864, 33.4806927], [-84.3671594, 33.4810088], [-84.3674471, 33.4810129], [-84.3674446, 33.4812406], [-84.367805, 33.4815489], [-84.3683577, 33.4815637], [-84.3690608, 33.4815825], [-84.3696357, 33.481598], [-84.3703241, 33.4816164], [-84.3703001, 33.4828329]]]}, ""feature_id"": ""way/159784542"", ""kind"": ""substation"", ""voltage"": ""500000"", ""source"": ""osm"", ""source_url"": ""https://www.openstreetmap.org/way/159784542"", ""source_file"": ""C:\\Users\\sebas\\PycharmProjects\\Git\\Project_secret_project\\data\\raw\\osm\\GA\\power_substations_overpass.json"", ""review_required"": false, ""coordinates"": [-84.36738985, 33.48190065]}]",,osm,,,,,,,,,,,,,,
GA:01_expansion_plan_projects.pdf:5:20668,GPC,GA,20668,DRESDEN LINE PROTECTIVE RELAYING,"On the O'Hara - Wansley 500kV line, replace the protective relay panels associated with the 500kV line terminal facing Dresden, at both O'Hara and Wansley.",station,Wansley,,,500,,existing,work,Relay panels facing Dresden,description_checked,standard_public_gis,GA:01_expansion_plan_projects.pdf:5:20668:2,,01_expansion_plan_projects.pdf,,5,https://psc.ga.gov/search/facts-document/?documentId=221233,02_stability_projects.pdf,10,other,,"{""type"": ""Polygon"", ""coordinates"": [[[-85.0326833, 33.4108334], [-85.0322641, 33.4111855], [-85.0314259, 33.4118895], [-85.0311327, 33.4121358], [-85.0310077, 33.4120327], [-85.0308133, 33.412197], [-85.0309434, 33.4123043], [-85.0306275, 33.4125713], [-85.0288547, 33.41111], [-85.0309174, 33.4093399], [-85.0326833, 33.4108334]]]}",facility_candidate,exact_facility_name,C:\Users\sebas\PycharmProjects\Git\Project_secret_project\data\raw\osm\GA\power_substations_overpass.json,Relay panels facing Dresden,"[{""name"": ""Wansley Substation"", ""names"": [""Wansley Substation""], ""state"": ""GA"", ""geometry"": {""type"": ""Polygon"", ""coordinates"": [[[-85.0326833, 33.4108334], [-85.0322641, 33.4111855], [-85.0314259, 33.4118895], [-85.0311327, 33.4121358], [-85.0310077, 33.4120327], [-85.0308133, 33.412197], [-85.0309434, 33.4123043], [-85.0306275, 33.4125713], [-85.0288547, 33.41111], [-85.0309174, 33.4093399], [-85.0326833, 33.4108334]]]}, ""feature_id"": ""way/159784571"", ""kind"": ""substation"", ""voltage"": ""500000"", ""source"": ""osm"", ""source_url"": ""https://www.openstreetmap.org/way/159784571"", ""source_file"": ""C:\\Users\\sebas\\PycharmProjects\\Git\\Project_secret_project\\data\\raw\\osm\\GA\\power_substations_overpass.json"", ""review_required"": false, ""coordinates"": [-85.03076899999999, 33.4109556]}]",,osm,,,,,,,,,,,,,,
GA:01_expansion_plan_projects.pdf:5:20151,GPC,GA,20151,CC - CASS PINE 230/25 NEW SUB - QCELLS - CC IMPROVEMENTS,Build a new 230/25kV 8 element ring bus networked substation named Cass Pine that will interconnect between new Great Valley and Hill View 230kV substations.,station,Cass Pine,,,230;25,,proposed,work,New station between Great Valley and Hill View,description_checked,standard_public_gis,GA:01_expansion_plan_projects.pdf:5:20151:1,,01_expansion_plan_projects.pdf,,5,https://psc.ga.gov/search/facts-document/?documentId=221233,05_steady_state_projects.pdf,56,other,,,proposed_asset_needs_source,,,New station between Great Valley and Hill View,[],,,,,,,,,,,,,,,,
GA:01_expansion_plan_projects.pdf:5:20151,GPC,GA,20151,CC - CASS PINE 230/25 NEW SUB - QCELLS - CC IMPROVEMENTS,Build a new 230/25kV 8 element ring bus networked substation named Cass Pine that will interconnect between new Great Valley and Hill View 230kV substations.,scope_review_needed,Cass Pine interconnection,,,230,,uncertain,work,Tie geometry not specified,description_checked,standard_public_gis,GA:01_expansion_plan_projects.pdf:5:20151:2,,01_expansion_plan_projects.pdf,,5,https://psc.ga.gov/search/facts-document/?documentId=221233,05_steady_state_projects.pdf,56,other,,,scope_review_needed,,,Tie geometry not specified,[],,,,,,,,,,,,,,,,
GA:01_expansion_plan_projects.pdf:5:19287,GPC,GA,19287,GRADY-WEST END 115KV REBUILD,Reconductor the Grady - West End 115kV line (2.6 miles) using 200C 1351 ACSS Martin.,line,Grady - West End,Grady,West End,115,,existing,work,2.6 miles,description_checked,standard_public_gis,GA:01_expansion_plan_projects.pdf:5:19287:1,2.6,01_expansion_plan_projects.pdf,,5,https://psc.ga.gov/search/facts-document/?documentId=221233,05_steady_state_projects.pdf,57,rebuild,rebuild,,endpoint_anchor_missing,,,2.6 miles,"[null, null]",,,,,,,,,,,,,,,,
GA:01_expansion_plan_projects.pdf:5:19363,GPC,GA,19363,MORROW - MOUNTAIN VIEW 115 KV REBUILD,Rebuild the Mountain View - Barnett Road section of the Morrow - Mountain View 115kV line with 200C 1351 ACSS Martin conductor.,line,Mountain View - Barnett Road,Mountain View,Barnett Road,115,,existing,work,Work section; not entire Morrow corridor,description_checked,standard_public_gis,GA:01_expansion_plan_projects.pdf:5:19363:1,,01_expansion_plan_projects.pdf,,5,https://psc.ga.gov/search/facts-document/?documentId=221233,05_steady_state_projects.pdf,58,rebuild,rebuild,,endpoint_anchor_missing,,,Work section; not entire Morrow corridor,"[null, null]",,,,,,,,,,,,,,,,
GA:01_expansion_plan_projects.pdf:5:20509,GPC,GA,20509,CC - EMBLEM RIVERSIDE CUSTOMER SUB (FLEXENTIAL),"A new customer substation, Emblem Riverside, is being built along the Buzzard Roost - Douglasville 230kV line. Moreover, a Fiber ICON ring is being built in the area to help with communications and protection for all customers in the area.",station,Emblem Riverside,,,230,,proposed,work,New customer station,description_checked,standard_public_gis,GA:01_expansion_plan_projects.pdf:5:20509:1,,01_expansion_plan_projects.pdf,,5,https://psc.ga.gov/search/facts-document/?documentId=221233,05_steady_state_projects.pdf,59,other,,,proposed_asset_needs_source,,,New customer station,[],,,,,,,,,,,,,,,,
GA:01_expansion_plan_projects.pdf:5:20509,GPC,GA,20509,CC - EMBLEM RIVERSIDE CUSTOMER SUB (FLEXENTIAL),"A new customer substation, Emblem Riverside, is being built along the Buzzard Roost - Douglasville 230kV line. Moreover, a Fiber ICON ring is being built in the area to help with communications and protection for all customers in the area.",line,Buzzard Roost - Douglasville,Buzzard Roost,Douglasville,230,,existing,context,Station context only,description_checked,standard_public_gis,GA:01_expansion_plan_projects.pdf:5:20509:2,,01_expansion_plan_projects.pdf,,5,https://psc.ga.gov/search/facts-document/?documentId=221233,05_steady_state_projects.pdf,59,other,,,parent_corridor_context_only,,,Station context only,[],,,,,,,,,,,,,,,,
GA:01_expansion_plan_projects.pdf:5:20509,GPC,GA,20509,CC - EMBLEM RIVERSIDE CUSTOMER SUB (FLEXENTIAL),"A new customer substation, Emblem Riverside, is being built along the Buzzard Roost - Douglasville 230kV line. Moreover, a Fiber ICON ring is being built in the area to help with communications and protection for all customers in the area.",scope_review_needed,Fiber ICON ring,,,,,uncertain,work,Route not specified,description_checked,standard_public_gis,GA:01_expansion_plan_projects.pdf:5:20509:3,,01_expansion_plan_projects.pdf,,5,https://psc.ga.gov/search/facts-document/?documentId=221233,05_steady_state_projects.pdf,59,other,,,scope_review_needed,,,Route not specified,[],,,,,,,,,,,,,,,,
GA:01_expansion_plan_projects.pdf:5:19601,GPC,GA,19601,MORROW - YATES COMMON 115KV LINE UPGRADE,"On the Fife - Fairburn SW - Owens Corning Tap sections of the Morrow - Yates Common 115kV line, rebuild approximately 5.8 miles of 50C 477 ACSR with 210C 1334 T13 ACCR Martin or 200C 1351.0 ACSS Martin.",line,Fife - Fairburn SW,Fife,Fairburn SW,115,,existing,work,First section of total 5.8 miles,description_checked,standard_public_gis,GA:01_expansion_plan_projects.pdf:5:19601:1,,01_expansion_plan_projects.pdf,,5,https://psc.ga.gov/search/facts-document/?documentId=221233,05_steady_state_projects.pdf,61,upgrade,upgrade,,endpoint_anchor_missing,,,First section of total 5.8 miles,"[null, null]",,,,,,,,,,,,,,,,
GA:01_expansion_plan_projects.pdf:5:19601,GPC,GA,19601,MORROW - YATES COMMON 115KV LINE UPGRADE,"On the Fife - Fairburn SW - Owens Corning Tap sections of the Morrow - Yates Common 115kV line, rebuild approximately 5.8 miles of 50C 477 ACSR with 210C 1334 T13 ACCR Martin or 200C 1351.0 ACSS Martin.",line,Fairburn SW - Owens Corning Tap,Fairburn SW,Owens Corning Tap,115,,existing,work,Second section; do not substitute parent Morrow-Yates,description_checked,standard_public_gis,GA:01_expansion_plan_projects.pdf:5:19601:2,,01_expansion_plan_projects.pdf,,5,https://psc.ga.gov/search/facts-document/?documentId=221233,05_steady_state_projects.pdf,61,upgrade,upgrade,,endpoint_anchor_missing,,,Second section; do not substitute parent Morrow-Yates,"[null, null]",,,,,,,,,,,,,,,,
GA:01_expansion_plan_projects.pdf:5:15879,GPC,GA,15879,POSSUM BRANCH - YATES COMMON 115KV REBUILD (YATES TO CLEM),Rebuild 11.2 miles of 100C 477 ACSR with 200C 1334 T13 ACCR Martin or 200C 1351.0 ACSS between Yates Common to Oak Mountain. Replace limiting elements along the line.,line,Yates Common - Oak Mountain,Yates Common,Oak Mountain,115,,existing,work,11.2 miles; description overrides title Yates-to-Clem,description_checked,standard_public_gis,GA:01_expansion_plan_projects.pdf:5:15879:1,11.2,01_expansion_plan_projects.pdf,,5,https://psc.ga.gov/search/facts-document/?documentId=221233,05_steady_state_projects.pdf,62,rebuild,rebuild,,endpoint_anchor_missing,,,11.2 miles; description overrides title Yates-to-Clem,"[{""name"": ""Yates Common Substation"", ""names"": [""Yates Common Substation""], ""state"": ""GA"", ""geometry"": {""type"": ""Polygon"", ""coordinates"": [[[-84.9048516, 33.4619412], [-84.9042401, 33.4621874], [-84.9039544, 33.4621012], [-84.903544, 33.461393], [-84.9042803, 33.4610949], [-84.9043802, 33.4611228], [-84.9048516, 33.4619412]]]}, ""feature_id"": ""way/652943491"", ""kind"": ""substation"", ""voltage"": ""115000;46000"", ""source"": ""osm"", ""source_url"": ""https://www.openstreetmap.org/way/652943491"", ""source_file"": ""C:\\Users\\sebas\\PycharmProjects\\Git\\Project_secret_project\\data\\raw\\osm\\GA\\power_substations_overpass.json"", ""review_required"": false, ""coordinates"": [-84.90419779999999, 33.46164115]}, null]",,,,,,,,,,,,,,,,
GA:01_expansion_plan_projects.pdf:5:15879,GPC,GA,15879,POSSUM BRANCH - YATES COMMON 115KV REBUILD (YATES TO CLEM),Rebuild 11.2 miles of 100C 477 ACSR with 200C 1334 T13 ACCR Martin or 200C 1351.0 ACSS between Yates Common to Oak Mountain. Replace limiting elements along the line.,scope_review_needed,Limiting elements along Yates Common-Oak Mountain,,,115,,uncertain,work,Locations not individually named,description_checked,standard_public_gis,GA:01_expansion_plan_projects.pdf:5:15879:2,,01_expansion_plan_projects.pdf,,5,https://psc.ga.gov/search/facts-document/?documentId=221233,05_steady_state_projects.pdf,62,rebuild,rebuild,,scope_review_needed,,,Locations not individually named,[],,,,,,,,,,,,,,,,
GA:01_expansion_plan_projects.pdf:6:20771,GPC,GA,20771,CC - GULLATT ROAD TRANSMISSION IMPROVEMENTS,Upstream Transmission improvements to serve a new customer station being built along the Morrow - Yates Common 115kV and Line Creek - Fairburn #2 115kV lines. Rebuild the Morrow - Yates Common 115kV line from Line Creek to the new Gullatt Road customer station. Rebuild the Line Creek - Fairburn #2 115kV line from Line Creek to the new Gullatt Road customer station. Remove the Owens Corning Tap Connection on the Morrow - Yates Common 115kV line and rebuild the line from North Coweta to Str 1. Build new line section from Str 1 to the new Gullatt Road customer station,station,Gullatt Road,,,115,,proposed,work,New customer station,description_checked,standard_public_gis,GA:01_expansion_plan_projects.pdf:6:20771:1,,01_expansion_plan_projects.pdf,,6,https://psc.ga.gov/search/facts-document/?documentId=221233,05_steady_state_projects.pdf,63,other,,,proposed_asset_needs_source,,,New customer station,[],,,,,,,,,,,,,,,,
GA:01_expansion_plan_projects.pdf:6:20771,GPC,GA,20771,CC - GULLATT ROAD TRANSMISSION IMPROVEMENTS,Upstream Transmission improvements to serve a new customer station being built along the Morrow - Yates Common 115kV and Line Creek - Fairburn #2 115kV lines. Rebuild the Morrow - Yates Common 115kV line from Line Creek to the new Gullatt Road customer station. Rebuild the Line Creek - Fairburn #2 115kV line from Line Creek to the new Gullatt Road customer station. Remove the Owens Corning Tap Connection on the Morrow - Yates Common 115kV line and rebuild the line from North Coweta to Str 1. Build new line section from Str 1 to the new Gullatt Road customer station,line,Line Creek - Gullatt Road,Line Creek,Gullatt Road,115,Morrow-Yates Common,existing,work,Rebuild into future terminal; exact limits need source,description_checked,standard_public_gis,GA:01_expansion_plan_projects.pdf:6:20771:2,,01_expansion_plan_projects.pdf,,6,https://psc.ga.gov/search/facts-document/?documentId=221233,05_steady_state_projects.pdf,63,other,,,endpoint_anchor_missing,,,Rebuild into future terminal; exact limits need source,"[null, null]",,,,,,,,,,,,,,,,
GA:01_expansion_plan_projects.pdf:6:20771,GPC,GA,20771,CC - GULLATT ROAD TRANSMISSION IMPROVEMENTS,Upstream Transmission improvements to serve a new customer station being built along the Morrow - Yates Common 115kV and Line Creek - Fairburn #2 115kV lines. Rebuild the Morrow - Yates Common 115kV line from Line Creek to the new Gullatt Road customer station. Rebuild the Line Creek - Fairburn #2 115kV line from Line Creek to the new Gullatt Road customer station. Remove the Owens Corning Tap Connection on the Morrow - Yates Common 115kV line and rebuild the line from North Coweta to Str 1. Build new line section from Str 1 to the new Gullatt Road customer station,line,Line Creek - Gullatt Road,Line Creek,Gullatt Road,115,Line Creek-Fairburn #2,existing,work,Separate referenced line; same endpoints do not make duplicate,description_checked,standard_public_gis,GA:01_expansion_plan_projects.pdf:6:20771:3,,01_expansion_plan_projects.pdf,,6,https://psc.ga.gov/search/facts-document/?documentId=221233,05_steady_state_projects.pdf,63,other,,,endpoint_anchor_missing,,,Separate referenced line; same endpoints do not make duplicate,"[null, null]",,,,,,,,,,,,,,,,
GA:01_expansion_plan_projects.pdf:6:20771,GPC,GA,20771,CC - GULLATT ROAD TRANSMISSION IMPROVEMENTS,Upstream Transmission improvements to serve a new customer station being built along the Morrow - Yates Common 115kV and Line Creek - Fairburn #2 115kV lines. Rebuild the Morrow - Yates Common 115kV line from Line Creek to the new Gullatt Road customer station. Rebuild the Line Creek - Fairburn #2 115kV line from Line Creek to the new Gullatt Road customer station. Remove the Owens Corning Tap Connection on the Morrow - Yates Common 115kV line and rebuild the line from North Coweta to Str 1. Build new line section from Str 1 to the new Gullatt Road customer station,station,Owens Corning Tap,,,115,,existing,work,Remove connection,description_checked,standard_public_gis,GA:01_expansion_plan_projects.pdf:6:20771:4,,01_expansion_plan_projects.pdf,,6,https://psc.ga.gov/search/facts-document/?documentId=221233,05_steady_state_projects.pdf,63,other,,,facility_not_found_or_ambiguous,,,Remove connection,[],,,,,,,,,,,,,,,,
GA:01_expansion_plan_projects.pdf:6:20771,GPC,GA,20771,CC - GULLATT ROAD TRANSMISSION IMPROVEMENTS,Upstream Transmission improvements to serve a new customer station being built along the Morrow - Yates Common 115kV and Line Creek - Fairburn #2 115kV lines. Rebuild the Morrow - Yates Common 115kV line from Line Creek to the new Gullatt Road customer station. Rebuild the Line Creek - Fairburn #2 115kV line from Line Creek to the new Gullatt Road customer station. Remove the Owens Corning Tap Connection on the Morrow - Yates Common 115kV line and rebuild the line from North Coweta to Str 1. Build new line section from Str 1 to the new Gullatt Road customer station,line,North Coweta - Str 1,North Coweta,Str 1,115,,existing,work,Numbered structure needs primary source,description_checked,standard_public_gis,GA:01_expansion_plan_projects.pdf:6:20771:5,,01_expansion_plan_projects.pdf,,6,https://psc.ga.gov/search/facts-document/?documentId=221233,05_steady_state_projects.pdf,63,other,,,requires_primary_source,,,Numbered structure needs primary source,"[null, null]",,,,,,,,,,,,,,,,
GA:01_expansion_plan_projects.pdf:6:20771,GPC,GA,20771,CC - GULLATT ROAD TRANSMISSION IMPROVEMENTS,Upstream Transmission improvements to serve a new customer station being built along the Morrow - Yates Common 115kV and Line Creek - Fairburn #2 115kV lines. Rebuild the Morrow - Yates Common 115kV line from Line Creek to the new Gullatt Road customer station. Rebuild the Line Creek - Fairburn #2 115kV line from Line Creek to the new Gullatt Road customer station. Remove the Owens Corning Tap Connection on the Morrow - Yates Common 115kV line and rebuild the line from North Coweta to Str 1. Build new line section from Str 1 to the new Gullatt Road customer station,line,Str 1 - Gullatt Road,Str 1,Gullatt Road,115,,proposed,work,New section,description_checked,standard_public_gis,GA:01_expansion_plan_projects.pdf:6:20771:6,,01_expansion_plan_projects.pdf,,6,https://psc.ga.gov/search/facts-document/?documentId=221233,05_steady_state_projects.pdf,63,other,,,proposed_asset_needs_source,,,New section,[],,,,,,,,,,,,,,,,
GA:01_expansion_plan_projects.pdf:6:18736,GPC,GA,18736,CC - MICROSOFT - SHUGART (CCO06),"GPC will rebuild the Line Creek 230kV substation as breaker and a half configuration and connect the Morrow - Yates 230kV line and the Union City - Yates 230kV White line into Line Creek. For the Union City - Yates 230kV Black line, terminate the line from the Yates side into Shugart Farms, and the line from the Union City side into Line Creek. Build two short lines from Line Creek to Shugart Farms (0.3 miles each) with 100C 1351 ACSR Martin conductor.",station,Line Creek,,,230,,existing,work,Rebuild station,description_checked,standard_public_gis,GA:01_expansion_plan_projects.pdf:6:18736:1,,01_expansion_plan_projects.pdf,,6,https://psc.ga.gov/search/facts-document/?documentId=221233,05_steady_state_projects.pdf,64,other,,,facility_not_found_or_ambiguous,,,Rebuild station,[],,,,,,,,,,,,,,,,
GA:01_expansion_plan_projects.pdf:6:18736,GPC,GA,18736,CC - MICROSOFT - SHUGART (CCO06),"GPC will rebuild the Line Creek 230kV substation as breaker and a half configuration and connect the Morrow - Yates 230kV line and the Union City - Yates 230kV White line into Line Creek. For the Union City - Yates 230kV Black line, terminate the line from the Yates side into Shugart Farms, and the line from the Union City side into Line Creek. Build two short lines from Line Creek to Shugart Farms (0.3 miles each) with 100C 1351 ACSR Martin conductor.",line,Morrow - Yates,Morrow,Yates,230,,existing,context,New termination at Line Creek; parent corridor,description_checked,standard_public_gis,GA:01_expansion_plan_projects.pdf:6:18736:2,,01_expansion_plan_projects.pdf,,6,https://psc.ga.gov/search/facts-document/?documentId=221233,05_steady_state_projects.pdf,64,other,,,parent_corridor_context_only,,,New termination at Line Creek; parent corridor,[],,,,,,,,,,,,,,,,
GA:01_expansion_plan_projects.pdf:6:18736,GPC,GA,18736,CC - MICROSOFT - SHUGART (CCO06),"GPC will rebuild the Line Creek 230kV substation as breaker and a half configuration and connect the Morrow - Yates 230kV line and the Union City - Yates 230kV White line into Line Creek. For the Union City - Yates 230kV Black line, terminate the line from the Yates side into Shugart Farms, and the line from the Union City side into Line Creek. Build two short lines from Line Creek to Shugart Farms (0.3 miles each) with 100C 1351 ACSR Martin conductor.",line,Union City - Yates,Union City,Yates,230,White,existing,context,New termination at Line Creek; parent corridor,description_checked,standard_public_gis,GA:01_expansion_plan_projects.pdf:6:18736:3,,01_expansion_plan_projects.pdf,,6,https://psc.ga.gov/search/facts-document/?documentId=221233,05_steady_state_projects.pdf,64,other,,,parent_corridor_context_only,,,New termination at Line Creek; parent corridor,[],,,,,,,,,,,,,,,,
GA:01_expansion_plan_projects.pdf:6:18736,GPC,GA,18736,CC - MICROSOFT - SHUGART (CCO06),"GPC will rebuild the Line Creek 230kV substation as breaker and a half configuration and connect the Morrow - Yates 230kV line and the Union City - Yates 230kV White line into Line Creek. For the Union City - Yates 230kV Black line, terminate the line from the Yates side into Shugart Farms, and the line from the Union City side into Line Creek. Build two short lines from Line Creek to Shugart Farms (0.3 miles each) with 100C 1351 ACSR Martin conductor.",line,Yates - Shugart Farms,Yates,Shugart Farms,230,Black,existing,work,Re-termination; not proof entire section rebuilt,description_checked,standard_public_gis,GA:01_expansion_plan_projects.pdf:6:18736:4,,01_expansion_plan_projects.pdf,,6,https://psc.ga.gov/search/facts-document/?documentId=221233,05_steady_state_projects.pdf,64,other,,,endpoint_anchor_missing,,,Re-termination; not proof entire section rebuilt,"[{""name"": ""Yates Switchyard"", ""names"": [""Yates Switchyard""], ""state"": ""GA"", ""geometry"": {""type"": ""Polygon"", ""coordinates"": [[[-84.8974734, 33.4603744], [-84.8961434, 33.4622718], [-84.8955816, 33.4619977], [-84.8969115, 33.4601003], [-84.8974734, 33.4603744]]]}, ""feature_id"": ""way/171166735"", ""kind"": ""substation"", ""voltage"": ""230000"", ""source"": ""osm"", ""source_url"": ""https://www.openstreetmap.org/way/171166735"", ""source_file"": ""C:\\Users\\sebas\\PycharmProjects\\Git\\Project_secret_project\\data\\raw\\osm\\GA\\power_substations_overpass.json"", ""review_required"": false, ""coordinates"": [-84.89652749999999, 33.46118605]}, null]",,,,,,,,,,,,,,,,
GA:01_expansion_plan_projects.pdf:6:18736,GPC,GA,18736,CC - MICROSOFT - SHUGART (CCO06),"GPC will rebuild the Line Creek 230kV substation as breaker and a half configuration and connect the Morrow - Yates 230kV line and the Union City - Yates 230kV White line into Line Creek. For the Union City - Yates 230kV Black line, terminate the line from the Yates side into Shugart Farms, and the line from the Union City side into Line Creek. Build two short lines from Line Creek to Shugart Farms (0.3 miles each) with 100C 1351 ACSR Martin conductor.",line,Union City - Line Creek,Union City,Line Creek,230,Black,existing,work,Re-termination,description_checked,standard_public_gis,GA:01_expansion_plan_projects.pdf:6:18736:5,,01_expansion_plan_projects.pdf,,6,https://psc.ga.gov/search/facts-document/?documentId=221233,05_steady_state_projects.pdf,64,other,,,endpoint_anchor_missing,,,Re-termination,"[null, null]",,,,,,,,,,,,,,,,
GA:01_expansion_plan_projects.pdf:6:18736,GPC,GA,18736,CC - MICROSOFT - SHUGART (CCO06),"GPC will rebuild the Line Creek 230kV substation as breaker and a half configuration and connect the Morrow - Yates 230kV line and the Union City - Yates 230kV White line into Line Creek. For the Union City - Yates 230kV Black line, terminate the line from the Yates side into Shugart Farms, and the line from the Union City side into Line Creek. Build two short lines from Line Creek to Shugart Farms (0.3 miles each) with 100C 1351 ACSR Martin conductor.",line,Line Creek - Shugart Farms,Line Creek,Shugart Farms,230,1,proposed,work,First short 0.3 mile line,description_checked,standard_public_gis,GA:01_expansion_plan_projects.pdf:6:18736:6,,01_expansion_plan_projects.pdf,,6,https://psc.ga.gov/search/facts-document/?documentId=221233,05_steady_state_projects.pdf,64,other,,,proposed_asset_needs_source,,,First short 0.3 mile line,[],,,,,,,,,,,,,,,,
GA:01_expansion_plan_projects.pdf:6:18736,GPC,GA,18736,CC - MICROSOFT - SHUGART (CCO06),"GPC will rebuild the Line Creek 230kV substation as breaker and a half configuration and connect the Morrow - Yates 230kV line and the Union City - Yates 230kV White line into Line Creek. For the Union City - Yates 230kV Black line, terminate the line from the Yates side into Shugart Farms, and the line from the Union City side into Line Creek. Build two short lines from Line Creek to Shugart Farms (0.3 miles each) with 100C 1351 ACSR Martin conductor.",line,Line Creek - Shugart Farms,Line Creek,Shugart Farms,230,2,proposed,work,Second short 0.3 mile line,description_checked,standard_public_gis,GA:01_expansion_plan_projects.pdf:6:18736:7,,01_expansion_plan_projects.pdf,,6,https://psc.ga.gov/search/facts-document/?documentId=221233,05_steady_state_projects.pdf,64,other,,,proposed_asset_needs_source,,,Second short 0.3 mile line,[],,,,,,,,,,,,,,,,
GA:01_expansion_plan_projects.pdf:6:20781,GPC,GA,20781,CC - SUMMER LAKE - VILLA RICA 230KV REBUILD (CC IMPROVMNT),Rebuild the 2.5 mile section from Villa Rica to the new East Villa Rica Switching station on the Summer Lake - Villa Rica 230kV line with bundled 200C 1351 ACSS Martin.,line,Villa Rica - East Villa Rica Switching,Villa Rica,East Villa Rica Switching,230,,existing,work,2.5 miles to new station; future boundary,description_checked,standard_public_gis,GA:01_expansion_plan_projects.pdf:6:20781:1,2.5,01_expansion_plan_projects.pdf,,6,https://psc.ga.gov/search/facts-document/?documentId=221233,05_steady_state_projects.pdf,65,rebuild,rebuild,,endpoint_anchor_missing,,,2.5 miles to new station; future boundary,"[{""name"": ""Villa Rica Substation"", ""names"": [""Villa Rica Substation""], ""state"": ""GA"", ""geometry"": {""type"": ""Polygon"", ""coordinates"": [[[-84.8579112, 33.7422247], [-84.8559315, 33.742564], [-84.8545505, 33.7428002], [-84.8545237, 33.7427918], [-84.8542722, 33.7417902], [-84.8529951, 33.742017], [-84.8529415, 33.7418077], [-84.852007, 33.7420282], [-84.8517646, 33.7413512], [-84.85186, 33.7413298], [-84.852742, 33.7411319], [-84.8526678, 33.7409681], [-84.8540122, 33.7407366], [-84.8537423, 33.739725], [-84.8548046, 33.7395447], [-84.857154, 33.7391418], [-84.8579112, 33.7422247]]]}, ""feature_id"": ""way/159758304"", ""kind"": ""substation"", ""voltage"": ""500000;230000;115000;46000"", ""source"": ""osm"", ""source_url"": ""https://www.openstreetmap.org/way/159758304"", ""source_file"": ""C:\\Users\\sebas\\PycharmProjects\\Git\\Project_secret_project\\data\\raw\\osm\\GA\\power_substations_overpass.json"", ""review_required"": false, ""coordinates"": [-84.8548379, 33.740971]}, null]",,,,,,,,,,,,,,,,
GA:01_expansion_plan_projects.pdf:6:20736,GPC,GA,20736,CC - TA REALTY ELLENWOOD NETWORK IMPROVEMENTS,"Rebuild the ~14.9mi Austin Drive - Morrow 115kV with 200C 1351.5 ACSS Martin. At Austin Drive 115kV, replace the 115/230kV auto transformer along with upgrades other limiting elements at the station.",line,Austin Drive - Morrow,Austin Drive,Morrow,115,,existing,work,14.9 miles,description_checked,standard_public_gis,GA:01_expansion_plan_projects.pdf:6:20736:1,14.9,01_expansion_plan_projects.pdf,,6,https://psc.ga.gov/search/facts-document/?documentId=221233,05_steady_state_projects.pdf,66,other,,,endpoint_anchor_missing,,,14.9 miles,"[null, {""name"": ""Morrow Substation"", ""names"": [""Morrow Substation""], ""state"": ""GA"", ""geometry"": {""type"": ""Polygon"", ""coordinates"": [[[-84.3343711, 33.6057798], [-84.3343556, 33.6065083], [-84.33404, 33.6065097], [-84.3340367, 33.6064203], [-84.3334005, 33.6064244], [-84.3333955, 33.6064602], [-84.3331427, 33.6064505], [-84.333146, 33.6064203], [-84.3329295, 33.6064166], [-84.3326585, 33.606412], [-84.3325522, 33.6063188], [-84.3325598, 33.6053536], [-84.3338173, 33.6053522], [-84.3338157, 33.6056852], [-84.3339428, 33.6057889], [-84.3343711, 33.6057798]]]}, ""feature_id"": ""way/171479107"", ""kind"": ""substation"", ""voltage"": ""230000"", ""source"": ""osm"", ""source_url"": ""https://www.openstreetmap.org/way/171479107"", ""source_file"": ""C:\\Users\\sebas\\PycharmProjects\\Git\\Project_secret_project\\data\\raw\\osm\\GA\\power_substations_overpass.json"", ""review_required"": false, ""coordinates"": [-84.33346165, 33.60593095]}]",,,,,,,,,,,,,,,,
GA:01_expansion_plan_projects.pdf:6:20736,GPC,GA,20736,CC - TA REALTY ELLENWOOD NETWORK IMPROVEMENTS,"Rebuild the ~14.9mi Austin Drive - Morrow 115kV with 200C 1351.5 ACSS Martin. At Austin Drive 115kV, replace the 115/230kV auto transformer along with upgrades other limiting elements at the station.",station,Austin Drive,,,115;230,,existing,work,Auto transformer and limiting elements,description_checked,standard_public_gis,GA:01_expansion_plan_projects.pdf:6:20736:2,,01_expansion_plan_projects.pdf,,6,https://psc.ga.gov/search/facts-document/?documentId=221233,05_steady_state_projects.pdf,66,other,,,facility_not_found_or_ambiguous,,,Auto transformer and limiting elements,[],,,,,,,,,,,,,,,,
GA:01_expansion_plan_projects.pdf:6:20234,GPC,GA,20234,DOYLE - LG&E MONROE 230KV - JACKS CREEK LOOP IN,Loop in and out the new Jack's Creek 230kV switching station into the Doyle - LG&E Monroe 230kV line. This is coordinated with the East Walton Project (TEAMS #09662).,station,Jack's Creek,,,230,,proposed,work,New switching station,description_checked,standard_public_gis,GA:01_expansion_plan_projects.pdf:6:20234:1,,01_expansion_plan_projects.pdf,,6,https://psc.ga.gov/search/facts-document/?documentId=221233,05_steady_state_projects.pdf,67,other,,,proposed_asset_needs_source,,,New switching station,[],,,,,,,,,,,,,,,,
GA:01_expansion_plan_projects.pdf:6:20234,GPC,GA,20234,DOYLE - LG&E MONROE 230KV - JACKS CREEK LOOP IN,Loop in and out the new Jack's Creek 230kV switching station into the Doyle - LG&E Monroe 230kV line. This is coordinated with the East Walton Project (TEAMS #09662).,line,Doyle - LG&E Monroe,Doyle,LG&E Monroe,230,,existing,context,Parent line for loop,description_checked,standard_public_gis,GA:01_expansion_plan_projects.pdf:6:20234:2,,01_expansion_plan_projects.pdf,,6,https://psc.ga.gov/search/facts-document/?documentId=221233,05_steady_state_projects.pdf,67,other,,,parent_corridor_context_only,,,Parent line for loop,[],,,,,,,,,,,,,,,,
GA:01_expansion_plan_projects.pdf:6:20234,GPC,GA,20234,DOYLE - LG&E MONROE 230KV - JACKS CREEK LOOP IN,Loop in and out the new Jack's Creek 230kV switching station into the Doyle - LG&E Monroe 230kV line. This is coordinated with the East Walton Project (TEAMS #09662).,scope_review_needed,Jack's Creek loop in and out,,,230,,uncertain,work,Exact tie points unknown,description_checked,standard_public_gis,GA:01_expansion_plan_projects.pdf:6:20234:3,,01_expansion_plan_projects.pdf,,6,https://psc.ga.gov/search/facts-document/?documentId=221233,05_steady_state_projects.pdf,67,other,,,scope_review_needed,,,Exact tie points unknown,[],,,,,,,,,,,,,,,,
GA:01_expansion_plan_projects.pdf:6:18668,GPC,GA,18668,JESUP - OFFERMAN 115KV REBUILD,"Rebuild 20 miles of 100C 4/0 ACSR Penguin conductor along the Jesup - Offerman 115kV line, with 100C 795 ACSR Drake conductor.",line,Jesup - Offerman,Jesup,Offerman,115,,existing,work,20 miles,description_checked,standard_public_gis,GA:01_expansion_plan_projects.pdf:6:18668:1,20,01_expansion_plan_projects.pdf,,6,https://arcgis.netl.doe.gov/server/rest/services/Hosted/Energy_Transition_Atlas_493d6/FeatureServer/18,05_steady_state_projects.pdf,79,rebuild,rebuild,"{""type"": ""MultiLineString"", ""coordinates"": [[[-81.92473690017151, 31.603156641905606], [-81.93715472287396, 31.610571725110233], [-81.94391765355783, 31.613682477957497], [-81.95242658755717, 31.617669838751986], [-81.96205261703652, 31.622041572357986], [-81.96870765017329, 31.624976184663208], [-81.97973598933703, 31.629934458787364], [-81.99021766502278, 31.634629397241305], [-81.99649240985877, 31.636754183933633], [-82.0050726476338, 31.63934433368187], [-82.01845401678474, 31.643472235655366], [-82.02586962382819, 31.64620383578195], [-82.03005278705218, 31.64778205733904], [-82.0324922026304, 31.648678025719356], [-82.05673256503927, 31.663958130690535], [-82.07318669707801, 31.67368076812156], [-82.08442965005132, 31.677000115790506], [-82.09829944759528, 31.680972732251472], [-82.10776781914899, 31.683709691719766], [-82.11267681932593, 31.685128689950574], [-82.11837781917309, 31.686778686944695], [-82.11908366591601, 31.68698416503865], [-82.12336109475265, 31.697098066353227], [-82.12443065408277, 31.699120311853445], [-82.12520311270063, 31.70104140566393], [-82.12662919090911, 31.70483292065306], [-82.1278538192202, 31.705231657026857], [-82.13168981862117, 31.706975654167287], [-82.13315581526594, 31.707552571920246], [-82.15846385862766, 31.71852155714863], [-82.1711469996476, 31.72425199993628], [-82.1747140003334, 31.7252240000247], [-82.18944000014095, 31.72921100035446], [-82.19440200002133, 31.730705000227804], [-82.19954899984964, 31.73219899969771], [-82.22181599983622, 31.738564000072817], [-82.22504799988792, 31.7397259998572], [-82.22513599975146, 31.739735000177326], [-82.22554400018046, 31.739904999948376], [-82.24053466882356, 31.744932633311905], [-82.24951896342348, 31.748085691153662], [-82.26213975597281, 31.752360338239438], [-82.26741900038736, 31.75446000036776], [-82.27144599958405, 31.75568300014225], [-82.28288919601734, 31.759635880264806], [-82.29247957315965, 31.762879375129053], [-82.30398299983612, 31.77034699993507], [-82.30714700011576, 31.772278000253856], [-82.31187100034475, 31.77515199979027], [-82.31244799992984, 31.775508999684575], [-82.31256199973267, 31.7755750001751], [-82.31713388733628, 31.77828732796913], [-82.32102351615971, 31.780669462835927], [-82.32458514671673, 31.78277575302482], [-82.33401509013922, 31.78813672591922], [-82.33399369855735, 31.78869129187053], [-82.33371999985658, 31.789243000306353]], [[-82.43302437972056, 31.662731398222927], [-82.43093342243769, 31.66820001030265], [-82.42917459207831, 31.67218907968748], [-82.42746329786878, 31.675668249986938], [-82.4258185553471, 31.678985477831695], [-82.42540023776708, 31.679915897778383], [-82.42458261994155, 31.68149354673558], [-82.4203233990574, 31.689842499861722], [-82.41731912821842, 31.695788244836272], [-82.41330709405607, 31.703998408845173], [-82.4124514469513, 31.705648443275283], [-82.4113391062541, 31.70788888335477], [-82.40643339570775, 31.717416216275744], [-82.40526401199001, 31.719785765158406], [-82.4019269881018, 31.726344167975405], [-82.39982589961915, 31.728802438917164], [-82.39711635075354, 31.731988389666466], [-82.3960990805595, 31.733282145920235], [-82.3943877872483, 31.735004430990337], [-82.39118386493912, 31.73908765406526], [-82.39070850523684, 31.73962937528037], [-82.38811304331064, 31.742766444041212], [-82.38274148083097, 31.749161529852724], [-82.37981326675383, 31.752645898007728], [-82.37880550432875, 31.753907028813206], [-82.37778823503302, 31.75503071421897], [-82.37672342958743, 31.756380736344177], [-82.37613398384406, 31.757035530326135], [-82.3729966123244, 31.760794441296852], [-82.37027755568981, 31.76672755223441], [-82.36809090177802, 31.771350912025877], [-82.36723525467328, 31.773266467096207], [-82.36660778144731, 31.77464047007986], [-82.36613242084675, 31.77568308127013], [-82.36557149661365, 31.77694389815201], [-82.36510564468036, 31.778107714041614], [-82.36483944421727, 31.778633042789806], [-82.36420246232403, 31.77998271982162], [-82.36359400194105, 31.781283886906213], [-82.36328977219873, 31.781978913176502], [-82.3624056026854, 31.78395081901226], [-82.36155643063721, 31.78597725564267], [-82.36135943099372, 31.786385257067607], [-82.36130643129026, 31.78649725798227], [-82.3612524308636, 31.78660825770498], [-82.3585465336496, 31.792243264694573], [-82.34702686633112, 31.790216582865305], [-82.33405787240461, 31.788606440669597], [-82.33360152734198, 31.788785234753483], [-82.3334517889639, 31.78904584878642], [-82.33371999985658, 31.789243000306353]], [[-82.43302437972056, 31.662731398222927], [-82.43361444979304, 31.661054857636465], [-82.43420173508812, 31.659613754645537], [-82.43607432809512, 31.654868854170644], [-82.43755031939574, 31.651184554673563], [-82.43823483743886, 31.64961246192854], [-82.4402456066079, 31.644531808847248], [-82.44133655662154, 31.64186693519726], [-82.4423562028595, 31.639329466812907], [-82.44345428369988, 31.636464108196076], [-82.44483044881623, 31.633550093740368], [-82.44610678864666, 31.630629917997414], [-82.44752573692672, 31.62820749806092], [-82.44900885905408, 31.625135366203054], [-82.45058509425554, 31.62224529123787], [-82.4508556299882, 31.621607752717576], [-82.45232180809265, 31.61874690690449], [-82.45447838820536, 31.614607830287863], [-82.45614430311997, 31.611300261140606], [-82.45749102864782, 31.60847519966659], [-82.45973296757712, 31.6041134337086], [-82.46105209057127, 31.60183607676265], [-82.46256373420887, 31.599242858326214], [-82.46366181415092, 31.597481615253972], [-82.46523763073749, 31.59481539316513], [-82.46615032086281, 31.59322412590487], [-82.46664231826244, 31.590958650141346], [-82.46676353513024, 31.59052134021249], [-82.46712718483535, 31.588832817852467], [-82.46763344209182, 31.58641538530689], [-82.46825378628769, 31.583706326754417], [-82.46905952119862, 31.580092103027177], [-82.46959429996535, 31.577802008890433], [-82.46990803657835, 31.576410915860972], [-82.47030733862044, 31.57464924117596], [-82.4709134229595, 31.57173936698679], [-82.47152663632862, 31.56894482968459], [-82.47218620635968, 31.566369607969644]], [[-82.47218620635968, 31.566369607969644], [-82.47264610785254, 31.564242529017868], [-82.47330923431382, 31.561368783983255], [-82.47379410088672, 31.559072155291286], [-82.4740222729689, 31.55784483216143], [-82.4742647067045, 31.556739012807064], [-82.47456418256235, 31.555542040293915], [-82.4748137471247, 31.554314670721205], [-82.47525583143221, 31.552528273687866], [-82.47561948113733, 31.550219273833708], [-82.47634678144586, 31.547642849191064], [-82.47687443028418, 31.545716559936032], [-82.47736340036131, 31.54381209973406], [-82.47755650041816, 31.54322690037047], [-82.47804999980096, 31.5421570997124]], [[-82.37929155667787, 31.245899211926716], [-82.37933077442823, 31.248426529346318], [-82.38043954971205, 31.25127329820925], [-82.38261411409673, 31.256350058070588], [-82.38347926807212, 31.25832496200425], [-82.38465188392826, 31.261087234806407], [-82.38671072913468, 31.265834979757162], [-82.3882366326291, 31.2694125796693], [-82.39432598764833, 31.283776465287207], [-82.39631769995692, 31.28844149992674], [-82.3971110237439, 31.28983318112171], [-82.39844797200823, 31.293089983937428], [-82.40122079999907, 31.293062300135684], [-82.40337730016171, 31.29308070022334], [-82.40329663863572, 31.295457113894837], [-82.40329150027229, 31.299983900167973], [-82.40324860032759, 31.30457669971483], [-82.40498659965387, 31.30850920037659], [-82.40632769993142, 31.311653200090625], [-82.40740060009607, 31.314164799831858], [-82.40888119975408, 31.317693600123697], [-82.40906359997759, 31.318106000361922], [-82.40968589980581, 31.319526699905758], [-82.41010430003085, 31.32087399970246], [-82.41083100026478, 31.321752000199933], [-82.41117799969611, 31.322300999976132], [-82.41158489968889, 31.322899499922], [-82.41164399985144, 31.323319000213218], [-82.4116480000494, 31.323567999689537], [-82.41190669957984, 31.327005399631478], [-82.41203550002528, 31.32868249994834], [-82.4121212999147, 31.329223199712846], [-82.41223929991548, 31.33010299999743], [-82.41256120041777, 31.332614099958807], [-82.41450310024554, 31.336774499701058], [-82.41458890013496, 31.33860720032235], [-82.41506099985106, 31.34095310010587], [-82.41536140007534, 31.342565800254043], [-82.41610169990436, 31.346698299856314], [-82.41702439995684, 31.35197600017568], [-82.41792559973135, 31.35686850008185], [-82.4190413998407, 31.363006700344503], [-82.42024299983946, 31.36808190009723], [-82.42101549977984, 31.371434600165596], [-82.42213129988919, 31.37623460006603], [-82.42281799994014, 31.378854299836313], [-82.424834999824, 31.38187690033714], [-82.4261867999349, 31.384093500160578], [-82.4279893000952, 31.387005999902662], [-82.43095039969826, 31.392006599734767], [-82.4356067001925, 31.39951619976163], [-82.43612169985332, 31.400377000046735], [-82.43702289962779, 31.401549200331267], [-82.43768810029906, 31.405724900010114], [-82.43873959989871, 31.410651300323504], [-82.43909850021089, 31.412953000019314], [-82.43845470010466, 31.4165329998135], [-82.43844285581763, 31.416909880713387], [-82.43824020038112, 31.417879000126526], [-82.43702599971384, 31.422779000082173], [-82.44120720011895, 31.431379400181815], [-82.44309550016867, 31.436212900117763], [-82.44416829972201, 31.437970500027486], [-82.44648580044142, 31.44190659991571], [-82.44785909993203, 31.444176599975385], [-82.44957569959159, 31.4471238997205], [-82.45131380042751, 31.451077900010247], [-82.45303040008709, 31.456752399785287], [-82.45360400044714, 31.459225000166587], [-82.45386800003779, 31.4604209999134], [-82.4539530004266, 31.461163600018036], [-82.45485429991409, 31.46531830018846], [-82.45594859974543, 31.47071740008294], [-82.45691419974263, 31.475750199676625], [-82.45730039985634, 31.477397200140324], [-82.45882390035739, 31.48493649981983], [-82.46006850001386, 31.490993199756627], [-82.46090529956562, 31.494945299918953], [-82.46199970000829, 31.500232900234987], [-82.46206399961969, 31.501586800355224], [-82.46270779972593, 31.50391029971591], [-82.46382359983528, 31.50734959992243], [-82.46433860039441, 31.50886800032765], [-82.46498229988934, 31.511246200126354], [-82.46727216932895, 31.5186258109936], [-82.46957420016088, 31.525843299674683], [-82.47033229561568, 31.52835081968736], [-82.4728786996459, 31.531915600216163], [-82.47635490041938, 31.537640000356873], [-82.47743773056119, 31.539676139818216], [-82.47770868580709, 31.541547860881657], [-82.47804999980096, 31.5421570997124]], [[-82.37929155667787, 31.245899211926716], [-82.37931532520196, 31.245053372320992], [-82.38672779532844, 31.2440108876194], [-82.39008958037913, 31.236526314076357], [-82.39012680656451, 31.233111964197953], [-82.39238729480611, 31.232172076845753], [-82.3933715016078, 31.229285612728464], [-82.39527834019006, 31.224284163961954], [-82.39639416635055, 31.22465374380997]], [[-82.39925700014298, 31.223283000348978], [-82.3989877786456, 31.22302678765795], [-82.39793189257243, 31.222663920148907], [-82.39695036544524, 31.224817332052407], [-82.39639416635055, 31.22465374380997]], [[-82.27333494821741, 31.343672264026253], [-82.28135545112877, 31.33799842837899], [-82.28994044188997, 31.332005511764745], [-82.29925392322744, 31.326847685360413], [-82.3010305779587, 31.325842681736688], [-82.30330042035736, 31.32457880131245], [-82.30824415838633, 31.32159414590295], [-82.31395441357587, 31.318396195883], [-82.32058567818856, 31.31468034602481], [-82.32440043782297, 31.312563464325024], [-82.33159619118376, 31.308547858015555], [-82.33630819171721, 31.305958691369277], [-82.34254728511452, 31.30248605005376], [-82.36430686362803, 31.29047195798624], [-82.3714087340585, 31.286462518937142], [-82.37364767710633, 31.28621268516721], [-82.37960868532936, 31.285499741200688], [-82.38544847578623, 31.28482944663196], [-82.38980356128425, 31.284313519846567], [-82.39432598764833, 31.283776465287207], [-82.3945524017275, 31.283740716304138], [-82.39643007111412, 31.283509155980312], [-82.39764580340896, 31.28327048609663], [-82.40049795982593, 31.28283173823688], [-82.40325385637031, 31.28241431627388], [-82.40609175203215, 31.28199384615004], [-82.41051259510728, 31.281296104268044], [-82.41474804836564, 31.280634921192817], [-82.41805298533022, 31.280107799373074], [-82.42067261103925, 31.279741148190244], [-82.42360320205863, 31.279278007331758], [-82.42385276572266, 31.277358389013106], [-82.42595623204586, 31.26169324566849], [-82.42647437401355, 31.25806862318868], [-82.42726347032878, 31.25162766503318], [-82.42790995909267, 31.248092063108416], [-82.42775308988786, 31.247080124760803], [-82.42711239974913, 31.244375799816936], [-82.42587859963902, 31.23945910027374], [-82.42510609969864, 31.23605570034], [-82.42433912709221, 31.232846967050968], [-82.42220000933033, 31.224115712148766], [-82.42163908509724, 31.221814884166953], [-82.41768300879056, 31.221932739730427], [-82.41344496479091, 31.22192461361953], [-82.40824452238971, 31.22196526490855], [-82.40412997877534, 31.221957140336894], [-82.4013107267489, 31.222000644736703], [-82.40059093994941, 31.2235591923412], [-82.39963915604126, 31.223234990290017], [-82.39925700014298, 31.223283000348978]], [[-82.14372979374546, 31.42301477037748], [-82.14394566968802, 31.422711022021918], [-82.14526479178384, 31.42288747679883], [-82.15026319678941, 31.419741650902296], [-82.15587481516414, 31.41618193428363], [-82.1618999963361, 31.412476033994825], [-82.16538675770407, 31.410267028078323], [-82.1693726472984, 31.40768674717002], [-82.17768668371201, 31.40244685286385], [-82.1838758640172, 31.398509132637376], [-82.18847496698066, 31.39608677480686], [-82.19344484957767, 31.393828692333503], [-82.20648633575097, 31.386220194294406], [-82.2181730492881, 31.379426806272306], [-82.22677230080443, 31.37441058386086], [-82.24133256144206, 31.36589335193428], [-82.2556575182725, 31.3575580149978], [-82.26535485062921, 31.34997093703557], [-82.27333494821741, 31.343672264026253]]]}",route_extent_mismatch,public_gis_endpoint_graph,C:\Users\sebas\PycharmProjects\Git\Project_secret_project\data\raw\public_gis\GA\netl_lines_4000.json;C:\Users\sebas\PycharmProjects\Git\Project_secret_project\data\raw\public_gis\GA\netl_lines_0.json;C:\Users\sebas\PycharmProjects\Git\Project_secret_project\data\raw\public_gis\GA\netl_lines_2000.json,"20 miles; GIS endpoint graph candidate; rounded endpoint connectivity, circuit and source-feature extent need review.; source path 156.66 km versus stated work 32.19 km; not used as project route.","[{""name"": ""Jesup Substation"", ""names"": [""Jesup Substation""], ""state"": ""GA"", ""geometry"": {""type"": ""Polygon"", ""coordinates"": [[[-81.9254633, 31.6031286], [-81.9252403, 31.6027439], [-81.9244315, 31.603084], [-81.9246544, 31.6034687], [-81.9254633, 31.6031286]]]}, ""feature_id"": ""way/103029795"", ""kind"": ""substation"", ""voltage"": ""115000"", ""source"": ""osm"", ""source_url"": ""https://www.openstreetmap.org/way/103029795"", ""source_file"": ""C:\\Users\\sebas\\PycharmProjects\\Git\\Project_secret_project\\data\\raw\\osm\\GA\\power_substations_overpass.json"", ""review_required"": false, ""coordinates"": [-81.92494740000001, 31.6031063]}, {""name"": ""Offerman Substation"", ""names"": [""Offerman Substation""], ""state"": ""GA"", ""geometry"": {""type"": ""Polygon"", ""coordinates"": [[[-82.143972, 31.423785], [-82.1431638, 31.4234903], [-82.1432264, 31.4233653], [-82.1428442, 31.4232259], [-82.1432778, 31.42236], [-82.1438212, 31.4225581], [-82.1438791, 31.4224426], [-82.1443377, 31.4226098], [-82.1442916, 31.4227018], [-82.14448, 31.4227705], [-82.143972, 31.423785]]]}, ""feature_id"": ""way/52069715"", ""kind"": ""substation"", ""voltage"": ""230000;115000"", ""source"": ""osm"", ""source_url"": ""https://www.openstreetmap.org/way/52069715"", ""source_file"": ""C:\\Users\\sebas\\PycharmProjects\\Git\\Project_secret_project\\data\\raw\\osm\\GA\\power_substations_overpass.json"", ""review_required"": false, ""coordinates"": [-82.1436621, 31.4230725]}]",156.65521869763737,public_gis,"['netl/47740', 'netl/15076', 'netl/15074', 'netl/39034', 'netl/37149', 'netl/32037', 'netl/8340', 'netl/33565', 'netl/35974']","[{'owner': 'GEORGIA POWER CO', 'volt_class': '100-161', 'naics_code': '221121', 'naics_desc': 'ELECTRIC BULK POWER TRANSMISSION AND CONTROL', 'val_method': 'IMAGERY', 'shape__len': 52742.04818635, 'globalid': 'c7be818e-4480-43a6-9e38-2d0c4910bf2e', 'source': 'IMAGERY, OpenStreetMap, EIA 861, EIA 860', 'objectid_1': 47740, 'type': 'AC; OVERHEAD', 'sourcedate': 1443657600000, 'voltage': 115, 'val_date': 1514851200000, 'inferred': 'Y', 'sub_2': 'UNKNOWN111865', 'sub_1': 'UNKNOWN111837', 'id': '138033', 'SHAPE__Length': 52742.04819138706, 'objectid': 47740, 'status': 'IN SERVICE'}, {'owner': 'GEORGIA POWER CO', 'volt_class': '100-161', 'naics_code': '221121', 'naics_desc': 'ELECTRIC BULK POWER TRANSMISSION AND CONTROL', 'val_method': 'IMAGERY', 'shape__len': 21884.12434059, 'globalid': '24e0fbaf-0627-4bd7-b04d-7270cb6b89e7', 'source': 'IMAGERY, OpenStreetMap, EIA 861', 'objectid_1': 15076, 'type': 'AC; OVERHEAD', 'sourcedate': 1397088000000, 'voltage': 115, 'val_date': 1553558400000, 'inferred': 'Y', 'sub_2': 'TAP155962', 'sub_1': 'UNKNOWN111865', 'id': '150119', 'SHAPE__Length': 21884.124245945615, 'objectid': 15076, 'status': 'IN SERVICE'}, {'owner': 'GEORGIA POWER CO', 'volt_class': '100-161', 'naics_code': '221121', 'naics_desc': 'ELECTRIC BULK POWER TRANSMISSION AND CONTROL', 'val_method': 'IMAGERY', 'shape__len': 13394.44824355, 'globalid': '0e8180c0-f129-4057-9e99-16ba4a93ea32', 'source': 'IMAGERY, OpenStreetMap, EIA 861', 'objectid_1': 15074, 'type': 'AC; OVERHEAD', 'sourcedate': 1397088000000, 'voltage': 115, 'val_date': 1553558400000, 'inferred': 'Y', 'sub_2': 'TAP155962', 'sub_1': 'TAP142990', 'id': '156278', 'SHAPE__Length': 13394.448299700258, 'objectid': 15074, 'status': 'IN SERVICE'}, {'owner': 'GEORGIA POWER CO', 'volt_class': '100-161', 'naics_code': '221121', 'naics_desc': 'ELECTRIC BULK POWER TRANSMISSION AND CONTROL', 'val_method': 'IMAGERY', 'shape__len': 3233.53555047, 'globalid': '768755c9-acdb-4e2c-aaa1-82f3b8e8314f', 'source': 'IMAGERY, OpenStreetMap, EIA 861', 'objectid_1': 39034, 'type': 'AC; OVERHEAD', 'sourcedate': 1409702400000, 'voltage': 115, 'val_date': 1588636800000, 'inferred': 'Y', 'sub_2': 'TAP142990', 'sub_1': 'UNKNOWN111861', 'id': '127743', 'SHAPE__Length': 3233.535560789088, 'objectid': 39034, 'status': 'IN SERVICE'}, {'owner': 'GEORGIA POWER CO', 'volt_class': '100-161', 'naics_code': '221121', 'naics_desc': 'ELECTRIC BULK POWER TRANSMISSION AND CONTROL', 'val_method': 'IMAGERY', 'shape__len': 41086.07253099, 'globalid': 'b865f271-7a56-41d5-9154-d5b798ea598e', 'source': 'IMAGERY, OpenStreetMap, EIA 861, EIA 860', 'objectid_1': 37149, 'type': 'AC; OVERHEAD', 'sourcedate': 1397088000000, 'voltage': 115, 'val_date': 1515024000000, 'inferred': 'Y', 'sub_2': 'TAP142431', 'sub_1': 'UNKNOWN111861', 'id': '125326', 'SHAPE__Length': 41086.07243224888, 'objectid': 37149, 'status': 'IN SERVICE'}, {'owner': 'GEORGIA POWER CO', 'volt_class': '100-161', 'naics_code': '221121', 'naics_desc': 'ELECTRIC BULK POWER TRANSMISSION AND CONTROL', 'val_method': 'IMAGERY', 'shape__len': 3924.0598334, 'globalid': '7b7e72a9-0cf3-4cbf-a220-950c2575fa6a', 'source': 'IMAGERY, EIA 861, EIA 860', 'objectid_1': 32037, 'type': 'AC; OVERHEAD', 'sourcedate': 1402358400000, 'voltage': 115, 'val_date': 1513900800000, 'inferred': 'Y', 'sub_2': 'TAP155945', 'sub_1': 'TAP142431', 'id': '119124', 'SHAPE__Length': 3924.0597954283035, 'objectid': 32037, 'status': 'IN SERVICE'}, {'owner': 'GEORGIA POWER CO', 'volt_class': '100-161', 'naics_code': '221121', 'naics_desc': 'ELECTRIC BULK POWER TRANSMISSION AND CONTROL', 'val_method': 'IMAGERY', 'shape__len': 537.85476967, 'globalid': '3871ef55-8a3b-4d6f-8edc-51c8c3f11b58', 'source': 'IMAGERY, EIA 861, EIA 860', 'objectid_1': 8340, 'type': 'AC; OVERHEAD', 'sourcedate': 1402358400000, 'voltage': 115, 'val_date': 1513900800000, 'inferred': 'Y', 'sub_2': 'TAP155945', 'sub_1': 'KETTLE CREEK PRIMARY', 'id': '156344', 'SHAPE__Length': 537.8548305546785, 'objectid': 8340, 'status': 'IN SERVICE'}, {'owner': 'GEORGIA POWER CO', 'volt_class': '100-161', 'naics_code': '221121', 'naics_desc': 'ELECTRIC BULK POWER TRANSMISSION AND CONTROL', 'val_method': 'IMAGERY', 'shape__len': 29339.0834928, 'globalid': 'e82ac694-6622-4549-ba58-95a65033ad44', 'source': 'IMAGERY, OpenStreetMap, EIA 861, EIA 860', 'objectid_1': 33565, 'type': 'AC; OVERHEAD', 'sourcedate': 1397088000000, 'voltage': 115, 'val_date': 1513900800000, 'inferred': 'Y', 'sub_2': 'TAP143024', 'sub_1': 'KETTLE CREEK PRIMARY', 'id': '120918', 'SHAPE__Length': 29339.083584111093, 'objectid': 33565, 'status': 'IN SERVICE'}, {'owner': 'GEORGIA POWER CO', 'volt_class': '100-161', 'naics_code': '221121', 'naics_desc': 'ELECTRIC BULK POWER TRANSMISSION AND CONTROL', 'val_method': 'IMAGERY', 'shape__len': 17829.76505116, 'globalid': '54ef6a91-7886-40ee-b70d-f37f9b6999c6', 'source': 'IMAGERY, EIA 861, EIA 860', 'objectid_1': 35974, 'type': 'AC; OVERHEAD', 'sourcedate': 1409788800000, 'voltage': 115, 'val_date': 1513900800000, 'inferred': 'Y', 'sub_2': 'TAP143024', 'sub_1': 'OFFERMAN', 'id': '123920', 'SHAPE__Length': 17829.765120371994, 'objectid': 35974, 'status': 'IN SERVICE'}]",0.020706323369210543,0.009081040180142656,,,,,,,,,,
GA:01_expansion_plan_projects.pdf:7:10143,GPC,GA,10143,LAWRENCEVILLE - WINDER 115KV LINE REBUILD,Rebuild approximately 1.2 miles of 100C 636 ACSR conductor from Johns Manville to Winder Primary with 200C 795 ACSS conductor.,line,Johns Manville - Winder Primary,Johns Manville,Winder Primary,115,,existing,work,1.2 mile section,description_checked,standard_public_gis,GA:01_expansion_plan_projects.pdf:7:10143:1,1.2,01_expansion_plan_projects.pdf,,7,https://psc.ga.gov/search/facts-document/?documentId=221233,05_steady_state_projects.pdf,80,rebuild,rebuild,,endpoint_anchor_missing,,,1.2 mile section,"[null, null]",,,,,,,,,,,,,,,,
GA:01_expansion_plan_projects.pdf:7:10481,GPC,GA,10481,LAWRENCEVILLE - WINDER PRIMARY 230KV LINE REBUILD,"Rebuild the entire Lawrenceville - Winder Primary 230kV line, approximately 15.4 miles, using 200C 1351 ACSS ""Martin"" conductor.",line,Lawrenceville - Winder Primary,Lawrenceville,Winder Primary,230,,existing,work,Entire 15.4 mile line,description_checked,standard_public_gis,GA:01_expansion_plan_projects.pdf:7:10481:1,15.4,01_expansion_plan_projects.pdf,,7,https://psc.ga.gov/search/facts-document/?documentId=221233,05_steady_state_projects.pdf,81,rebuild,rebuild,,endpoint_anchor_missing,,,Entire 15.4 mile line,"[{""name"": ""Lawrenceville Primary Substation"", ""names"": [""Lawrenceville Primary Substation""], ""state"": ""GA"", ""geometry"": {""type"": ""Polygon"", ""coordinates"": [[[-84.0013272, 33.9853116], [-84.0007854, 33.9856407], [-84.0007156, 33.9855962], [-83.9999593, 33.9860499], [-84.0004635, 33.9866504], [-84.0011824, 33.9862101], [-84.0014184, 33.9860722], [-84.0016383, 33.9857208], [-84.0013272, 33.9853116]]]}, ""feature_id"": ""way/516459394"", ""kind"": ""substation"", ""voltage"": ""230000;115000;46000"", ""source"": ""osm"", ""source_url"": ""https://www.openstreetmap.org/way/516459394"", ""source_file"": ""C:\\Users\\sebas\\PycharmProjects\\Git\\Project_secret_project\\data\\raw\\osm\\GA\\power_substations_overpass.json"", ""review_required"": false, ""coordinates"": [-84.0007988, 33.985981]}, null]",,,,,,,,,,,,,,,,
GA:01_expansion_plan_projects.pdf:7:19248,GPC,GA,19248,SANDERSVILLE #1 - WADLEY PRI. 115KV REBUILD/RECONDUCTOR,Rebuild approximately 24.3 miles of the Sandersville #1 - Wadley Primary 115kV line from 100C 336 ACSR Linnet conductor to 100C 1351 ACSR Drake conductor. Replace limiting elements in substations along the line.,line,Sandersville #1 - Wadley Primary,Sandersville #1,Wadley Primary,115.0,,existing,work,24.3 miles,description_checked,standard_public_gis,GA:01_expansion_plan_projects.pdf:7:19248:1,24.3,01_expansion_plan_projects.pdf,,7,https://psc.ga.gov/search/facts-document/?documentId=221233,05_steady_state_projects.pdf,83,rebuild,rebuild,"{""type"": ""LineString"", ""coordinates"": [[-82.8021107, 32.9985513], [-82.8010659, 32.998498], [-82.7989929, 32.9983688], [-82.7964043, 32.9982219], [-82.7940485, 32.9980888], [-82.7919745, 32.997975], [-82.7896694, 32.9978421], [-82.7871715, 32.9977016], [-82.7858995, 32.9976265], [-82.7834939, 32.99749], [-82.7822024, 32.9974773], [-82.7798224, 32.9974639], [-82.7771315, 32.9974329], [-82.7745569, 32.9974156], [-82.7720446, 32.9973996], [-82.7686059, 32.9962652], [-82.7666542, 32.9956277], [-82.7649235, 32.9950652], [-82.7626802, 32.9942554], [-82.7601996, 32.9933477], [-82.7579258, 32.9925076], [-82.7553525, 32.9915756], [-82.7528095, 32.9906449], [-82.7507273, 32.9898773], [-82.7485655, 32.9890875], [-82.7459456, 32.9881282], [-82.7436601, 32.9872871], [-82.7412491, 32.986389], [-82.7387683, 32.9854884], [-82.7364976, 32.9844212], [-82.7337615, 32.9831496], [-82.7312614, 32.9819934], [-82.7288705, 32.9808861], [-82.7270587, 32.9800461], [-82.7245666, 32.9788982], [-82.722579, 32.9779747], [-82.7204309, 32.9769839], [-82.7184395, 32.9760701], [-82.7161626, 32.9750252], [-82.71416, 32.9741062], [-82.7118549, 32.9730364], [-82.7098116, 32.9720909], [-82.7077976, 32.9711589], [-82.7055209, 32.9701053], [-82.7035356, 32.9691866], [-82.7018926, 32.9684357], [-82.700052, 32.9675854], [-82.6981885, 32.9667244], [-82.6956052, 32.9655309], [-82.6936188, 32.9646132], [-82.6919024, 32.9638202], [-82.6904324, 32.9631411], [-82.6884961, 32.9622464], [-82.6865875, 32.9613647], [-82.6846083, 32.9604502], [-82.6825517, 32.9595057], [-82.6808463, 32.9587256], [-82.6786384, 32.9577156], [-82.6765894, 32.956739], [-82.6750975, 32.9560587], [-82.6736651, 32.9553964], [-82.6712326, 32.9542716], [-82.6689893, 32.9532351], [-82.6666812, 32.9521647], [-82.6651163, 32.9514321], [-82.6634973, 32.951135], [-82.6609838, 32.9506406], [-82.6586027, 32.9501825], [-82.6562918, 32.9497402], [-82.6541729, 32.9493184], [-82.6516269, 32.9488307], [-82.6492701, 32.9483749], [-82.6477287, 32.9480705], [-82.647159, 32.9479642], [-82.6466974, 32.9478682], [-82.6441855, 32.9473805], [-82.6419717, 32.946957], [-82.6391681, 32.9464207], [-82.6368879, 32.9459738], [-82.6337177, 32.9453553], [-82.631974, 32.9450094], [-82.630028, 32.9446342], [-82.6282293, 32.9441729], [-82.6259834, 32.9435922], [-82.6243372, 32.9431687], [-82.6221413, 32.9426132], [-82.6196731, 32.9419779], [-82.6175622, 32.9414307], [-82.6153038, 32.9408584], [-82.6128157, 32.9402085], [-82.6100802, 32.9395124], [-82.6080741, 32.9389945], [-82.6058808, 32.9384306], [-82.6039529, 32.9379381], [-82.6024633, 32.9375479], [-82.5997153, 32.9368309], [-82.5977862, 32.9365049], [-82.5952411, 32.9360467], [-82.5932497, 32.9356898], [-82.5910988, 32.9352977], [-82.5892117, 32.9349674], [-82.5875441, 32.9346679], [-82.5844084, 32.9341001], [-82.5810209, 32.9335004], [-82.5778032, 32.9329238], [-82.5755774, 32.9325234], [-82.5736813, 32.93219], [-82.5715953, 32.9318126], [-82.5693245, 32.9312863], [-82.5676832, 32.9309068], [-82.5658006, 32.9304585], [-82.5636594, 32.9299578], [-82.5617343, 32.9295042], [-82.5601729, 32.9291435], [-82.557967, 32.9286235], [-82.5554789, 32.9280469], [-82.5532705, 32.9275268], [-82.5509172, 32.9269754], [-82.5490411, 32.9265434], [-82.5468278, 32.9260213], [-82.5453863, 32.9256858], [-82.5429106, 32.9251029], [-82.5407273, 32.9245996], [-82.5382841, 32.9240292], [-82.5361906, 32.9235323], [-82.5345068, 32.9231443], [-82.5326782, 32.9227019], [-82.5306472, 32.9222196], [-82.528129, 32.9216303], [-82.5263753, 32.9212445], [-82.5242594, 32.920781], [-82.5222983, 32.9203406], [-82.5197477, 32.9197849], [-82.5162903, 32.9190237], [-82.513942, 32.9185036], [-82.5120066, 32.918071], [-82.5097828, 32.9175797], [-82.5072573, 32.9170235], [-82.5049004, 32.9165048], [-82.50244, 32.9159737], [-82.5005557, 32.9155498], [-82.499246, 32.9152624], [-82.4966696, 32.9146886], [-82.4943782, 32.9141907], [-82.4921757, 32.9136994], [-82.4899497, 32.9132168], [-82.4875564, 32.9126882], [-82.4855524, 32.9122462], [-82.4835276, 32.911801], [-82.480988, 32.9112329], [-82.4786287, 32.9107087], [-82.476583, 32.9102744], [-82.4748314, 32.90931], [-82.4726259, 32.9081326], [-82.4709861, 32.9072374], [-82.4689475, 32.906128], [-82.4672072, 32.9051958], [-82.4647907, 32.9039053], [-82.4632591, 32.9030537], [-82.4610606, 32.9018718], [-82.4594108, 32.9009659], [-82.4575726, 32.8999732], [-82.4561852, 32.899224], [-82.4541548, 32.8981257], [-82.4524902, 32.8972353], [-82.4502067, 32.8959912], [-82.4484443, 32.895031], [-82.4467335, 32.8941173], [-82.4446163, 32.8929445], [-82.4425619, 32.891854], [-82.4405667, 32.8907789], [-82.438649, 32.8897488], [-82.4357163, 32.8881473], [-82.4335243, 32.8869647], [-82.4315883, 32.8859182], [-82.4295321, 32.8848102], [-82.4283067, 32.884141], [-82.4262324, 32.8830001], [-82.4243092, 32.8821049], [-82.4222659, 32.8822352], [-82.419746, 32.882378], [-82.4178523, 32.8824897], [-82.4160786, 32.8825898], [-82.4148833, 32.8830335]]}",review_required,osm_voltage_graph,C:\Users\sebas\PycharmProjects\Git\Project_secret_project\data\raw\osm\GA\power_lines_statewide_overpass.json,24.3 miles; OSM path candidate; circuit and exact work extent unverified.,"[{""name"": ""Sandersville Substation #1"", ""names"": [""Sandersville Substation #1""], ""state"": ""GA"", ""geometry"": {""type"": ""Polygon"", ""coordinates"": [[[-82.8022996, 32.9977865], [-82.8024163, 32.9979093], [-82.8025244, 32.998165], [-82.8026916, 32.9981709], [-82.8026394, 32.9986064], [-82.8024494, 32.9985961], [-82.8024268, 32.9988767], [-82.8020713, 32.9991997], [-82.8011844, 32.9991544], [-82.801228, 32.9984778], [-82.8017054, 32.9977544], [-82.8022996, 32.9977865]]]}, ""feature_id"": ""way/170295993"", ""kind"": ""substation"", ""voltage"": ""230000;115000;46000;12000"", ""source"": ""osm"", ""source_url"": ""https://www.openstreetmap.org/way/170295993"", ""source_file"": ""C:\\Users\\sebas\\PycharmProjects\\Git\\Project_secret_project\\data\\raw\\osm\\GA\\power_substations_overpass.json"", ""review_required"": false, ""coordinates"": [-82.801938, 32.99847705]}, {""name"": ""Wadley Substation"", ""names"": [""Wadley Substation""], ""state"": ""GA"", ""geometry"": {""type"": ""Polygon"", ""coordinates"": [[[-82.4184826, 32.8861519], [-82.416805, 32.8866975], [-82.4165221, 32.8860913], [-82.414423, 32.8844595], [-82.4142093, 32.8845201], [-82.4141342, 32.8843334], [-82.4138253, 32.8841419], [-82.4132622, 32.8829441], [-82.4141602, 32.8826167], [-82.4142439, 32.8828131], [-82.4146337, 32.8831041], [-82.4150033, 32.8839043], [-82.4153411, 32.8841152], [-82.4161207, 32.8838267], [-82.4175326, 32.8837127], [-82.418035, 32.8844595], [-82.4177376, 32.8845614], [-82.4184826, 32.8861519]]]}, ""feature_id"": ""way/1005940922"", ""kind"": ""substation"", ""voltage"": ""500000"", ""source"": ""osm"", ""source_url"": ""https://www.openstreetmap.org/way/1005940922"", ""source_file"": ""C:\\Users\\sebas\\PycharmProjects\\Git\\Project_secret_project\\data\\raw\\osm\\GA\\power_substations_overpass.json"", ""review_required"": false, ""coordinates"": [-82.41587240000001, 32.8846571]}]",38.90901211792187,OpenStreetMap,,,0.01809849234695432,0.20279024651715682,183.0,73539092.0,1818420974.0,"[170296010, 170683973, 170683970]",['Wadley - Sandersville 115kV'],[nan],0.0,© OpenStreetMap contributors,ODbL,
GA:01_expansion_plan_projects.pdf:7:19248,GPC,GA,19248,SANDERSVILLE #1 - WADLEY PRI. 115KV REBUILD/RECONDUCTOR,Rebuild approximately 24.3 miles of the Sandersville #1 - Wadley Primary 115kV line from 100C 336 ACSR Linnet conductor to 100C 1351 ACSR Drake conductor. Replace limiting elements in substations along the line.,scope_review_needed,Substation limiting elements along Sandersville-Wadley,,,115,,uncertain,work,Station names not specified,description_checked,standard_public_gis,GA:01_expansion_plan_projects.pdf:7:19248:2,,01_expansion_plan_projects.pdf,,7,https://psc.ga.gov/search/facts-document/?documentId=221233,05_steady_state_projects.pdf,83,rebuild,rebuild,,scope_review_needed,,,Station names not specified,[],,,,,,,,,,,,,,,,
GA:01_expansion_plan_projects.pdf:7:20717,GPC,GA,20717,CC - TOMOCHICHI 500/230KV SOLUTION (CC NETWORK IMPROVEMENTS),"Build the new Tomochichi 500/230kV switching station (four element ring bus 500kV high side, four element breaker and a half 230kV low side) splitting the Ohara - Schere 500kV line. Build two new 230kV lines from the new Tomochichi substation to the new Towaliga River 230kV substation.",station,Tomochichi,,,500;230,,proposed,work,New switching station,description_checked,standard_public_gis,GA:01_expansion_plan_projects.pdf:7:20717:1,,01_expansion_plan_projects.pdf,,7,https://psc.ga.gov/search/facts-document/?documentId=221233,05_steady_state_projects.pdf,86,other,,,proposed_asset_needs_source,,,New switching station,[],,,,,,,,,,,,,,,,
GA:01_expansion_plan_projects.pdf:7:20717,GPC,GA,20717,CC - TOMOCHICHI 500/230KV SOLUTION (CC NETWORK IMPROVEMENTS),"Build the new Tomochichi 500/230kV switching station (four element ring bus 500kV high side, four element breaker and a half 230kV low side) splitting the Ohara - Schere 500kV line. Build two new 230kV lines from the new Tomochichi substation to the new Towaliga River 230kV substation.",line,Ohara - Schere,Ohara,Schere,500,,existing,context,Parent line to split; spelling retained,description_checked,standard_public_gis,GA:01_expansion_plan_projects.pdf:7:20717:2,,01_expansion_plan_projects.pdf,,7,https://psc.ga.gov/search/facts-document/?documentId=221233,05_steady_state_projects.pdf,86,other,,,parent_corridor_context_only,,,Parent line to split; spelling retained,[],,,,,,,,,,,,,,,,
GA:01_expansion_plan_projects.pdf:7:20717,GPC,GA,20717,CC - TOMOCHICHI 500/230KV SOLUTION (CC NETWORK IMPROVEMENTS),"Build the new Tomochichi 500/230kV switching station (four element ring bus 500kV high side, four element breaker and a half 230kV low side) splitting the Ohara - Schere 500kV line. Build two new 230kV lines from the new Tomochichi substation to the new Towaliga River 230kV substation.",line,Tomochichi - Towaliga River,Tomochichi,Towaliga River,230,1,proposed,work,First new line,description_checked,standard_public_gis,GA:01_expansion_plan_projects.pdf:7:20717:3,,01_expansion_plan_projects.pdf,,7,https://psc.ga.gov/search/facts-document/?documentId=221233,05_steady_state_projects.pdf,86,other,,,proposed_asset_needs_source,,,First new line,[],,,,,,,,,,,,,,,,
GA:01_expansion_plan_projects.pdf:7:20717,GPC,GA,20717,CC - TOMOCHICHI 500/230KV SOLUTION (CC NETWORK IMPROVEMENTS),"Build the new Tomochichi 500/230kV switching station (four element ring bus 500kV high side, four element breaker and a half 230kV low side) splitting the Ohara - Schere 500kV line. Build two new 230kV lines from the new Tomochichi substation to the new Towaliga River 230kV substation.",line,Tomochichi - Towaliga River,Tomochichi,Towaliga River,230,2,proposed,work,Second new line,description_checked,standard_public_gis,GA:01_expansion_plan_projects.pdf:7:20717:4,,01_expansion_plan_projects.pdf,,7,https://psc.ga.gov/search/facts-document/?documentId=221233,05_steady_state_projects.pdf,86,other,,,proposed_asset_needs_source,,,Second new line,[],,,,,,,,,,,,,,,,
GA:01_expansion_plan_projects.pdf:7:18573,GPC,GA,18573,GRID - ARKWRIGHT - LLOYD SHOALS 115KV,Rebuild the Arkwright - Lloyd Shoals 115kV line with 100C 795 ACSR Drake.,line,Arkwright - Lloyd Shoals,Arkwright,Lloyd Shoals,115,,existing,work,Rebuild named line,description_checked,standard_public_gis,GA:01_expansion_plan_projects.pdf:7:18573:1,,01_expansion_plan_projects.pdf,,7,https://psc.ga.gov/search/facts-document/?documentId=221233,05_steady_state_projects.pdf,87,other,,,endpoint_anchor_missing,,,Rebuild named line,"[null, null]",,,,,,,,,,,,,,,,
GA:01_expansion_plan_projects.pdf:7:17977,GPC,GA,17977,ATHENA - EAST WATKINSVILLE 115 KV (REBUILD),Rebuild 8.47 miles of the University of Georgia - East Watkinsville line sections on the Athena - East Watkinsville 115kV line with 100C ACSR 1033 conductor.,line,University of Georgia - East Watkinsville,University of Georgia,East Watkinsville,115,,existing,work,8.47 mile work section,description_checked,standard_public_gis,GA:01_expansion_plan_projects.pdf:7:17977:1,8.47,01_expansion_plan_projects.pdf,,7,https://arcgis.netl.doe.gov/server/rest/services/Hosted/Energy_Transition_Atlas_493d6/FeatureServer/18,05_steady_state_projects.pdf,89,rebuild,rebuild,"{""type"": ""MultiLineString"", ""coordinates"": [[[-83.3523446368537, 33.93066700128868], [-83.35243020228282, 33.93110479685565], [-83.35271541828385, 33.93108902097481], [-83.35330486312887, 33.930315973146385], [-83.35423181400931, 33.9292431608787], [-83.35471668058223, 33.92864364212359], [-83.35617600004949, 33.927895000071274], [-83.35786831375536, 33.92695550087291], [-83.36138695633275, 33.925950076132786], [-83.36544554388809, 33.924687501880655], [-83.3684450617409, 33.92393806176432], [-83.37005653066446, 33.923295116916286], [-83.37770031068841, 33.92024204827495]], [[-83.37770031068841, 33.92024204827495], [-83.38049542408483, 33.920924462076556], [-83.38136057806022, 33.918403842237936], [-83.38264404871737, 33.91460107607115], [-83.38301007626303, 33.91352412073796], [-83.38224474667525, 33.9133544892739]], [[-83.38224474667525, 33.9133544892739], [-83.38249193429535, 33.913238114299155], [-83.38305285763012, 33.91335251669166], [-83.38380392556444, 33.9110013100938], [-83.38439812519226, 33.90929309324341], [-83.3849923248201, 33.90752566513799], [-83.3857956818905, 33.905107227268914], [-83.38691277737048, 33.90149719604047], [-83.38733109315389, 33.900195179764474], [-83.38823427640854, 33.897595034205], [-83.38904238736342, 33.895231554965385], [-83.38967936925664, 33.89322313873213], [-83.39127895257067, 33.888533360171095], [-83.3931542459134, 33.88293369966635], [-83.39449475959108, 33.87901490295113], [-83.39193494910354, 33.87675352127458], [-83.39149286479602, 33.87058473523053], [-83.39151425637789, 33.86697916376534], [-83.38405586617071, 33.866049623897624], [-83.38445516821282, 33.86414314675785], [-83.38493290485732, 33.86223662779298], [-83.38496855719433, 33.86108203929836], [-83.38446942896795, 33.86037743466966]]]}",review_required,public_gis_endpoint_graph,C:\Users\sebas\PycharmProjects\Git\Project_secret_project\data\raw\public_gis\GA\netl_lines_2000.json,"8.47 mile work section; GIS endpoint graph candidate; rounded endpoint connectivity, circuit and source-feature extent need review.","[{""name"": ""University of Georgia Substation"", ""names"": [""University of Georgia Substation""], ""state"": ""GA"", ""geometry"": {""type"": ""Polygon"", ""coordinates"": [[[-83.3716952, 33.9399811], [-83.3711389, 33.9396689], [-83.3707945, 33.9400914], [-83.3707169, 33.9401866], [-83.3708106, 33.9402391], [-83.3712733, 33.9404987], [-83.3716952, 33.9399811]]]}, ""feature_id"": ""way/497514286"", ""kind"": ""substation"", ""voltage"": ""115000"", ""source"": ""osm"", ""source_url"": ""https://www.openstreetmap.org/way/497514286"", ""source_file"": ""C:\\Users\\sebas\\PycharmProjects\\Git\\Project_secret_project\\data\\raw\\osm\\GA\\power_substations_overpass.json"", ""review_required"": false, ""coordinates"": [-83.37120605000001, 33.9400838]}, {""name"": ""East Watkinsville Substation"", ""names"": [""East Watkinsville Substation""], ""state"": ""GA"", ""geometry"": {""type"": ""Polygon"", ""coordinates"": [[[-83.3853386, 33.8598133], [-83.3854893, 33.8611807], [-83.3841911, 33.8612794], [-83.3840404, 33.8599119], [-83.3853386, 33.8598133]]]}, ""feature_id"": ""way/171540512"", ""kind"": ""substation"", ""voltage"": ""230000;115000;12000"", ""source"": ""osm"", ""source_url"": ""https://www.openstreetmap.org/way/171540512"", ""source_file"": ""C:\\Users\\sebas\\PycharmProjects\\Git\\Project_secret_project\\data\\raw\\osm\\GA\\power_substations_overpass.json"", ""review_required"": false, ""coordinates"": [-83.38476485000001, 33.86054635]}]",10.749322968316216,public_gis,"['netl/31143', 'netl/36116', 'netl/40703']","[{'owner': 'GEORGIA POWER CO', 'volt_class': '100-161', 'naics_code': '221121', 'naics_desc': 'ELECTRIC BULK POWER TRANSMISSION AND CONTROL', 'val_method': 'IMAGERY', 'shape__len': 3294.56112331, 'globalid': '4d82e99c-4b4e-4d98-af4a-a01ed49a1455', 'source': 'IMAGERY, https://www.rd.usda.gov/files/UWP_GA110-GTC_EastWalton_AES%20%26%20MCS.pdf', 'objectid_1': 31143, 'type': 'AC; OVERHEAD', 'sourcedate': 1407110400000, 'voltage': 115, 'val_date': 1513641600000, 'inferred': 'N', 'sub_2': 'TAP142228', 'sub_1': 'UNKNOWN115851', 'id': '118019', 'SHAPE__Length': 3294.5610159495177, 'objectid': 31143, 'status': 'IN SERVICE'}, {'owner': 'GEORGIA POWER CO', 'volt_class': '100-161', 'naics_code': '221121', 'naics_desc': 'ELECTRIC BULK POWER TRANSMISSION AND CONTROL', 'val_method': 'IMAGERY', 'shape__len': 1443.95420185, 'globalid': 'ac276ba6-2b6b-450f-b620-5e0c2f914f28', 'source': 'IMAGERY, https://www.rd.usda.gov/files/UWP_GA110-GTC_EastWalton_AES%20%26%20MCS.pdf', 'objectid_1': 36116, 'type': 'AC; OVERHEAD', 'sourcedate': 1407110400000, 'voltage': 115, 'val_date': 1513641600000, 'inferred': 'N', 'sub_2': 'TAP142228', 'sub_1': 'UNKNOWN115852', 'id': '124107', 'SHAPE__Length': 1443.9543305228988, 'objectid': 36116, 'status': 'IN SERVICE'}, {'owner': 'GEORGIA POWER CO', 'volt_class': '100-161', 'naics_code': '221121', 'naics_desc': 'ELECTRIC BULK POWER TRANSMISSION AND CONTROL', 'val_method': 'IMAGERY', 'shape__len': 8226.64299605, 'globalid': '1d8426ac-495c-4df4-aa81-07962df96d9c', 'source': 'IMAGERY, https://www.rd.usda.gov/files/UWP_GA110-GTC_EastWalton_AES%20%26%20MCS.pdf', 'objectid_1': 40703, 'type': 'AC; OVERHEAD', 'sourcedate': 1407110400000, 'voltage': 115, 'val_date': 1513641600000, 'inferred': 'N', 'sub_2': 'EAST WATKINSVILLE', 'sub_1': 'UNKNOWN115852', 'id': '129626', 'SHAPE__Length': 8226.642973965832, 'objectid': 40703, 'status': 'IN SERVICE'}]",1.7925852914275007,0.033119093338927055,,,,,,,,,,
GA:01_expansion_plan_projects.pdf:7:20150,GPC,GA,20150,CC - HILL VIEW & GRASSY HOLLOW SUB - CC IMPROVEMENTS,Build two 230kV switching stations (Hill View and Grassy Hollow) looping into the Cartersville - McGrau Ford 230kV line (8.5 miles apart). Build two new 230kV lines: Cass Pine - Great Valley and Great Valley - Grassy Hollow (total 10.1 miles) with 200C 1351 ACSS Martin.,station,Hill View,,,230,,proposed,work,New switching station,description_checked,standard_public_gis,GA:01_expansion_plan_projects.pdf:7:20150:1,,01_expansion_plan_projects.pdf,,7,https://psc.ga.gov/search/facts-document/?documentId=221233,05_steady_state_projects.pdf,90,other,,,proposed_asset_needs_source,,,New switching station,[],,,,,,,,,,,,,,,,
GA:01_expansion_plan_projects.pdf:7:20150,GPC,GA,20150,CC - HILL VIEW & GRASSY HOLLOW SUB - CC IMPROVEMENTS,Build two 230kV switching stations (Hill View and Grassy Hollow) looping into the Cartersville - McGrau Ford 230kV line (8.5 miles apart). Build two new 230kV lines: Cass Pine - Great Valley and Great Valley - Grassy Hollow (total 10.1 miles) with 200C 1351 ACSS Martin.,station,Grassy Hollow,,,230,,proposed,work,New switching station,description_checked,standard_public_gis,GA:01_expansion_plan_projects.pdf:7:20150:2,,01_expansion_plan_projects.pdf,,7,https://psc.ga.gov/search/facts-document/?documentId=221233,05_steady_state_projects.pdf,90,other,,,proposed_asset_needs_source,,,New switching station,[],,,,,,,,,,,,,,,,
GA:01_expansion_plan_projects.pdf:7:20150,GPC,GA,20150,CC - HILL VIEW & GRASSY HOLLOW SUB - CC IMPROVEMENTS,Build two 230kV switching stations (Hill View and Grassy Hollow) looping into the Cartersville - McGrau Ford 230kV line (8.5 miles apart). Build two new 230kV lines: Cass Pine - Great Valley and Great Valley - Grassy Hollow (total 10.1 miles) with 200C 1351 ACSS Martin.,line,Cartersville - McGrau Ford,Cartersville,McGrau Ford,230,,existing,context,Parent line for two loops,description_checked,standard_public_gis,GA:01_expansion_plan_projects.pdf:7:20150:3,,01_expansion_plan_projects.pdf,,7,https://psc.ga.gov/search/facts-document/?documentId=221233,05_steady_state_projects.pdf,90,other,,,parent_corridor_context_only,,,Parent line for two loops,[],,,,,,,,,,,,,,,,
GA:01_expansion_plan_projects.pdf:7:20150,GPC,GA,20150,CC - HILL VIEW & GRASSY HOLLOW SUB - CC IMPROVEMENTS,Build two 230kV switching stations (Hill View and Grassy Hollow) looping into the Cartersville - McGrau Ford 230kV line (8.5 miles apart). Build two new 230kV lines: Cass Pine - Great Valley and Great Valley - Grassy Hollow (total 10.1 miles) with 200C 1351 ACSS Martin.,line,Cass Pine - Great Valley,Cass Pine,Great Valley,230,,proposed,work,Part of 10.1 mile new line total,description_checked,standard_public_gis,GA:01_expansion_plan_projects.pdf:7:20150:4,,01_expansion_plan_projects.pdf,,7,https://psc.ga.gov/search/facts-document/?documentId=221233,05_steady_state_projects.pdf,90,other,,,proposed_asset_needs_source,,,Part of 10.1 mile new line total,[],,,,,,,,,,,,,,,,
GA:01_expansion_plan_projects.pdf:7:20150,GPC,GA,20150,CC - HILL VIEW & GRASSY HOLLOW SUB - CC IMPROVEMENTS,Build two 230kV switching stations (Hill View and Grassy Hollow) looping into the Cartersville - McGrau Ford 230kV line (8.5 miles apart). Build two new 230kV lines: Cass Pine - Great Valley and Great Valley - Grassy Hollow (total 10.1 miles) with 200C 1351 ACSS Martin.,line,Great Valley - Grassy Hollow,Great Valley,Grassy Hollow,230,,proposed,work,Part of 10.1 mile new line total,description_checked,standard_public_gis,GA:01_expansion_plan_projects.pdf:7:20150:5,,01_expansion_plan_projects.pdf,,7,https://psc.ga.gov/search/facts-document/?documentId=221233,05_steady_state_projects.pdf,90,other,,,proposed_asset_needs_source,,,Part of 10.1 mile new line total,[],,,,,,,,,,,,,,,,
GA:01_expansion_plan_projects.pdf:7:20024,GPC,GA,20024,DYER ROAD - EAST ROANOKE 115KV (REBUILD),Rebuild 20.7 miles of 75C 397.5 ACSR conductor with advanced conductor from Dyer Road to Wansley tap on the Dyer Road - East Roanoke (APC) 115kV line.,line,Dyer Road - Wansley tap,Dyer Road,Wansley tap,115,,existing,work,20.7 mile section; tap is not Wansley station,description_checked,standard_public_gis,GA:01_expansion_plan_projects.pdf:7:20024:1,20.7,01_expansion_plan_projects.pdf,,7,https://psc.ga.gov/search/facts-document/?documentId=221233,05_steady_state_projects.pdf,91,rebuild,rebuild,,endpoint_anchor_missing,,,20.7 mile section; tap is not Wansley station,"[null, null]",,,,,,,,,,,,,,,,
GA:01_expansion_plan_projects.pdf:7:19997,GPC,GA,19997,AULTMAN ROAD-PERRY 115KV LINE REBUILD,Rebuild the PPG J2 - Langston Road line section of the Aultman Road - Perry 115kV line from 100C 336 ACSR Linnet conductor to 200C 1351 ACSS conductor.,line,PPG J2 - Langston Road,PPG J2,Langston Road,115,,existing,work,Work section,description_checked,standard_public_gis,GA:01_expansion_plan_projects.pdf:7:19997:1,,01_expansion_plan_projects.pdf,,7,https://psc.ga.gov/search/facts-document/?documentId=221233,05_steady_state_projects.pdf,92,rebuild,rebuild,,endpoint_anchor_missing,,,Work section,"[null, null]",,,,,,,,,,,,,,,,
GA:01_expansion_plan_projects.pdf:7:20797,GPC,GA,20797,CC - EAST VILLA RICA AREA SWITCHING STATION (CC IMPROVEMENT),Build a 7 rung breaker and a half switching station along the right of way of the (3) 230kV lines about 2.5 miles East of Villa Rica to service recently signed customers in the area. All three lines will terminate into this station.,station,East Villa Rica Switching,,,230,,proposed,work,New station; name from title; approximate siting description,description_checked,standard_public_gis,GA:01_expansion_plan_projects.pdf:7:20797:1,,01_expansion_plan_projects.pdf,,7,https://psc.ga.gov/search/facts-document/?documentId=221233,05_steady_state_projects.pdf,93,other,,,proposed_asset_needs_source,,,New station; name from title; approximate siting description,[],,,,,,,,,,,,,,,,
GA:01_expansion_plan_projects.pdf:7:20797,GPC,GA,20797,CC - EAST VILLA RICA AREA SWITCHING STATION (CC IMPROVEMENT),Build a 7 rung breaker and a half switching station along the right of way of the (3) 230kV lines about 2.5 miles East of Villa Rica to service recently signed customers in the area. All three lines will terminate into this station.,scope_review_needed,Three existing 230kV line terminations,,,230,,uncertain,work,Lines not individually named,description_checked,standard_public_gis,GA:01_expansion_plan_projects.pdf:7:20797:2,,01_expansion_plan_projects.pdf,,7,https://psc.ga.gov/search/facts-document/?documentId=221233,05_steady_state_projects.pdf,93,other,,,scope_review_needed,,,Lines not individually named,[],,,,,,,,,,,,,,,,
GA:01_expansion_plan_projects.pdf:7:20774,GPC,GA,20774,CC - VILLA RICA UPGRADES (CC NETWORK IMPROVEMENTS),Loop in the Bowen - Union City line into Villa Rica 500kV bus and add a second 2016 MVA 500/230kV auto transformer. Convert the 230kV side to a 10 element breaker and a half scheme.,station,Villa Rica,,,500;230,,existing,work,Transformer and bus conversion,description_checked,standard_public_gis,GA:01_expansion_plan_projects.pdf:7:20774:1,,01_expansion_plan_projects.pdf,,7,https://psc.ga.gov/search/facts-document/?documentId=221233,05_steady_state_projects.pdf,94,other,,"{""type"": ""Polygon"", ""coordinates"": [[[-84.8579112, 33.7422247], [-84.8559315, 33.742564], [-84.8545505, 33.7428002], [-84.8545237, 33.7427918], [-84.8542722, 33.7417902], [-84.8529951, 33.742017], [-84.8529415, 33.7418077], [-84.852007, 33.7420282], [-84.8517646, 33.7413512], [-84.85186, 33.7413298], [-84.852742, 33.7411319], [-84.8526678, 33.7409681], [-84.8540122, 33.7407366], [-84.8537423, 33.739725], [-84.8548046, 33.7395447], [-84.857154, 33.7391418], [-84.8579112, 33.7422247]]]}",facility_candidate,exact_facility_name,C:\Users\sebas\PycharmProjects\Git\Project_secret_project\data\raw\osm\GA\power_substations_overpass.json,Transformer and bus conversion,"[{""name"": ""Villa Rica Substation"", ""names"": [""Villa Rica Substation""], ""state"": ""GA"", ""geometry"": {""type"": ""Polygon"", ""coordinates"": [[[-84.8579112, 33.7422247], [-84.8559315, 33.742564], [-84.8545505, 33.7428002], [-84.8545237, 33.7427918], [-84.8542722, 33.7417902], [-84.8529951, 33.742017], [-84.8529415, 33.7418077], [-84.852007, 33.7420282], [-84.8517646, 33.7413512], [-84.85186, 33.7413298], [-84.852742, 33.7411319], [-84.8526678, 33.7409681], [-84.8540122, 33.7407366], [-84.8537423, 33.739725], [-84.8548046, 33.7395447], [-84.857154, 33.7391418], [-84.8579112, 33.7422247]]]}, ""feature_id"": ""way/159758304"", ""kind"": ""substation"", ""voltage"": ""500000;230000;115000;46000"", ""source"": ""osm"", ""source_url"": ""https://www.openstreetmap.org/way/159758304"", ""source_file"": ""C:\\Users\\sebas\\PycharmProjects\\Git\\Project_secret_project\\data\\raw\\osm\\GA\\power_substations_overpass.json"", ""review_required"": false, ""coordinates"": [-84.8548379, 33.740971]}]",,osm,,,,,,,,,,,,,,
GA:01_expansion_plan_projects.pdf:7:20774,GPC,GA,20774,CC - VILLA RICA UPGRADES (CC NETWORK IMPROVEMENTS),Loop in the Bowen - Union City line into Villa Rica 500kV bus and add a second 2016 MVA 500/230kV auto transformer. Convert the 230kV side to a 10 element breaker and a half scheme.,line,Bowen - Union City,Bowen,Union City,500,,existing,context,Parent corridor for loop,description_checked,standard_public_gis,GA:01_expansion_plan_projects.pdf:7:20774:2,,01_expansion_plan_projects.pdf,,7,https://psc.ga.gov/search/facts-document/?documentId=221233,05_steady_state_projects.pdf,94,other,,,parent_corridor_context_only,,,Parent corridor for loop,[],,,,,,,,,,,,,,,,
GA:01_expansion_plan_projects.pdf:7:20774,GPC,GA,20774,CC - VILLA RICA UPGRADES (CC NETWORK IMPROVEMENTS),Loop in the Bowen - Union City line into Villa Rica 500kV bus and add a second 2016 MVA 500/230kV auto transformer. Convert the 230kV side to a 10 element breaker and a half scheme.,scope_review_needed,Bowen-Union City loop into Villa Rica,,,500,,uncertain,work,Exact tie points unknown,description_checked,standard_public_gis,GA:01_expansion_plan_projects.pdf:7:20774:3,,01_expansion_plan_projects.pdf,,7,https://psc.ga.gov/search/facts-document/?documentId=221233,05_steady_state_projects.pdf,94,other,,,scope_review_needed,,,Exact tie points unknown,[],,,,,,,,,,,,,,,,
GA:01_expansion_plan_projects.pdf:8:21048,GPC,GA,21048,FITZGERALD - PITTS 115 KV LINE REBUILD,Rebuild approximately 26.14 miles of the Fitzgerald - Pitts 115kV line with 200C 1351 ACSS.,line,Fitzgerald - Pitts,Fitzgerald,Pitts,115,,existing,work,26.14 miles,description_checked,standard_public_gis,GA:01_expansion_plan_projects.pdf:8:21048:1,26.14,01_expansion_plan_projects.pdf,,8,https://arcgis.netl.doe.gov/server/rest/services/Hosted/Energy_Transition_Atlas_493d6/FeatureServer/18,05_steady_state_projects.pdf,95,rebuild,rebuild,"{""type"": ""MultiLineString"", ""coordinates"": [[[-83.29252799960041, 31.72940631116513], [-83.29252799960041, 31.72896100017404], [-83.29261928280631, 31.727999468779853], [-83.29253199979837, 31.725060999887255], [-83.29252699977552, 31.723126000256865], [-83.2926670004159, 31.722461000210004], [-83.29290300041745, 31.721338000106112], [-83.29365599972964, 31.717792000028634], [-83.29421399994648, 31.71516899969172], [-83.29510600007414, 31.710981000071865], [-83.29522599972474, 31.710414999765135], [-83.29518300006704, 31.707536000260195], [-83.29512799981546, 31.707100000378723], [-83.29516999964825, 31.706850999800302], [-83.29525699968687, 31.705045000145198], [-83.29529500022002, 31.702054999694102], [-83.295370088598, 31.69441845975058], [-83.29527359067187, 31.694129368111806]], [[-83.35461719126619, 31.78167540104119], [-83.35147600010993, 31.779096000221795], [-83.34655600006234, 31.775621000026344], [-83.33945299955123, 31.769990999684524], [-83.33867299957656, 31.769513999923788], [-83.33216300034071, 31.764685999793443], [-83.33024299964292, 31.76313000017916], [-83.32973800002786, 31.762742000366373], [-83.32496199992032, 31.759126999967574], [-83.32271099968474, 31.757522000120268], [-83.31305800008563, 31.750161999781877], [-83.31140400042494, 31.74889600008592], [-83.31058199971916, 31.748274999942222], [-83.3046149997332, 31.74372600019097], [-83.30242499959701, 31.74208200033462], [-83.29964199998217, 31.734174000133013], [-83.2990460001305, 31.732365999964724], [-83.29771299996189, 31.732105000124182], [-83.29491100008046, 31.73158000015882], [-83.29246181981512, 31.731150072097645], [-83.29242022602085, 31.72986386698224], [-83.29242616837645, 31.729580849262618], [-83.29252799960041, 31.72940631116513]], [[-83.45691944955759, 31.923447250156393], [-83.45770955288427, 31.923002685122686], [-83.45729400031868, 31.920219999990053], [-83.45718600036365, 31.918892999658777], [-83.45108899978302, 31.910809000286903], [-83.45068899974994, 31.910041000054065], [-83.44983199978238, 31.909150000357187], [-83.44365499973414, 31.902641999870564], [-83.4432019999976, 31.90211399982077], [-83.44098000007435, 31.899390000217327], [-83.4388860001976, 31.89685999995826], [-83.43512500024138, 31.89221599965521], [-83.4346680003069, 31.89185000017895], [-83.43325800014537, 31.891031999624627], [-83.42989700022223, 31.889081999805907], [-83.42568400035438, 31.886714000034615], [-83.42520099958232, 31.8861649998897], [-83.42507500008394, 31.88601700014645], [-83.4241710002607, 31.884437000043], [-83.42369699970945, 31.883608999957758], [-83.42338000041536, 31.883056000331884], [-83.42134699973967, 31.87967099988733], [-83.42047800007653, 31.87812399984643], [-83.41994599979898, 31.877269999847837], [-83.41776900008155, 31.873550999619386], [-83.41121799993951, 31.862359999781123], [-83.40943899970702, 31.859427000222055], [-83.40487299966178, 31.85150000014561], [-83.40190400027411, 31.84647099977953], [-83.39882799985801, 31.841237000371397], [-83.39785299988966, 31.839590999761576], [-83.3956650003016, 31.835895000261576], [-83.39537499987337, 31.835152999733403], [-83.39429699997287, 31.830977999838204], [-83.39423099985062, 31.830723999828177], [-83.39411500039797, 31.8302729996806], [-83.39314899975216, 31.826287999763082], [-83.39170699980356, 31.820889999738558], [-83.38807088723141, 31.806605951975083], [-83.38650220057325, 31.80097031968451], [-83.38593200033655, 31.798110000344977], [-83.38533599958657, 31.796151999855407], [-83.38491700018521, 31.794996999837277], [-83.37478099981404, 31.79128400007158], [-83.36113600028004, 31.786366000239255], [-83.36047000010817, 31.786009000257373], [-83.35662499958806, 31.783292000374413], [-83.35563600027432, 31.782511999655526], [-83.35461719126619, 31.78167540104119]], [[-83.56279799980975, 31.986578000030125], [-83.56315593083976, 31.98611675321525], [-83.56280535341865, 31.98503821682825], [-83.56056522189972, 31.98525997276658], [-83.55953725726219, 31.98538093094863], [-83.55802799056683, 31.985164214759404], [-83.55684553366677, 31.985098695704416], [-83.55580568521637, 31.985013017983196], [-83.55312584723046, 31.984529183881875], [-83.55190773799342, 31.98454934413148], [-83.55090948333729, 31.983924388048067], [-83.54794442755374, 31.98210493776397], [-83.54560328317602, 31.980058642940662], [-83.54095664406267, 31.977805650137466], [-83.53383813683313, 31.97485701827665], [-83.52753368201574, 31.972205688004117], [-83.5263096313214, 31.972004062762007], [-83.52357631393168, 31.971439510642316], [-83.52165705075075, 31.971051377807612], [-83.52051024618767, 31.970703569919156], [-83.51729562763839, 31.970743895726724], [-83.51616070688821, 31.970970727206936], [-83.51447318120283, 31.970199499259003], [-83.5127559446377, 31.96948875170945], [-83.50810336406705, 31.966791899915027], [-83.50481744174209, 31.964291568624773], [-83.5023931088775, 31.96293047384362], [-83.49870907298157, 31.961836541992806], [-83.49312359917487, 31.96028384070126], [-83.48949898324172, 31.95941169571525], [-83.48336090539811, 31.95670950615796], [-83.48032454583885, 31.955837327228707], [-83.4792252774257, 31.95577682907127], [-83.4778110830301, 31.955338215285458], [-83.47581457281957, 31.95464247762091], [-83.47460240683642, 31.95410302684883], [-83.4739547287031, 31.953331655696513], [-83.47354473221755, 31.952187193040338], [-83.47380617879615, 31.950402406295666], [-83.46697882902492, 31.95075029108155], [-83.46591521205042, 31.94972175774278], [-83.46198755484606, 31.949661254795398], [-83.46203857017105, 31.945966627361244], [-83.46136499989629, 31.942434000260224], [-83.46054599956356, 31.938308999867083], [-83.46052999967002, 31.938211999844967], [-83.4577676181876, 31.923193489700758], [-83.45691944955759, 31.923447250156393]]]}",review_required,public_gis_endpoint_graph,C:\Users\sebas\PycharmProjects\Git\Project_secret_project\data\raw\public_gis\GA\netl_lines_2000.json;C:\Users\sebas\PycharmProjects\Git\Project_secret_project\data\raw\public_gis\GA\netl_lines_4000.json,"26.14 miles; GIS endpoint graph candidate; rounded endpoint connectivity, circuit and source-feature extent need review.","[{""name"": ""Fitzgerald Substation"", ""names"": [""Fitzgerald Substation""], ""state"": ""GA"", ""geometry"": {""type"": ""Polygon"", ""coordinates"": [[[-83.2929293, 31.7296684], [-83.2920714, 31.7296773], [-83.2920703, 31.7296007], [-83.2919002, 31.7296024], [-83.2918935, 31.7291305], [-83.2920795, 31.7291286], [-83.2920777, 31.7290005], [-83.2929196, 31.7289918], [-83.2929293, 31.7296684]]]}, ""feature_id"": ""way/617660021"", ""kind"": ""substation"", ""voltage"": ""115000;46000"", ""source"": ""osm"", ""source_url"": ""https://www.openstreetmap.org/way/617660021"", ""source_file"": ""C:\\Users\\sebas\\PycharmProjects\\Git\\Project_secret_project\\data\\raw\\osm\\GA\\power_substations_overpass.json"", ""review_required"": false, ""coordinates"": [-83.29241139999999, 31.729334549999997]}, {""name"": ""PITTS"", ""names"": [""PITTS""], ""state"": ""GA"", ""geometry"": {""type"": ""Point"", ""coordinates"": [-83.5627979998097, 31.9865780000301]}, ""feature_id"": ""hifld/111747"", ""kind"": ""substation"", ""voltage"": """", ""source"": ""hifld_substation"", ""source_url"": ""https://services.arcgis.com/HQ0xoN0EzDPBOEci/ArcGIS/rest/services/Substations/FeatureServer/0/query"", ""source_file"": ""C:\\Users\\sebas\\PycharmProjects\\Git\\Project_secret_project\\data\\raw\\public_gis\\endpoint_points\\hifld_substations_GA.geojson"", ""review_required"": true, ""coordinates"": [-83.5627979998097, 31.9865780000301]}]",46.09878908598327,public_gis,"['netl/28020', 'netl/67934', 'netl/67876', 'netl/29384']","[{'owner': 'GEORGIA POWER CO', 'volt_class': '100-161', 'naics_code': '221121', 'naics_desc': 'ELECTRIC BULK POWER TRANSMISSION AND CONTROL', 'val_method': 'IMAGERY', 'shape__len': 4646.08863162, 'globalid': '74a6a6f5-7d49-4651-a9e5-324ae933422c', 'source': 'IMAGERY, OpenStreetMap, EIA 861, EIA 860', 'objectid_1': 28020, 'type': 'AC; OVERHEAD', 'sourcedate': 1402531200000, 'voltage': 115, 'val_date': 1513900800000, 'inferred': 'Y', 'sub_2': 'UNKNOWN111751', 'sub_1': 'UNKNOWN111750', 'id': '113861', 'SHAPE__Length': 4646.0886372363875, 'objectid': 28020, 'status': 'IN SERVICE'}, {'owner': 'GEORGIA POWER CO', 'volt_class': '100-161', 'naics_code': '221121', 'naics_desc': 'ELECTRIC BULK POWER TRANSMISSION AND CONTROL', 'val_method': 'IMAGERY', 'shape__len': 10095.724382, 'globalid': '47dba831-a518-4f72-b543-9ca06b19363a', 'source': 'IMAGERY, OpenStreetMap, EIA 861, EIA 860', 'objectid_1': 67934, 'type': 'AC; OVERHEAD', 'sourcedate': 1397088000000, 'voltage': 115, 'val_date': 1652054400000, 'inferred': 'Y', 'sub_2': 'TAP176774', 'sub_1': 'UNKNOWN111750', 'id': '180007', 'SHAPE__Length': 10095.724421686109, 'objectid': 67934, 'status': 'IN SERVICE'}, {'owner': 'GEORGIA POWER CO', 'volt_class': '100-161', 'naics_code': '221121', 'naics_desc': 'ELECTRIC BULK POWER TRANSMISSION AND CONTROL', 'val_method': 'IMAGERY', 'shape__len': 22979.87393669, 'globalid': '0585f4a0-5e2b-4d49-8d41-842e5788ecea', 'source': 'IMAGERY, OpenStreetMap, EIA 861, EIA 860', 'objectid_1': 67876, 'type': 'AC; OVERHEAD', 'sourcedate': 1397088000000, 'voltage': 115, 'val_date': 1652054400000, 'inferred': 'Y', 'sub_2': 'TAP176774', 'sub_1': 'UNKNOWN111748', 'id': '179889', 'SHAPE__Length': 22979.87402065276, 'objectid': 67876, 'status': 'IN SERVICE'}, {'owner': 'GEORGIA POWER CO', 'volt_class': '100-161', 'naics_code': '221121', 'naics_desc': 'ELECTRIC BULK POWER TRANSMISSION AND CONTROL', 'val_method': 'IMAGERY', 'shape__len': 16611.811679, 'globalid': 'ba716a6c-bae8-4e41-83ce-e5c9e87280b6', 'source': 'IMAGERY, OpenStreetMap, EIA 861, EIA 860', 'objectid_1': 29384, 'type': 'AC; OVERHEAD', 'sourcedate': 1402531200000, 'voltage': 115, 'val_date': 1515110400000, 'inferred': 'Y', 'sub_2': 'UNKNOWN111748', 'sub_1': 'PITTS', 'id': '115736', 'SHAPE__Length': 16611.811852360624, 'objectid': 29384, 'status': 'IN SERVICE'}]",0.013611709481279419,5.5713322112205345e-12,,,,,,,,,,
GA:01_expansion_plan_projects.pdf:8:20777,GPC,GA,20777,JACK MCDONOUGH - NORTHWEST (BLACK) 230KV RECONDUCTOR,Rebuild the Jack McDonough - Northwest (Black) 230kV line (4.59 miles) using 200C 1351 Elbrus/TW.,line,Jack McDonough - Northwest,Jack McDonough,Northwest,230,Black,existing,work,4.59 miles,description_checked,standard_public_gis,GA:01_expansion_plan_projects.pdf:8:20777:1,4.59,01_expansion_plan_projects.pdf,,8,https://psc.ga.gov/search/facts-document/?documentId=221233,05_steady_state_projects.pdf,100,other,,,endpoint_anchor_missing,,,4.59 miles,"[null, null]",,,,,,,,,,,,,,,,
GA:01_expansion_plan_projects.pdf:8:20482,GPC,GA,20482,PITTMAN ROAD - WEST POINT DAM (USA) 115KV REBUILD,Rebuild 3 miles from the Pittman Road 115kV station to the West Point Dam (USA) 115kV station with 100C 1351 ACSS Martin conductor. Replace AAC 750 jumper at Pittman Road 115kV with (2) 1590 AAC.,line,Pittman Road - West Point Dam,Pittman Road,West Point Dam,115,,existing,work,3 miles,description_checked,standard_public_gis,GA:01_expansion_plan_projects.pdf:8:20482:1,3,01_expansion_plan_projects.pdf,,8,https://psc.ga.gov/search/facts-document/?documentId=221233,05_steady_state_projects.pdf,103,rebuild,rebuild,,endpoint_anchor_missing,,,3 miles,"[null, {""name"": ""West Point Dam Substation"", ""names"": [""West Point Dam Substation""], ""state"": ""GA"", ""geometry"": {""type"": ""Polygon"", ""coordinates"": [[[-85.1907197, 32.9184318], [-85.1905625, 32.9189275], [-85.19006, 32.9188152], [-85.1902173, 32.9183195], [-85.1907197, 32.9184318]]]}, ""feature_id"": ""way/1051943826"", ""kind"": ""substation"", ""voltage"": ""115000"", ""source"": ""osm"", ""source_url"": ""https://www.openstreetmap.org/way/1051943826"", ""source_file"": ""C:\\Users\\sebas\\PycharmProjects\\Git\\Project_secret_project\\data\\raw\\osm\\GA\\power_substations_overpass.json"", ""review_required"": false, ""coordinates"": [-85.19038985, 32.9186235]}]",,,,,,,,,,,,,,,,
GA:01_expansion_plan_projects.pdf:8:20482,GPC,GA,20482,PITTMAN ROAD - WEST POINT DAM (USA) 115KV REBUILD,Rebuild 3 miles from the Pittman Road 115kV station to the West Point Dam (USA) 115kV station with 100C 1351 ACSS Martin conductor. Replace AAC 750 jumper at Pittman Road 115kV with (2) 1590 AAC.,station,Pittman Road,,,115,,existing,work,Jumper,description_checked,standard_public_gis,GA:01_expansion_plan_projects.pdf:8:20482:2,,01_expansion_plan_projects.pdf,,8,https://psc.ga.gov/search/facts-document/?documentId=221233,05_steady_state_projects.pdf,103,rebuild,rebuild,,facility_not_found_or_ambiguous,,,Jumper,[],,,,,,,,,,,,,,,,
GA:01_expansion_plan_projects.pdf:8:20656,GPC,GA,20656,PLANT YATES BREAKER AND HALF STATION,Rebuild the Yates 6 & 7 substation to a Breaker and a Half configuration.,station,Yates 6 & 7,,,,,existing,work,Station rebuild; numbered facility identity retained,description_checked,standard_public_gis,GA:01_expansion_plan_projects.pdf:8:20656:1,,01_expansion_plan_projects.pdf,,8,https://psc.ga.gov/search/facts-document/?documentId=221233,05_steady_state_projects.pdf,104,other,,,facility_not_found_or_ambiguous,,,Station rebuild; numbered facility identity retained,[],,,,,,,,,,,,,,,,
GA:01_expansion_plan_projects.pdf:8:21069,GPC,GA,21069,SMART VALVES AT EAST VILLA RICA SWITCHING STATION,Installation of Power Flow Controllers at the new East Villa Rica Switching Station on the Douglasville - Villa Rica 230kV and Summer Lake - Villa Rica 230kV lines. The Power Flow Controllers will be removed when GTCs strategic project at Cavender Drive goes in service.,station,East Villa Rica Switching,,,230,,proposed,work,Power Flow Controllers at new station; not two line rebuilds,description_checked,standard_public_gis,GA:01_expansion_plan_projects.pdf:8:21069:1,,01_expansion_plan_projects.pdf,,8,https://psc.ga.gov/search/facts-document/?documentId=221233,05_steady_state_projects.pdf,107,other,,,proposed_asset_needs_source,,,Power Flow Controllers at new station; not two line rebuilds,[],,,,,,,,,,,,,,,,
GA:01_expansion_plan_projects.pdf:8:20768,GPC,GA,20768,SOUTH MACON 115KV BUSES 1 & 2 REPLACEMENT,Replace the 115kV buses 1 and 2 at South Macon with (2) 1590 AAC.,station,South Macon,,,115,,existing,work,Buses 1 and 2,description_checked,standard_public_gis,GA:01_expansion_plan_projects.pdf:8:20768:1,,01_expansion_plan_projects.pdf,,8,https://psc.ga.gov/search/facts-document/?documentId=221233,05_steady_state_projects.pdf,108,other,,"{""type"": ""Polygon"", ""coordinates"": [[[-83.6265127, 32.81933], [-83.6269573, 32.8195219], [-83.6271303, 32.8198549], [-83.6270663, 32.8205106], [-83.6269732, 32.8205044], [-83.6268682, 32.820714], [-83.626786, 32.8207147], [-83.6261448, 32.8213685], [-83.6253422, 32.8208935], [-83.6252652, 32.8208529], [-83.625296, 32.8206455], [-83.6253203, 32.8206279], [-83.6253459, 32.8204254], [-83.6253484, 32.8203857], [-83.6254467, 32.820263], [-83.6254597, 32.8200988], [-83.6262169, 32.8201554], [-83.6262402, 32.8199169], [-83.626491, 32.8196465], [-83.6265127, 32.81933]]]}",facility_candidate,exact_facility_name,C:\Users\sebas\PycharmProjects\Git\Project_secret_project\data\raw\osm\GA\power_substations_overpass.json,Buses 1 and 2,"[{""name"": ""South Macon Substation"", ""names"": [""South Macon Substation""], ""state"": ""GA"", ""geometry"": {""type"": ""Polygon"", ""coordinates"": [[[-83.6265127, 32.81933], [-83.6269573, 32.8195219], [-83.6271303, 32.8198549], [-83.6270663, 32.8205106], [-83.6269732, 32.8205044], [-83.6268682, 32.820714], [-83.626786, 32.8207147], [-83.6261448, 32.8213685], [-83.6253422, 32.8208935], [-83.6252652, 32.8208529], [-83.625296, 32.8206455], [-83.6253203, 32.8206279], [-83.6253459, 32.8204254], [-83.6253484, 32.8203857], [-83.6254467, 32.820263], [-83.6254597, 32.8200988], [-83.6262169, 32.8201554], [-83.6262402, 32.8199169], [-83.626491, 32.8196465], [-83.6265127, 32.81933]]]}, ""feature_id"": ""way/170991653"", ""kind"": ""substation"", ""voltage"": ""230000"", ""source"": ""osm"", ""source_url"": ""https://www.openstreetmap.org/way/170991653"", ""source_file"": ""C:\\Users\\sebas\\PycharmProjects\\Git\\Project_secret_project\\data\\raw\\osm\\GA\\power_substations_overpass.json"", ""review_required"": false, ""coordinates"": [-83.62619775, 32.82034925]}]",,osm,,,,,,,,,,,,,,
GA:01_expansion_plan_projects.pdf:8:20274,GPC,GA,20274,UNION CITY - YATES 230KV (BLACK) LINE REBUILD,"Rebuild the Union City - Yates 230kV Black line with bundled 200C 1351 ACSS Martin conductor. Replace limiting elements at Union City, Fairburn #1 and Line Creek substations.",line,Union City - Yates,Union City,Yates,230,Black,existing,work,Line rebuild,description_checked,standard_public_gis,GA:01_expansion_plan_projects.pdf:8:20274:1,,01_expansion_plan_projects.pdf,,8,https://psc.ga.gov/search/facts-document/?documentId=221233,05_steady_state_projects.pdf,109,rebuild,rebuild,,endpoint_anchor_missing,,,Line rebuild,"[null, {""name"": ""Yates Switchyard"", ""names"": [""Yates Switchyard""], ""state"": ""GA"", ""geometry"": {""type"": ""Polygon"", ""coordinates"": [[[-84.8974734, 33.4603744], [-84.8961434, 33.4622718], [-84.8955816, 33.4619977], [-84.8969115, 33.4601003], [-84.8974734, 33.4603744]]]}, ""feature_id"": ""way/171166735"", ""kind"": ""substation"", ""voltage"": ""230000"", ""source"": ""osm"", ""source_url"": ""https://www.openstreetmap.org/way/171166735"", ""source_file"": ""C:\\Users\\sebas\\PycharmProjects\\Git\\Project_secret_project\\data\\raw\\osm\\GA\\power_substations_overpass.json"", ""review_required"": false, ""coordinates"": [-84.89652749999999, 33.46118605]}]",,,,,,,,,,,,,,,,
GA:01_expansion_plan_projects.pdf:8:20274,GPC,GA,20274,UNION CITY - YATES 230KV (BLACK) LINE REBUILD,"Rebuild the Union City - Yates 230kV Black line with bundled 200C 1351 ACSS Martin conductor. Replace limiting elements at Union City, Fairburn #1 and Line Creek substations.",station,Union City,,,230,,existing,work,Limiting elements,description_checked,standard_public_gis,GA:01_expansion_plan_projects.pdf:8:20274:2,,01_expansion_plan_projects.pdf,,8,https://psc.ga.gov/search/facts-document/?documentId=221233,05_steady_state_projects.pdf,109,rebuild,rebuild,,facility_not_found_or_ambiguous,,,Limiting elements,[],,,,,,,,,,,,,,,,
GA:01_expansion_plan_projects.pdf:8:20274,GPC,GA,20274,UNION CITY - YATES 230KV (BLACK) LINE REBUILD,"Rebuild the Union City - Yates 230kV Black line with bundled 200C 1351 ACSS Martin conductor. Replace limiting elements at Union City, Fairburn #1 and Line Creek substations.",station,Fairburn #1,,,230,,existing,work,Limiting elements,description_checked,standard_public_gis,GA:01_expansion_plan_projects.pdf:8:20274:3,,01_expansion_plan_projects.pdf,,8,https://psc.ga.gov/search/facts-document/?documentId=221233,05_steady_state_projects.pdf,109,rebuild,rebuild,,facility_not_found_or_ambiguous,,,Limiting elements,[],,,,,,,,,,,,,,,,
GA:01_expansion_plan_projects.pdf:8:20274,GPC,GA,20274,UNION CITY - YATES 230KV (BLACK) LINE REBUILD,"Rebuild the Union City - Yates 230kV Black line with bundled 200C 1351 ACSS Martin conductor. Replace limiting elements at Union City, Fairburn #1 and Line Creek substations.",station,Line Creek,,,230,,existing,work,Limiting elements,description_checked,standard_public_gis,GA:01_expansion_plan_projects.pdf:8:20274:4,,01_expansion_plan_projects.pdf,,8,https://psc.ga.gov/search/facts-document/?documentId=221233,05_steady_state_projects.pdf,109,rebuild,rebuild,,facility_not_found_or_ambiguous,,,Limiting elements,[],,,,,,,,,,,,,,,,
GA:01_expansion_plan_projects.pdf:8:13166,GPC,GA,13166,FIRST AVENUE - NORTH COLUMBUS 115KV LINE REBUILD,Rebuild the 0.9 miles North Columbus - First Avenue 115kV line (currently 75C 657 ACAR) with 200C 1351 ACSS conductor.,line,North Columbus - First Avenue,North Columbus,First Avenue,115,,existing,work,0.9 miles,description_checked,standard_public_gis,GA:01_expansion_plan_projects.pdf:8:13166:1,0.9,01_expansion_plan_projects.pdf,,8,https://psc.ga.gov/search/facts-document/?documentId=221233,05_steady_state_projects.pdf,110,rebuild,rebuild,,endpoint_anchor_missing,,,0.9 miles,"[null, null]",,,,,,,,,,,,,,,,
GA:01_expansion_plan_projects.pdf:9:21062,GPC,GA,21062,ASHLEY PARK-WANSLEY 500KV,"Construct a 500kV line from Ashley Park to Wansley, approximately 35 miles long.",line,Ashley Park - Wansley,Ashley Park,Wansley,500,,proposed,work,35 miles,description_checked,standard_public_gis,GA:01_expansion_plan_projects.pdf:9:21062:1,,01_expansion_plan_projects.pdf,,9,https://psc.ga.gov/search/facts-document/?documentId=221233,05_steady_state_projects.pdf,112,other,,,proposed_asset_needs_source,,,35 miles,[],,,,,,,,,,,,,,,,
GA:01_expansion_plan_projects.pdf:9:10222,GPC,GA,10222,BLAKELY PRIMARY - HUCKLEBERRY 115KV REBUILD,Rebuild the Blakley Primary - Huckleberry 115kV line from 75C 477 ACSR to 200C 1351 ACSS. (13.5 miles) GPC: Replace jumpers at Blakely Primary GTC: Replace jumpers at Blakely and Huckleberry,line,Blakely Primary - Huckleberry,Blakely Primary,Huckleberry,115,,existing,work,13.5 miles; title corrects description Blakley spelling,description_checked,standard_public_gis,GA:01_expansion_plan_projects.pdf:9:10222:1,13.5,01_expansion_plan_projects.pdf,,9,https://psc.ga.gov/search/facts-document/?documentId=221233,05_steady_state_projects.pdf,113,rebuild,rebuild,,endpoint_anchor_missing,,,13.5 miles; title corrects description Blakley spelling,"[null, null]",,,,,,,,,,,,,,,,
GA:01_expansion_plan_projects.pdf:9:10222,GPC,GA,10222,BLAKELY PRIMARY - HUCKLEBERRY 115KV REBUILD,Rebuild the Blakley Primary - Huckleberry 115kV line from 75C 477 ACSR to 200C 1351 ACSS. (13.5 miles) GPC: Replace jumpers at Blakely Primary GTC: Replace jumpers at Blakely and Huckleberry,station,Blakely Primary,,,115,,existing,work,Jumpers,description_checked,standard_public_gis,GA:01_expansion_plan_projects.pdf:9:10222:2,,01_expansion_plan_projects.pdf,,9,https://psc.ga.gov/search/facts-document/?documentId=221233,05_steady_state_projects.pdf,113,rebuild,rebuild,,facility_not_found_or_ambiguous,,,Jumpers,[],,,,,,,,,,,,,,,,
GA:01_expansion_plan_projects.pdf:9:10222,GPC,GA,10222,BLAKELY PRIMARY - HUCKLEBERRY 115KV REBUILD,Rebuild the Blakley Primary - Huckleberry 115kV line from 75C 477 ACSR to 200C 1351 ACSS. (13.5 miles) GPC: Replace jumpers at Blakely Primary GTC: Replace jumpers at Blakely and Huckleberry,station,Blakely,,,115,,existing,work,GTC jumpers; do not assume same numbered facility,description_checked,standard_public_gis,GA:01_expansion_plan_projects.pdf:9:10222:3,,01_expansion_plan_projects.pdf,,9,https://psc.ga.gov/search/facts-document/?documentId=221233,05_steady_state_projects.pdf,113,rebuild,rebuild,,facility_not_found_or_ambiguous,,,GTC jumpers; do not assume same numbered facility,[],,,,,,,,,,,,,,,,
GA:01_expansion_plan_projects.pdf:9:10222,GPC,GA,10222,BLAKELY PRIMARY - HUCKLEBERRY 115KV REBUILD,Rebuild the Blakley Primary - Huckleberry 115kV line from 75C 477 ACSR to 200C 1351 ACSS. (13.5 miles) GPC: Replace jumpers at Blakely Primary GTC: Replace jumpers at Blakely and Huckleberry,station,Huckleberry,,,115,,existing,work,GTC jumpers,description_checked,standard_public_gis,GA:01_expansion_plan_projects.pdf:9:10222:4,,01_expansion_plan_projects.pdf,,9,https://psc.ga.gov/search/facts-document/?documentId=221233,05_steady_state_projects.pdf,113,rebuild,rebuild,,facility_not_found_or_ambiguous,,,GTC jumpers,[],,,,,,,,,,,,,,,,
GA:01_expansion_plan_projects.pdf:9:21047,GPC,GA,21047,BROADWAY - ECHECONNEE 115 KV LINE REBUILD,Rebuild the Griffin Rd – Echeconnee line section of Broadway - Echeconnee line with 200C 1351 ACSS conductor.,line,Griffin Road - Echeconnee,Griffin Road,Echeconnee,115,,existing,work,Work section; replacement character in source separator,description_checked,standard_public_gis,GA:01_expansion_plan_projects.pdf:9:21047:1,,01_expansion_plan_projects.pdf,,9,https://psc.ga.gov/search/facts-document/?documentId=221233,05_steady_state_projects.pdf,114,rebuild,rebuild,,endpoint_anchor_missing,,,Work section; replacement character in source separator,"[null, null]",,,,,,,,,,,,,,,,
GA:01_expansion_plan_projects.pdf:9:16887,GPC,GA,16887,BUTLER - THOMASTON 230KV LINE CONVERSION,Rebuild the radial Thomaston - Butler 115kV line to 230kV network operation. Make all necessary upgrades and accommodations at Butler and Thomaston. Convert the Wesley substation from 115kV to 230kV.,line,Thomaston - Butler,Thomaston,Butler,115.0,,existing,work,Existing voltage 115; proposed conversion is 230,description_checked,standard_public_gis,GA:01_expansion_plan_projects.pdf:9:16887:1,,01_expansion_plan_projects.pdf,,9,https://psc.ga.gov/search/facts-document/?documentId=221233,05_steady_state_projects.pdf,115,other,,"{""type"": ""LineString"", ""coordinates"": [[-84.3128403, 32.8995846], [-84.3122395, 32.898918], [-84.3111559, 32.8975329], [-84.3101393, 32.8962673], [-84.3091469, 32.8950398], [-84.3081867, 32.8938169], [-84.3072908, 32.8926908], [-84.3062716, 32.8913755], [-84.3063681, 32.8900016], [-84.3064218, 32.8882628], [-84.3064861, 32.8869047], [-84.3065693, 32.8849811], [-84.3066042, 32.8838662], [-84.306698, 32.8821543], [-84.3067678, 32.881037], [-84.306087, 32.8791128], [-84.3052835, 32.8765408], [-84.3047895, 32.8748759], [-84.3041836, 32.8730394], [-84.3035118, 32.8708268], [-84.3036896, 32.8689737], [-84.3037621, 32.8676571], [-84.3039597, 32.8653393], [-84.3041967, 32.8625732], [-84.3043434, 32.8611384], [-84.3045136, 32.8589093], [-84.3047347, 32.8570374], [-84.3048935, 32.855275], [-84.305143, 32.8526885], [-84.3054151, 32.8504592], [-84.3055682, 32.8488158], [-84.3054605, 32.847239], [-84.3053584, 32.8453049], [-84.3051713, 32.8418844], [-84.3050863, 32.8401789], [-84.3049842, 32.838945], [-84.3048991, 32.8375395], [-84.3047493, 32.8349603], [-84.3045735, 32.8320015], [-84.3045055, 32.8305388], [-84.3043637, 32.8280707], [-84.3042843, 32.8267413], [-84.3041879, 32.8252452], [-84.3042106, 32.8241302], [-84.304222, 32.8203419], [-84.304273, 32.8178545], [-84.3043014, 32.8159293], [-84.30429, 32.8141613], [-84.3043127, 32.8118405], [-84.3043581, 32.8094386], [-84.3043694, 32.8080851], [-84.3043921, 32.8056259], [-84.3044318, 32.8035193], [-84.3044261, 32.8000019], [-84.3044544, 32.7964128], [-84.3044828, 32.7946016], [-84.3045508, 32.7907835], [-84.3045679, 32.7889816], [-84.3045849, 32.7865076], [-84.3046302, 32.7822744], [-84.3046756, 32.7791376], [-84.3046813, 32.7771638], [-84.3047225, 32.7750896], [-84.3047729, 32.7714248], [-84.3047771, 32.769368], [-84.304836, 32.7676257], [-84.3048612, 32.7642257], [-84.304899, 32.7625893], [-84.3049242, 32.7592987], [-84.304941, 32.7582313], [-84.3049789, 32.7564216], [-84.3050041, 32.753866], [-84.3050293, 32.7519431], [-84.3050629, 32.750158], [-84.3050923, 32.7482173], [-84.3051134, 32.7453009], [-84.3051848, 32.7420415], [-84.305189, 32.7400936], [-84.30521, 32.7381421], [-84.3052815, 32.7356001], [-84.3053571, 32.7331712], [-84.3051049, 32.7305089], [-84.3049494, 32.7285926], [-84.3048402, 32.7272525], [-84.3046762, 32.7252866], [-84.3044409, 32.7227336], [-84.3042391, 32.7204671], [-84.3041004, 32.7186035], [-84.3038987, 32.7158665], [-84.3037474, 32.7137766], [-84.3035288, 32.7117184], [-84.3034237, 32.7103498], [-84.3032766, 32.7085002], [-84.3031001, 32.7064525], [-84.3029068, 32.7041537], [-84.3027572, 32.7025498], [-84.3026415, 32.700869], [-84.3023918, 32.6978817], [-84.3022434, 32.6961825], [-84.3020335, 32.6935728], [-84.3018816, 32.6915872], [-84.30165, 32.6886758], [-84.3015197, 32.6872201], [-84.3013894, 32.6854476], [-84.3012555, 32.6836202], [-84.3011108, 32.6817745], [-84.3009914, 32.680139], [-84.3007272, 32.6773368], [-84.3006006, 32.6755337], [-84.3004368, 32.6735633], [-84.3002436, 32.6710405], [-84.3000515, 32.6687752], [-84.2999035, 32.6675384], [-84.2998854, 32.6672064], [-84.299795, 32.6654792], [-84.299614, 32.6636179], [-84.2993028, 32.6616683], [-84.298941, 32.6595266], [-84.2985502, 32.6571504], [-84.2982354, 32.6553133], [-84.297964, 32.6533299], [-84.2975949, 32.6513008], [-84.2972149, 32.6492473], [-84.2967481, 32.6464351], [-84.2962234, 32.6435862], [-84.2958652, 32.6417031], [-84.2955287, 32.6397347], [-84.2953333, 32.6383208], [-84.2951921, 32.6369069], [-84.295004, 32.6345514], [-84.2948556, 32.6325524], [-84.2946566, 32.6302211], [-84.2944648, 32.6277313], [-84.2942658, 32.625729], [-84.2940089, 32.622465], [-84.293846, 32.6206821], [-84.2936108, 32.6184876], [-84.2934227, 32.6163633], [-84.2933105, 32.6144949], [-84.2931657, 32.6128124], [-84.2930391, 32.6111938], [-84.2928871, 32.6094595], [-84.2927279, 32.6076976], [-84.2924818, 32.6045274], [-84.2922502, 32.6015918], [-84.2919968, 32.5986398], [-84.2917855, 32.5962487], [-84.29161, 32.5941435], [-84.2913328, 32.5908554], [-84.2911589, 32.5887236], [-84.2909703, 32.586388], [-84.2907842, 32.584205], [-84.2906204, 32.5821432], [-84.2904368, 32.5799475], [-84.2902382, 32.5775594], [-84.290072, 32.57542], [-84.2898905, 32.5732196], [-84.2897484, 32.5716099], [-84.2897285, 32.5714604]]}",review_required,osm_voltage_graph,C:\Users\sebas\PycharmProjects\Git\Project_secret_project\data\raw\osm\GA\power_lines_statewide_overpass.json,Existing voltage 115; proposed conversion is 230; OSM path candidate; circuit and exact work extent unverified.,"[{""name"": ""Thomaston Primary Substation"", ""names"": [""Thomaston Primary Substation""], ""state"": ""GA"", ""geometry"": {""type"": ""Polygon"", ""coordinates"": [[[-84.3137347, 32.8997991], [-84.3136324, 32.8999326], [-84.3133507, 32.9001621], [-84.3133025, 32.9001124], [-84.3131822, 32.9001986], [-84.3129388, 32.8999648], [-84.3128285, 32.9000304], [-84.3119898, 32.90061], [-84.3112989, 32.8999267], [-84.3117309, 32.8996221], [-84.311829, 32.8995529], [-84.3122021, 32.8999398], [-84.3125298, 32.8997034], [-84.3124877, 32.8996525], [-84.3126397, 32.8995506], [-84.312651, 32.8995696], [-84.3128693, 32.8994188], [-84.3131354, 32.899235], [-84.3134136, 32.8992814], [-84.3137019, 32.8995506], [-84.3136125, 32.8996206], [-84.3136725, 32.8997411], [-84.3137347, 32.8997991]]]}, ""feature_id"": ""way/160308061"", ""kind"": ""substation"", ""voltage"": ""230000"", ""source"": ""osm"", ""source_url"": ""https://www.openstreetmap.org/way/160308061"", ""source_file"": ""C:\\Users\\sebas\\PycharmProjects\\Git\\Project_secret_project\\data\\raw\\osm\\GA\\power_substations_overpass.json"", ""review_required"": false, ""coordinates"": [-84.3125168, 32.8999225]}, {""name"": ""Butler Primary Substation"", ""names"": [""Butler Primary Substation""], ""state"": ""GA"", ""geometry"": {""type"": ""Polygon"", ""coordinates"": [[[-84.2900471, 32.5704494], [-84.2902507, 32.5708502], [-84.2902998, 32.5715645], [-84.2897874, 32.571594], [-84.2892083, 32.5714284], [-84.2891578, 32.5706538], [-84.2895031, 32.5704731], [-84.2900471, 32.5704494]]]}, ""feature_id"": ""way/170999705"", ""kind"": ""substation"", ""voltage"": ""230000;115000;46000;12000"", ""source"": ""osm"", ""source_url"": ""https://www.openstreetmap.org/way/170999705"", ""source_file"": ""C:\\Users\\sebas\\PycharmProjects\\Git\\Project_secret_project\\data\\raw\\osm\\GA\\power_substations_overpass.json"", ""review_required"": false, ""coordinates"": [-84.2897288, 32.5710217]}]",36.79217205927088,OpenStreetMap,,,0.04820696337648376,0.048781289797944036,158.0,9724243999.0,1821040250.0,[170999701],[nan],[nan],0.0,© OpenStreetMap contributors,ODbL,
GA:01_expansion_plan_projects.pdf:9:16887,GPC,GA,16887,BUTLER - THOMASTON 230KV LINE CONVERSION,Rebuild the radial Thomaston - Butler 115kV line to 230kV network operation. Make all necessary upgrades and accommodations at Butler and Thomaston. Convert the Wesley substation from 115kV to 230kV.,station,Butler,,,115;230,,existing,work,Conversion accommodations,description_checked,standard_public_gis,GA:01_expansion_plan_projects.pdf:9:16887:2,,01_expansion_plan_projects.pdf,,9,https://psc.ga.gov/search/facts-document/?documentId=221233,05_steady_state_projects.pdf,115,other,,"{""type"": ""Polygon"", ""coordinates"": [[[-84.2900471, 32.5704494], [-84.2902507, 32.5708502], [-84.2902998, 32.5715645], [-84.2897874, 32.571594], [-84.2892083, 32.5714284], [-84.2891578, 32.5706538], [-84.2895031, 32.5704731], [-84.2900471, 32.5704494]]]}",facility_candidate,exact_facility_name,C:\Users\sebas\PycharmProjects\Git\Project_secret_project\data\raw\osm\GA\power_substations_overpass.json,Conversion accommodations,"[{""name"": ""Butler Primary Substation"", ""names"": [""Butler Primary Substation""], ""state"": ""GA"", ""geometry"": {""type"": ""Polygon"", ""coordinates"": [[[-84.2900471, 32.5704494], [-84.2902507, 32.5708502], [-84.2902998, 32.5715645], [-84.2897874, 32.571594], [-84.2892083, 32.5714284], [-84.2891578, 32.5706538], [-84.2895031, 32.5704731], [-84.2900471, 32.5704494]]]}, ""feature_id"": ""way/170999705"", ""kind"": ""substation"", ""voltage"": ""230000;115000;46000;12000"", ""source"": ""osm"", ""source_url"": ""https://www.openstreetmap.org/way/170999705"", ""source_file"": ""C:\\Users\\sebas\\PycharmProjects\\Git\\Project_secret_project\\data\\raw\\osm\\GA\\power_substations_overpass.json"", ""review_required"": false, ""coordinates"": [-84.2897288, 32.5710217]}]",,osm,,,,,,,,,,,,,,
GA:01_expansion_plan_projects.pdf:9:16887,GPC,GA,16887,BUTLER - THOMASTON 230KV LINE CONVERSION,Rebuild the radial Thomaston - Butler 115kV line to 230kV network operation. Make all necessary upgrades and accommodations at Butler and Thomaston. Convert the Wesley substation from 115kV to 230kV.,station,Thomaston,,,115;230,,existing,work,Conversion accommodations,description_checked,standard_public_gis,GA:01_expansion_plan_projects.pdf:9:16887:3,,01_expansion_plan_projects.pdf,,9,https://psc.ga.gov/search/facts-document/?documentId=221233,05_steady_state_projects.pdf,115,other,,"{""type"": ""Polygon"", ""coordinates"": [[[-84.3137347, 32.8997991], [-84.3136324, 32.8999326], [-84.3133507, 32.9001621], [-84.3133025, 32.9001124], [-84.3131822, 32.9001986], [-84.3129388, 32.8999648], [-84.3128285, 32.9000304], [-84.3119898, 32.90061], [-84.3112989, 32.8999267], [-84.3117309, 32.8996221], [-84.311829, 32.8995529], [-84.3122021, 32.8999398], [-84.3125298, 32.8997034], [-84.3124877, 32.8996525], [-84.3126397, 32.8995506], [-84.312651, 32.8995696], [-84.3128693, 32.8994188], [-84.3131354, 32.899235], [-84.3134136, 32.8992814], [-84.3137019, 32.8995506], [-84.3136125, 32.8996206], [-84.3136725, 32.8997411], [-84.3137347, 32.8997991]]]}",facility_candidate,exact_facility_name,C:\Users\sebas\PycharmProjects\Git\Project_secret_project\data\raw\osm\GA\power_substations_overpass.json,Conversion accommodations,"[{""name"": ""Thomaston Primary Substation"", ""names"": [""Thomaston Primary Substation""], ""state"": ""GA"", ""geometry"": {""type"": ""Polygon"", ""coordinates"": [[[-84.3137347, 32.8997991], [-84.3136324, 32.8999326], [-84.3133507, 32.9001621], [-84.3133025, 32.9001124], [-84.3131822, 32.9001986], [-84.3129388, 32.8999648], [-84.3128285, 32.9000304], [-84.3119898, 32.90061], [-84.3112989, 32.8999267], [-84.3117309, 32.8996221], [-84.311829, 32.8995529], [-84.3122021, 32.8999398], [-84.3125298, 32.8997034], [-84.3124877, 32.8996525], [-84.3126397, 32.8995506], [-84.312651, 32.8995696], [-84.3128693, 32.8994188], [-84.3131354, 32.899235], [-84.3134136, 32.8992814], [-84.3137019, 32.8995506], [-84.3136125, 32.8996206], [-84.3136725, 32.8997411], [-84.3137347, 32.8997991]]]}, ""feature_id"": ""way/160308061"", ""kind"": ""substation"", ""voltage"": ""230000"", ""source"": ""osm"", ""source_url"": ""https://www.openstreetmap.org/way/160308061"", ""source_file"": ""C:\\Users\\sebas\\PycharmProjects\\Git\\Project_secret_project\\data\\raw\\osm\\GA\\power_substations_overpass.json"", ""review_required"": false, ""coordinates"": [-84.3125168, 32.8999225]}]",,osm,,,,,,,,,,,,,,
GA:01_expansion_plan_projects.pdf:9:16887,GPC,GA,16887,BUTLER - THOMASTON 230KV LINE CONVERSION,Rebuild the radial Thomaston - Butler 115kV line to 230kV network operation. Make all necessary upgrades and accommodations at Butler and Thomaston. Convert the Wesley substation from 115kV to 230kV.,station,Wesley,,,115;230,,existing,work,Station conversion,description_checked,standard_public_gis,GA:01_expansion_plan_projects.pdf:9:16887:4,,01_expansion_plan_projects.pdf,,9,https://psc.ga.gov/search/facts-document/?documentId=221233,05_steady_state_projects.pdf,115,other,,,facility_not_found_or_ambiguous,,,Station conversion,[],,,,,,,,,,,,,,,,
GA:01_expansion_plan_projects.pdf:9:21036,GPC,GA,21036,BUZZARD ROOST - FACTORY SHOALS 230KV NEW LINE,A new 2 mile 230kV line is being built from Buzzard Roost to Factory Shoals with 200C 1351 ACSS Martin conductor.,line,Buzzard Roost - Factory Shoals,Buzzard Roost,Factory Shoals,230,,proposed,work,New 2 mile line,description_checked,standard_public_gis,GA:01_expansion_plan_projects.pdf:9:21036:1,,01_expansion_plan_projects.pdf,,9,https://psc.ga.gov/search/facts-document/?documentId=221233,05_steady_state_projects.pdf,116,other,,,proposed_asset_needs_source,,,New 2 mile line,[],,,,,,,,,,,,,,,,
GA:01_expansion_plan_projects.pdf:9:21142,GPC,GA,21142,CONYERS - KLONDIKE 230 KV SECOND LINE,Build a new 6.56 mile line from Conyers to Klondike with 200C (2) 1351 ACSS Martin conductor. Build one new 230kV breaker terminal at Conyers and one new 230kV terminal at Klondike.,line,Conyers - Klondike,Conyers,Klondike,230,,proposed,work,New 6.56 mile second line,description_checked,standard_public_gis,GA:01_expansion_plan_projects.pdf:9:21142:1,,01_expansion_plan_projects.pdf,,9,https://psc.ga.gov/search/facts-document/?documentId=221233,05_steady_state_projects.pdf,117,other,,,proposed_asset_needs_source,,,New 6.56 mile second line,[],,,,,,,,,,,,,,,,
GA:01_expansion_plan_projects.pdf:9:21142,GPC,GA,21142,CONYERS - KLONDIKE 230 KV SECOND LINE,Build a new 6.56 mile line from Conyers to Klondike with 200C (2) 1351 ACSS Martin conductor. Build one new 230kV breaker terminal at Conyers and one new 230kV terminal at Klondike.,station,Conyers,,,230,,existing,work,New terminal at existing station,description_checked,standard_public_gis,GA:01_expansion_plan_projects.pdf:9:21142:2,,01_expansion_plan_projects.pdf,,9,https://psc.ga.gov/search/facts-document/?documentId=221233,05_steady_state_projects.pdf,117,other,,,facility_not_found_or_ambiguous,,,New terminal at existing station,[],,,,,,,,,,,,,,,,
GA:01_expansion_plan_projects.pdf:9:21142,GPC,GA,21142,CONYERS - KLONDIKE 230 KV SECOND LINE,Build a new 6.56 mile line from Conyers to Klondike with 200C (2) 1351 ACSS Martin conductor. Build one new 230kV breaker terminal at Conyers and one new 230kV terminal at Klondike.,station,Klondike,,,230,,existing,work,New terminal at existing station,description_checked,standard_public_gis,GA:01_expansion_plan_projects.pdf:9:21142:3,,01_expansion_plan_projects.pdf,,9,https://psc.ga.gov/search/facts-document/?documentId=221233,05_steady_state_projects.pdf,117,other,,"{""type"": ""Polygon"", ""coordinates"": [[[-84.1271235, 33.6382805], [-84.1265173, 33.6387577], [-84.1255533, 33.6387547], [-84.1255366, 33.6378485], [-84.1226216, 33.6378076], [-84.1218109, 33.6371219], [-84.1218367, 33.6359955], [-84.1228204, 33.6351958], [-84.1248421, 33.6352216], [-84.1247982, 33.6361309], [-84.1271632, 33.6361331], [-84.1271235, 33.6382805]]]}",facility_candidate,exact_facility_name,C:\Users\sebas\PycharmProjects\Git\Project_secret_project\data\raw\osm\GA\power_substations_overpass.json,New terminal at existing station,"[{""name"": ""Klondike Substation"", ""names"": [""Klondike Substation""], ""state"": ""GA"", ""geometry"": {""type"": ""Polygon"", ""coordinates"": [[[-84.1271235, 33.6382805], [-84.1265173, 33.6387577], [-84.1255533, 33.6387547], [-84.1255366, 33.6378485], [-84.1226216, 33.6378076], [-84.1218109, 33.6371219], [-84.1218367, 33.6359955], [-84.1228204, 33.6351958], [-84.1248421, 33.6352216], [-84.1247982, 33.6361309], [-84.1271632, 33.6361331], [-84.1271235, 33.6382805]]]}, ""feature_id"": ""way/159784541"", ""kind"": ""substation"", ""voltage"": ""500000;230000"", ""source"": ""osm"", ""source_url"": ""https://www.openstreetmap.org/way/159784541"", ""source_file"": ""C:\\Users\\sebas\\PycharmProjects\\Git\\Project_secret_project\\data\\raw\\osm\\GA\\power_substations_overpass.json"", ""review_required"": false, ""coordinates"": [-84.12448705, 33.63697675]}]",,osm,,,,,,,,,,,,,,
GA:01_expansion_plan_projects.pdf:9:21138,GPC,GA,21138,GLENWOOD SPRINGS - PORTERDALE PRIMARY 230KV LINE SWITCH REPL,Replace the 600A line switch at Porterdale Primary on the Glenwood Springs - Porterdale Primary 230kV Line with 1200A switch.,station,Porterdale Primary,,,230,,existing,work,Line switch at station,description_checked,standard_public_gis,GA:01_expansion_plan_projects.pdf:9:21138:1,,01_expansion_plan_projects.pdf,,9,https://psc.ga.gov/search/facts-document/?documentId=221233,05_steady_state_projects.pdf,118,other,,,facility_not_found_or_ambiguous,,,Line switch at station,[],,,,,,,,,,,,,,,,
GA:01_expansion_plan_projects.pdf:9:21141,GPC,GA,21141,LLOYD SHOALS - PORTERDALE PRIMARY 115KV REBUILD,Rebuild 15.8 miles of 50C 397.5 ACSR Ibis with 200C 1351 ACSS Martin from Jackson Lake to Lloyd Shoals and Jackson Lake to South. Covington Junction.,line,Jackson Lake - Lloyd Shoals,Jackson Lake,Lloyd Shoals,115,,existing,work,One of two sections; total 15.8 miles,description_checked,standard_public_gis,GA:01_expansion_plan_projects.pdf:9:21141:1,,01_expansion_plan_projects.pdf,,9,https://psc.ga.gov/search/facts-document/?documentId=221233,05_steady_state_projects.pdf,126,rebuild,rebuild,,endpoint_anchor_missing,,,One of two sections; total 15.8 miles,"[null, null]",,,,,,,,,,,,,,,,
GA:01_expansion_plan_projects.pdf:9:21141,GPC,GA,21141,LLOYD SHOALS - PORTERDALE PRIMARY 115KV REBUILD,Rebuild 15.8 miles of 50C 397.5 ACSR Ibis with 200C 1351 ACSS Martin from Jackson Lake to Lloyd Shoals and Jackson Lake to South. Covington Junction.,line,Jackson Lake - South Covington Junction,Jackson Lake,South Covington Junction,115,,existing,work,Second section; South. punctuation normalized,description_checked,standard_public_gis,GA:01_expansion_plan_projects.pdf:9:21141:2,,01_expansion_plan_projects.pdf,,9,https://psc.ga.gov/search/facts-document/?documentId=221233,05_steady_state_projects.pdf,126,rebuild,rebuild,,endpoint_anchor_missing,,,Second section; South. punctuation normalized,"[null, null]",,,,,,,,,,,,,,,,
GA:01_expansion_plan_projects.pdf:9:20285,GPC,GA,20285,LOWER RIVER - WEBB (APC) 115KV RECONDUCTOR,Reconductor 0.97 miles of 100C 636 Grosbeak Lower River - Webb 115kV line with 200C 795 ACSS Drake conductor.,line,Lower River - Webb,Lower River,Webb,115,,existing,work,0.97 mile conductor portion; exact subsegment limits unknown,description_checked,standard_public_gis,GA:01_expansion_plan_projects.pdf:9:20285:1,0.97,01_expansion_plan_projects.pdf,,9,https://psc.ga.gov/search/facts-document/?documentId=221233,05_steady_state_projects.pdf,127,other,,,endpoint_anchor_missing,,,0.97 mile conductor portion; exact subsegment limits unknown,"[null, null]",,,,,,,,,,,,,,,,
GA:01_expansion_plan_projects.pdf:10:19621,GPC,GA,19621,MCEVER ROAD - SHOAL CREEK 115KV REBUILD,"Rebuild the 636 ACSR (1 mile) of the McEver Road - College Square section, and 2 - 4/0 copper part (2.05 miles) of the College Square to Lakeside WTP B line section, part of the McEver Road - Shoal Creek 115kV line, using 200C 1351 ACSS conductor.",line,McEver Road - College Square,McEver Road,College Square,115.0,,existing,work,1 mile conductor part,description_checked,standard_public_gis,GA:01_expansion_plan_projects.pdf:10:19621:1,1,01_expansion_plan_projects.pdf,,10,https://psc.ga.gov/search/facts-document/?documentId=221233,05_steady_state_projects.pdf,128,rebuild,rebuild,"{""type"": ""LineString"", ""coordinates"": [[-83.8738826, 34.2728493], [-83.8739516, 34.2729514], [-83.8740443, 34.2729028], [-83.8750269, 34.2723867], [-83.8757523, 34.2732565], [-83.8763223, 34.2740706], [-83.877087, 34.2751393], [-83.8779259, 34.2763308], [-83.8787386, 34.277432], [-83.8793892, 34.2781966], [-83.8796977, 34.278153], [-83.8808789, 34.2763719], [-83.8819104, 34.274699], [-83.8824137, 34.2739502], [-83.8827894, 34.2732731], [-83.8833951, 34.2723203], [-83.8843473, 34.27076], [-83.885144, 34.2694967], [-83.8865625, 34.2672324], [-83.8877155, 34.2653829], [-83.8892474, 34.2628936], [-83.8898595, 34.26193], [-83.8906401, 34.26068], [-83.8918319, 34.2587848], [-83.8929428, 34.2570074], [-83.8934707, 34.2561642], [-83.8941314, 34.2550934], [-83.8954301, 34.253], [-83.8958609, 34.2523254], [-83.8962495, 34.2517258], [-83.8968584, 34.2507486], [-83.8983676, 34.2483152], [-83.8990024, 34.2473166], [-83.8998283, 34.2459887], [-83.9011983, 34.2438014], [-83.9021699, 34.2426501], [-83.9030184, 34.2416327], [-83.9041326, 34.2403128], [-83.905373, 34.2388081], [-83.9054604, 34.2387063], [-83.9053291, 34.2386134], [-83.9039885, 34.2376646], [-83.9028599, 34.2368125], [-83.9016599, 34.2373132], [-83.9007909, 34.2368374], [-83.899843, 34.2362963], [-83.8990718, 34.2362216], [-83.8975219, 34.2360475], [-83.8964418, 34.2353961], [-83.8963956, 34.2353682], [-83.8962843, 34.2353011]]}",route_extent_mismatch,osm_voltage_graph,C:\Users\sebas\PycharmProjects\Git\Project_secret_project\data\raw\osm\GA\power_lines_statewide_overpass.json,1 mile conductor part; OSM path candidate; circuit and exact work extent unverified.; source path 6.91 km versus stated work 1.61 km; not used as project route.,"[{""name"": ""McEver Road Substation"", ""names"": [""McEver Road Substation""], ""state"": ""GA"", ""geometry"": {""type"": ""Polygon"", ""coordinates"": [[[-83.8736738, 34.2732364], [-83.8733644, 34.2728088], [-83.8739287, 34.27253], [-83.8742381, 34.2729576], [-83.8736738, 34.2732364]]]}, ""feature_id"": ""way/1037359821"", ""kind"": ""substation"", ""voltage"": ""115000"", ""source"": ""osm"", ""source_url"": ""https://www.openstreetmap.org/way/1037359821"", ""source_file"": ""C:\\Users\\sebas\\PycharmProjects\\Git\\Project_secret_project\\data\\raw\\osm\\GA\\power_substations_overpass.json"", ""review_required"": false, ""coordinates"": [-83.87380125, 34.2728832]}, {""name"": ""College Square Substation"", ""names"": [""College Square Substation""], ""state"": ""GA"", ""geometry"": {""type"": ""Polygon"", ""coordinates"": [[[-83.8963438, 34.235754], [-83.8957584, 34.2353877], [-83.8961465, 34.2349637], [-83.896732, 34.23533], [-83.8963438, 34.235754]]]}, ""feature_id"": ""way/1037359827"", ""kind"": ""substation"", ""voltage"": ""115000;12000"", ""source"": ""osm"", ""source_url"": ""https://www.openstreetmap.org/way/1037359827"", ""source_file"": ""C:\\Users\\sebas\\PycharmProjects\\Git\\Project_secret_project\\data\\raw\\osm\\GA\\power_substations_overpass.json"", ""review_required"": false, ""coordinates"": [-83.89624520000001, 34.23535885]}]",6.909058727236929,OpenStreetMap,,,0.008371729499280467,0.007359053918491663,50.0,9556183700.0,9556214354.0,"[1037359820, 1037359818, 1037359822, 1037359824, 1037359823, 1037359825, 1037359829]",[nan],[nan],0.0,© OpenStreetMap contributors,ODbL,
GA:01_expansion_plan_projects.pdf:10:19621,GPC,GA,19621,MCEVER ROAD - SHOAL CREEK 115KV REBUILD,"Rebuild the 636 ACSR (1 mile) of the McEver Road - College Square section, and 2 - 4/0 copper part (2.05 miles) of the College Square to Lakeside WTP B line section, part of the McEver Road - Shoal Creek 115kV line, using 200C 1351 ACSS conductor.",line,College Square - Lakeside WTP B,College Square,Lakeside WTP B,115,,existing,work,2.05 mile conductor part,description_checked,standard_public_gis,GA:01_expansion_plan_projects.pdf:10:19621:2,2.05,01_expansion_plan_projects.pdf,,10,https://psc.ga.gov/search/facts-document/?documentId=221233,05_steady_state_projects.pdf,128,rebuild,rebuild,,endpoint_anchor_missing,,,2.05 mile conductor part,"[{""name"": ""College Square Substation"", ""names"": [""College Square Substation""], ""state"": ""GA"", ""geometry"": {""type"": ""Polygon"", ""coordinates"": [[[-83.8963438, 34.235754], [-83.8957584, 34.2353877], [-83.8961465, 34.2349637], [-83.896732, 34.23533], [-83.8963438, 34.235754]]]}, ""feature_id"": ""way/1037359827"", ""kind"": ""substation"", ""voltage"": ""115000;12000"", ""source"": ""osm"", ""source_url"": ""https://www.openstreetmap.org/way/1037359827"", ""source_file"": ""C:\\Users\\sebas\\PycharmProjects\\Git\\Project_secret_project\\data\\raw\\osm\\GA\\power_substations_overpass.json"", ""review_required"": false, ""coordinates"": [-83.89624520000001, 34.23535885]}, null]",,,,,,,,,,,,,,,,
GA:01_expansion_plan_projects.pdf:10:20346,GPC,GA,20346,MCMANUS - WEST BRUNSWICK 115KV REBUILD,"Rebuild the McManus - West Brunswick 115kV line, approximately 5.7 miles, with 200C 1351 ACSS Martin conductor.",line,McManus - West Brunswick,McManus,West Brunswick,115,,existing,work,5.7 miles,description_checked,standard_public_gis,GA:01_expansion_plan_projects.pdf:10:20346:1,5.7,01_expansion_plan_projects.pdf,,10,https://arcgis.netl.doe.gov/server/rest/services/Hosted/Energy_Transition_Atlas_493d6/FeatureServer/18,05_steady_state_projects.pdf,129,rebuild,rebuild,"{""type"": ""MultiLineString"", ""coordinates"": [[[-81.55866900038497, 31.279994999780676], [-81.55776104617784, 31.279071175830584], [-81.55087638209486, 31.266830190774577], [-81.5506438379122, 31.26644669594579], [-81.548662210091, 31.263681233635484], [-81.5483806044191, 31.263283204008644], [-81.54472198276085, 31.257940211626334], [-81.54454355129428, 31.25767605205766], [-81.54418925305129, 31.25714847635503], [-81.54385846461759, 31.256372973829517], [-81.54323793536877, 31.255439075161703], [-81.54316826742522, 31.255361942086726], [-81.54271496585476, 31.254884989935675], [-81.54219802673126, 31.253842881790597], [-81.54045451983397, 31.25056375266075], [-81.53773071021322, 31.244992008988625], [-81.53222604795117, 31.239651605098324], [-81.52733522787895, 31.23501475315589], [-81.52569167293008, 31.23235954917777], [-81.53692738817713, 31.22419176301275], [-81.54009981824741, 31.221896526370255], [-81.54070827773205, 31.220424943183467], [-81.5426572517927, 31.215327074244005], [-81.54348853658696, 31.213193224743055], [-81.54532104676595, 31.212278485866932], [-81.54592304197382, 31.21285747673641]]]}",review_required,public_gis_endpoint_graph,C:\Users\sebas\PycharmProjects\Git\Project_secret_project\data\raw\public_gis\GA\netl_lines_4000.json,"5.7 miles; GIS endpoint graph candidate; rounded endpoint connectivity, circuit and source-feature extent need review.","[{""name"": ""McManus Switchyard"", ""names"": [""McManus Switchyard""], ""state"": ""GA"", ""geometry"": {""type"": ""Polygon"", ""coordinates"": [[[-81.5444926, 31.2137553], [-81.5441585, 31.2132974], [-81.5460225, 31.2123746], [-81.5461674, 31.2124641], [-81.5463767, 31.2128016], [-81.5444926, 31.2137553]]]}, ""feature_id"": ""way/1030860844"", ""kind"": ""substation"", ""voltage"": ""115000"", ""source"": ""osm"", ""source_url"": ""https://www.openstreetmap.org/way/1030860844"", ""source_file"": ""C:\\Users\\sebas\\PycharmProjects\\Git\\Project_secret_project\\data\\raw\\osm\\GA\\power_substations_overpass.json"", ""review_required"": false, ""coordinates"": [-81.54526759999999, 31.21306495]}, {""name"": ""West Brunswick Substation"", ""names"": [""West Brunswick Substation""], ""state"": ""GA"", ""geometry"": {""type"": ""Polygon"", ""coordinates"": [[[-81.5589857, 31.2792596], [-81.5595719, 31.2802226], [-81.5588172, 31.2805582], [-81.5580861, 31.2803786], [-81.5577417, 31.2798126], [-81.5589857, 31.2792596]]]}, ""feature_id"": ""way/174697782"", ""kind"": ""substation"", ""voltage"": ""230000;115000"", ""source"": ""osm"", ""source_url"": ""https://www.openstreetmap.org/way/174697782"", ""source_file"": ""C:\\Users\\sebas\\PycharmProjects\\Git\\Project_secret_project\\data\\raw\\osm\\GA\\power_substations_overpass.json"", ""review_required"": false, ""coordinates"": [-81.5586568, 31.279908900000002]}]",9.308181133576435,public_gis,['netl/46018'],"[{'owner': 'GEORGIA POWER CO', 'volt_class': '100-161', 'naics_code': '221121', 'naics_desc': 'ELECTRIC BULK POWER TRANSMISSION AND CONTROL', 'val_method': 'IMAGERY', 'shape__len': 10899.44693833, 'globalid': '7767a700-5a42-4c7a-9f94-7c6c5e19f716', 'source': 'IMAGERY, EIA 861, EIA 860', 'objectid_1': 46018, 'type': 'AC; OVERHEAD', 'sourcedate': 1402358400000, 'voltage': 115, 'val_date': 1514851200000, 'inferred': 'Y', 'sub_2': 'MCMANUS', 'sub_1': 'UNKNOWN111817', 'id': '135937', 'SHAPE__Length': 10899.447011086311, 'objectid': 46018, 'status': 'IN SERVICE'}]",0.06646434838202812,0.009643821413215835,,,,,,,,,,
GA:01_expansion_plan_projects.pdf:10:20757,GPC,GA,20757,NORCROSS - NORTH DRUID HILLS 115KV REBUILD,"Rebuild the Norcross - Norcross Junction (674) segment, approximately 3.9 miles, from 100C 477 ACSR Hawk conductor to 200C 1351 ACSS ""Martin"" conductor.",line,Norcross - Norcross Junction (674),Norcross,Norcross Junction (674),115,,existing,work,3.9 mile section; junction identity retained,description_checked,standard_public_gis,GA:01_expansion_plan_projects.pdf:10:20757:1,3.9,01_expansion_plan_projects.pdf,,10,https://psc.ga.gov/search/facts-document/?documentId=221233,05_steady_state_projects.pdf,132,rebuild,rebuild,,endpoint_anchor_missing,,,3.9 mile section; junction identity retained,"[{""name"": ""Norcross Substation"", ""names"": [""Norcross Substation""], ""state"": ""GA"", ""geometry"": {""type"": ""Polygon"", ""coordinates"": [[[-84.2159964, 33.9338977], [-84.2148853, 33.9342083], [-84.2144275, 33.9340219], [-84.2136241, 33.9341913], [-84.2130894, 33.9338037], [-84.2127869, 33.9330778], [-84.2112692, 33.933499], [-84.2108642, 33.9325176], [-84.2116852, 33.9316499], [-84.2144956, 33.930906], [-84.2147276, 33.9315353], [-84.2152589, 33.9319252], [-84.2153478, 33.9321629], [-84.2159964, 33.9338977]]]}, ""feature_id"": ""way/159758307"", ""kind"": ""substation"", ""voltage"": ""500000"", ""source"": ""osm"", ""source_url"": ""https://www.openstreetmap.org/way/159758307"", ""source_file"": ""C:\\Users\\sebas\\PycharmProjects\\Git\\Project_secret_project\\data\\raw\\osm\\GA\\power_substations_overpass.json"", ""review_required"": false, ""coordinates"": [-84.2134303, 33.93255715]}, null]",,,,,,,,,,,,,,,,
GA:01_expansion_plan_projects.pdf:10:13628,GPC,GA,13628,SOUTH BAINBRIDGE - SINAI (FPL) 115KV LINE RECONDUCTOR,Rebuild the Four Mile tap - Recovery - Sinai (FPL) segment of the Sinai (FPL) - South Bainbridge 115kV line from 100C 336.4 ACSR to 200C 1351 ACSS. 9.8 miles in FPL and 13.75 miles in GPC At Recovery (GTC): Replace 100C 336.4 ACSR string bus with higher rating and jumpers with (1) 1590 AAC At Sinai (FPL): Replace 100C 336.4 ACSR string bus with higher rating,line,Four Mile tap - Recovery,Four Mile tap,Recovery,115,,existing,work,First part of chain; do not substitute South Bainbridge,description_checked,standard_public_gis,GA:01_expansion_plan_projects.pdf:10:13628:1,,01_expansion_plan_projects.pdf,,10,https://psc.ga.gov/search/facts-document/?documentId=221233,05_steady_state_projects.pdf,136,other,,,endpoint_anchor_missing,,,First part of chain; do not substitute South Bainbridge,"[null, null]",,,,,,,,,,,,,,,,
GA:01_expansion_plan_projects.pdf:10:13628,GPC,GA,13628,SOUTH BAINBRIDGE - SINAI (FPL) 115KV LINE RECONDUCTOR,Rebuild the Four Mile tap - Recovery - Sinai (FPL) segment of the Sinai (FPL) - South Bainbridge 115kV line from 100C 336.4 ACSR to 200C 1351 ACSS. 9.8 miles in FPL and 13.75 miles in GPC At Recovery (GTC): Replace 100C 336.4 ACSR string bus with higher rating and jumpers with (1) 1590 AAC At Sinai (FPL): Replace 100C 336.4 ACSR string bus with higher rating,line,Recovery - Sinai,Recovery,Sinai,115,,existing,work,Second part; crosses utility/state border,description_checked,standard_public_gis,GA:01_expansion_plan_projects.pdf:10:13628:2,,01_expansion_plan_projects.pdf,,10,https://psc.ga.gov/search/facts-document/?documentId=221233,05_steady_state_projects.pdf,136,other,,,endpoint_anchor_missing,,,Second part; crosses utility/state border,"[null, null]",,,,,,,,,,,,,,,,
GA:01_expansion_plan_projects.pdf:10:13628,GPC,GA,13628,SOUTH BAINBRIDGE - SINAI (FPL) 115KV LINE RECONDUCTOR,Rebuild the Four Mile tap - Recovery - Sinai (FPL) segment of the Sinai (FPL) - South Bainbridge 115kV line from 100C 336.4 ACSR to 200C 1351 ACSS. 9.8 miles in FPL and 13.75 miles in GPC At Recovery (GTC): Replace 100C 336.4 ACSR string bus with higher rating and jumpers with (1) 1590 AAC At Sinai (FPL): Replace 100C 336.4 ACSR string bus with higher rating,station,Recovery,,,115,,existing,work,Bus and jumpers,description_checked,standard_public_gis,GA:01_expansion_plan_projects.pdf:10:13628:3,,01_expansion_plan_projects.pdf,,10,https://psc.ga.gov/search/facts-document/?documentId=221233,05_steady_state_projects.pdf,136,other,,,facility_not_found_or_ambiguous,,,Bus and jumpers,[],,,,,,,,,,,,,,,,
GA:01_expansion_plan_projects.pdf:10:13628,GPC,GA,13628,SOUTH BAINBRIDGE - SINAI (FPL) 115KV LINE RECONDUCTOR,Rebuild the Four Mile tap - Recovery - Sinai (FPL) segment of the Sinai (FPL) - South Bainbridge 115kV line from 100C 336.4 ACSR to 200C 1351 ACSS. 9.8 miles in FPL and 13.75 miles in GPC At Recovery (GTC): Replace 100C 336.4 ACSR string bus with higher rating and jumpers with (1) 1590 AAC At Sinai (FPL): Replace 100C 336.4 ACSR string bus with higher rating,station,Sinai,,,115,,existing,work,Bus,description_checked,standard_public_gis,GA:01_expansion_plan_projects.pdf:10:13628:4,,01_expansion_plan_projects.pdf,,10,https://psc.ga.gov/search/facts-document/?documentId=221233,05_steady_state_projects.pdf,136,other,,,facility_not_found_or_ambiguous,,,Bus,[],,,,,,,,,,,,,,,,
GA:01_expansion_plan_projects.pdf:10:20248,GPC,GA,20248,BAY CREEK - CONYERS 230KV REBUILD,"GPC will rebuild the Bay Creek - Conyers 230kV line, approximately 15.29 miles, using 200C 1351 ACSS ""Martin"" conductor.",line,Bay Creek - Conyers,Bay Creek,Conyers,230,,existing,work,15.29 miles,description_checked,standard_public_gis,GA:01_expansion_plan_projects.pdf:10:20248:1,15.29,01_expansion_plan_projects.pdf,,10,https://psc.ga.gov/search/facts-document/?documentId=221233,05_steady_state_projects.pdf,137,rebuild,rebuild,,endpoint_anchor_missing,,,15.29 miles,"[{""name"": ""Bay Creek Substation"", ""names"": [""Bay Creek Substation""], ""state"": ""GA"", ""geometry"": {""type"": ""Polygon"", ""coordinates"": [[[-83.882725, 33.8675129], [-83.8832512, 33.8683097], [-83.8823361, 33.8687263], [-83.8817352, 33.8685254], [-83.8814499, 33.8680934], [-83.882725, 33.8675129]]]}, ""feature_id"": ""way/175826909"", ""kind"": ""substation"", ""voltage"": ""230000"", ""source"": ""osm"", ""source_url"": ""https://www.openstreetmap.org/way/175826909"", ""source_file"": ""C:\\Users\\sebas\\PycharmProjects\\Git\\Project_secret_project\\data\\raw\\osm\\GA\\power_substations_overpass.json"", ""review_required"": false, ""coordinates"": [-83.88235055000001, 33.8681196]}, null]",,,,,,,,,,,,,,,,
GA:01_expansion_plan_projects.pdf:10:21129,GPC,GA,21129,ANNISTON - HAMMOND 230KV LINE,Rebuild the 28.12 miles section between Hammond and the Goshen tap with 200C 1351 ACSS Martin conductor.,line,Hammond - Goshen tap,Hammond,Goshen tap,230,,existing,work,28.12 miles; tap not Goshen station,description_checked,standard_public_gis,GA:01_expansion_plan_projects.pdf:10:21129:1,28.12,01_expansion_plan_projects.pdf,,10,https://psc.ga.gov/search/facts-document/?documentId=221233,05_steady_state_projects.pdf,138,other,,,endpoint_anchor_missing,,,28.12 miles; tap not Goshen station,"[{""name"": ""HAMMOND STATION"", ""names"": [""HAMMOND STATION""], ""state"": ""GA"", ""geometry"": {""type"": ""Point"", ""coordinates"": [-85.345549072293, 34.2512346692463]}, ""feature_id"": ""hifld/150093"", ""kind"": ""substation"", ""voltage"": """", ""source"": ""hifld_substation"", ""source_url"": ""https://services.arcgis.com/HQ0xoN0EzDPBOEci/ArcGIS/rest/services/Substations/FeatureServer/0/query"", ""source_file"": ""C:\\Users\\sebas\\PycharmProjects\\Git\\Project_secret_project\\data\\raw\\public_gis\\endpoint_points\\hifld_substations_GA.geojson"", ""review_required"": true, ""coordinates"": [-85.345549072293, 34.2512346692463]}, null]",,,,,,,,,,,,,,,,
GA:01_expansion_plan_projects.pdf:10:20764,GPC,GA,20764,ATKINSON - NORTHSIDE DRIVE 115KV REBUILD,"Rebuild a portion of the Atkinson - Northside 115kV line, approximately 3.2 miles from Atkinson to Chattahoochee with 200C 1351 ACSS Martin.",line,Atkinson - Chattahoochee,Atkinson,Chattahoochee,115,,existing,work,3.2 mile section,description_checked,standard_public_gis,GA:01_expansion_plan_projects.pdf:10:20764:1,3.2,01_expansion_plan_projects.pdf,,10,https://psc.ga.gov/search/facts-document/?documentId=221233,05_steady_state_projects.pdf,139,rebuild,rebuild,,endpoint_anchor_missing,,,3.2 mile section,"[null, null]",,,,,,,,,,,,,,,,
GA:01_expansion_plan_projects.pdf:10:20761,GPC,GA,20761,ATKINSON - NORTHWEST 115KV REBUILD,Rebuild the 1.2 mile Atkinson - Tilford Yards section of the Atkinson - Northwest 115kV with 200C 1351 ACSS Martin.,line,Atkinson - Tilford Yards,Atkinson,Tilford Yards,115,,existing,work,1.2 mile section,description_checked,standard_public_gis,GA:01_expansion_plan_projects.pdf:10:20761:1,1.2,01_expansion_plan_projects.pdf,,10,https://psc.ga.gov/search/facts-document/?documentId=221233,05_steady_state_projects.pdf,140,rebuild,rebuild,,endpoint_anchor_missing,,,1.2 mile section,"[null, null]",,,,,,,,,,,,,,,,
GA:01_expansion_plan_projects.pdf:10:21130,GPC,GA,21130,CC - NORTH GEORGIA DATA NETWORK UPGRADES,Construct approximately 7 miles of 115kV line with minimum 170C 1351 ACSS conductor from Gillsville Tap Junction to Midway. Utilize the existing GPC owned North Jackson - Lawrence Smith 46kV ROW that is to be retired. Disconnect the East Maysville 115kV tap at Midway 115kV and terminate the new Pond Fork - Midway 115kV line.,line,Gillsville Tap Junction - Midway,Gillsville Tap Junction,Midway,115,,proposed,work,New 7 mile line,description_checked,standard_public_gis,GA:01_expansion_plan_projects.pdf:10:21130:1,,01_expansion_plan_projects.pdf,,10,https://psc.ga.gov/search/facts-document/?documentId=221233,05_steady_state_projects.pdf,141,other,,,proposed_asset_needs_source,,,New 7 mile line,[],,,,,,,,,,,,,,,,
GA:01_expansion_plan_projects.pdf:10:21130,GPC,GA,21130,CC - NORTH GEORGIA DATA NETWORK UPGRADES,Construct approximately 7 miles of 115kV line with minimum 170C 1351 ACSS conductor from Gillsville Tap Junction to Midway. Utilize the existing GPC owned North Jackson - Lawrence Smith 46kV ROW that is to be retired. Disconnect the East Maysville 115kV tap at Midway 115kV and terminate the new Pond Fork - Midway 115kV line.,line,North Jackson - Lawrence Smith,North Jackson,Lawrence Smith,46,,existing,work,Existing ROW to be retired; not proposed 115kV geometry,description_checked,standard_public_gis,GA:01_expansion_plan_projects.pdf:10:21130:2,,01_expansion_plan_projects.pdf,,10,https://psc.ga.gov/search/facts-document/?documentId=221233,05_steady_state_projects.pdf,141,other,,,endpoint_anchor_missing,,,Existing ROW to be retired; not proposed 115kV geometry,"[{""name"": ""North Jackson Substation"", ""names"": [""North Jackson Substation""], ""state"": ""GA"", ""geometry"": {""type"": ""Polygon"", ""coordinates"": [[[-83.664602, 34.1819928], [-83.6650777, 34.1824831], [-83.66497, 34.1827657], [-83.6648382, 34.1828532], [-83.6642378, 34.1822347], [-83.6644136, 34.1821179], [-83.664602, 34.1819928]]]}, ""feature_id"": ""way/171583087"", ""kind"": ""substation"", ""voltage"": ""230000"", ""source"": ""osm"", ""source_url"": ""https://www.openstreetmap.org/way/171583087"", ""source_file"": ""C:\\Users\\sebas\\PycharmProjects\\Git\\Project_secret_project\\data\\raw\\osm\\GA\\power_substations_overpass.json"", ""review_required"": false, ""coordinates"": [-83.66465775, 34.182423]}, null]",,,,,,,,,,,,,,,,
GA:01_expansion_plan_projects.pdf:10:21130,GPC,GA,21130,CC - NORTH GEORGIA DATA NETWORK UPGRADES,Construct approximately 7 miles of 115kV line with minimum 170C 1351 ACSS conductor from Gillsville Tap Junction to Midway. Utilize the existing GPC owned North Jackson - Lawrence Smith 46kV ROW that is to be retired. Disconnect the East Maysville 115kV tap at Midway 115kV and terminate the new Pond Fork - Midway 115kV line.,station,Midway,,,115,,existing,work,Disconnect East Maysville tap and terminate Pond Fork line,description_checked,standard_public_gis,GA:01_expansion_plan_projects.pdf:10:21130:3,,01_expansion_plan_projects.pdf,,10,https://psc.ga.gov/search/facts-document/?documentId=221233,05_steady_state_projects.pdf,141,other,,,facility_not_found_or_ambiguous,,,Disconnect East Maysville tap and terminate Pond Fork line,[],,,,,,,,,,,,,,,,
GA:01_expansion_plan_projects.pdf:10:21130,GPC,GA,21130,CC - NORTH GEORGIA DATA NETWORK UPGRADES,Construct approximately 7 miles of 115kV line with minimum 170C 1351 ACSS conductor from Gillsville Tap Junction to Midway. Utilize the existing GPC owned North Jackson - Lawrence Smith 46kV ROW that is to be retired. Disconnect the East Maysville 115kV tap at Midway 115kV and terminate the new Pond Fork - Midway 115kV line.,line,Pond Fork - Midway,Pond Fork,Midway,115,,proposed,work,New line termination; detailed route not stated,description_checked,standard_public_gis,GA:01_expansion_plan_projects.pdf:10:21130:4,,01_expansion_plan_projects.pdf,,10,https://psc.ga.gov/search/facts-document/?documentId=221233,05_steady_state_projects.pdf,141,other,,,proposed_asset_needs_source,,,New line termination; detailed route not stated,[],,,,,,,,,,,,,,,,
GA:01_expansion_plan_projects.pdf:10:10478,GPC,GA,10478,CORNELIA - TALLULAH LODGE 115KV REBUILD,Rebuild approximately 9.7 miles of the Cornelia - Chase Road - Clarksville - Hollywood segments of the Cornelia - Tallulah Lodge 115kV line with 200C 795 ACSS conductor.,line,Cornelia - Chase Road,Cornelia,Chase Road,115,,existing,work,First segment of 9.7 mile chain,description_checked,standard_public_gis,GA:01_expansion_plan_projects.pdf:10:10478:1,,01_expansion_plan_projects.pdf,,10,https://psc.ga.gov/search/facts-document/?documentId=221233,05_steady_state_projects.pdf,142,rebuild,rebuild,,endpoint_anchor_missing,,,First segment of 9.7 mile chain,"[null, null]",,,,,,,,,,,,,,,,
GA:01_expansion_plan_projects.pdf:10:10478,GPC,GA,10478,CORNELIA - TALLULAH LODGE 115KV REBUILD,Rebuild approximately 9.7 miles of the Cornelia - Chase Road - Clarksville - Hollywood segments of the Cornelia - Tallulah Lodge 115kV line with 200C 795 ACSS conductor.,line,Chase Road - Clarksville,Chase Road,Clarksville,115,,existing,work,Second segment; source spelling retained,description_checked,standard_public_gis,GA:01_expansion_plan_projects.pdf:10:10478:2,,01_expansion_plan_projects.pdf,,10,https://psc.ga.gov/search/facts-document/?documentId=221233,05_steady_state_projects.pdf,142,rebuild,rebuild,,endpoint_anchor_missing,,,Second segment; source spelling retained,"[null, null]",,,,,,,,,,,,,,,,
GA:01_expansion_plan_projects.pdf:10:10478,GPC,GA,10478,CORNELIA - TALLULAH LODGE 115KV REBUILD,Rebuild approximately 9.7 miles of the Cornelia - Chase Road - Clarksville - Hollywood segments of the Cornelia - Tallulah Lodge 115kV line with 200C 795 ACSS conductor.,line,Clarksville - Hollywood,Clarksville,Hollywood,115,,existing,work,Third segment,description_checked,standard_public_gis,GA:01_expansion_plan_projects.pdf:10:10478:3,,01_expansion_plan_projects.pdf,,10,https://psc.ga.gov/search/facts-document/?documentId=221233,05_steady_state_projects.pdf,142,rebuild,rebuild,,endpoint_anchor_missing,,,Third segment,"[null, {""name"": ""Hollywood Substation"", ""names"": [""Hollywood Substation""], ""state"": ""GA"", ""geometry"": {""type"": ""Polygon"", ""coordinates"": [[[-83.4547764, 34.647707], [-83.454963, 34.6474376], [-83.4545797, 34.6472579], [-83.4543931, 34.6475274], [-83.4547764, 34.647707]]]}, ""feature_id"": ""way/52566972"", ""kind"": ""substation"", ""voltage"": ""115000"", ""source"": ""osm"", ""source_url"": ""https://www.openstreetmap.org/way/52566972"", ""source_file"": ""C:\\Users\\sebas\\PycharmProjects\\Git\\Project_secret_project\\data\\raw\\osm\\GA\\power_substations_overpass.json"", ""review_required"": false, ""coordinates"": [-83.45467805000001, 34.64748245]}]",,,,,,,,,,,,,,,,
GA:01_expansion_plan_projects.pdf:10:21097,GPC,GA,21097,EAST POINT - TRIBUTARY 230KV REBUILD,Rebuild the 2.9 mile section from Cavender Drive to Marietta 25 with 200C 1351 ACSS conductor on the East Point - Tributary 230kV line.,line,Cavender Drive - Marietta 25,Cavender Drive,Marietta 25,230,,existing,work,2.9 miles; retain station number,description_checked,standard_public_gis,GA:01_expansion_plan_projects.pdf:10:21097:1,2.9,01_expansion_plan_projects.pdf,,10,https://psc.ga.gov/search/facts-document/?documentId=221233,05_steady_state_projects.pdf,144,rebuild,rebuild,,endpoint_anchor_missing,,,2.9 miles; retain station number,"[null, null]",,,,,,,,,,,,,,,,
GA:01_expansion_plan_projects.pdf:11:20480,GPC,GA,20480,EAST POINT - UNION CITY 230KV BLACK LINE RECONDUCTOR,Reconductor the 1.5 mile section from Flat Shoals Road station to the Stonewall Tell loop - in point on the East Point - Union City 230kV Black line with 200C 1351 ACSS Martin conductor. Replace limiting elements at Union City,line,Flat Shoals Road - Stonewall Tell loop-in point,Flat Shoals Road,Stonewall Tell loop-in point,230,Black,existing,work,1.5 miles; loop-in boundary needs source,description_checked,standard_public_gis,GA:01_expansion_plan_projects.pdf:11:20480:1,1.5,01_expansion_plan_projects.pdf,,11,https://psc.ga.gov/search/facts-document/?documentId=221233,05_steady_state_projects.pdf,145,other,,,requires_primary_source,,,1.5 miles; loop-in boundary needs source,"[null, null]",,,,,,,,,,,,,,,,
GA:01_expansion_plan_projects.pdf:11:20480,GPC,GA,20480,EAST POINT - UNION CITY 230KV BLACK LINE RECONDUCTOR,Reconductor the 1.5 mile section from Flat Shoals Road station to the Stonewall Tell loop - in point on the East Point - Union City 230kV Black line with 200C 1351 ACSS Martin conductor. Replace limiting elements at Union City,station,Union City,,,230,Black,existing,work,Limiting elements,description_checked,standard_public_gis,GA:01_expansion_plan_projects.pdf:11:20480:2,,01_expansion_plan_projects.pdf,,11,https://psc.ga.gov/search/facts-document/?documentId=221233,05_steady_state_projects.pdf,145,other,,,facility_not_found_or_ambiguous,,,Limiting elements,[],,,,,,,,,,,,,,,,
GA:01_expansion_plan_projects.pdf:11:19627,GPC,GA,19627,ECHECONNEE-WELLSTON 115KV LINE REBUILD,Rebuild approximately 11.8 miles of the Echeconnee - Wellston 115kV line with 200C 1351 ACSS conductor and the limiting elements along the line with higher ratings. Replace the Bus at North Warner Robins with 1590 AAC.,line,Echeconnee - Wellston,Echeconnee,Wellston,115,,existing,work,11.8 miles,description_checked,standard_public_gis,GA:01_expansion_plan_projects.pdf:11:19627:1,11.8,01_expansion_plan_projects.pdf,,11,https://psc.ga.gov/search/facts-document/?documentId=221233,05_steady_state_projects.pdf,146,rebuild,rebuild,,endpoint_anchor_missing,,,11.8 miles,"[null, null]",,,,,,,,,,,,,,,,
GA:01_expansion_plan_projects.pdf:11:19627,GPC,GA,19627,ECHECONNEE-WELLSTON 115KV LINE REBUILD,Rebuild approximately 11.8 miles of the Echeconnee - Wellston 115kV line with 200C 1351 ACSS conductor and the limiting elements along the line with higher ratings. Replace the Bus at North Warner Robins with 1590 AAC.,station,North Warner Robins,,,115,,existing,work,Bus,description_checked,standard_public_gis,GA:01_expansion_plan_projects.pdf:11:19627:2,,01_expansion_plan_projects.pdf,,11,https://psc.ga.gov/search/facts-document/?documentId=221233,05_steady_state_projects.pdf,146,rebuild,rebuild,"{""type"": ""Polygon"", ""coordinates"": [[[-83.6220429, 32.6268234], [-83.622043, 32.6265072], [-83.6212445, 32.6265071], [-83.6212445, 32.6266308], [-83.6211949, 32.6266308], [-83.6211949, 32.6267176], [-83.6212444, 32.6267176], [-83.6212444, 32.626798], [-83.6215578, 32.626798], [-83.6215578, 32.6268234], [-83.6219128, 32.6268234], [-83.6220429, 32.6268234]]]}",facility_candidate,exact_facility_name,C:\Users\sebas\PycharmProjects\Git\Project_secret_project\data\raw\osm\GA\power_substations_overpass.json,Bus,"[{""name"": ""North Warner Robins Substation"", ""names"": [""North Warner Robins Substation""], ""state"": ""GA"", ""geometry"": {""type"": ""Polygon"", ""coordinates"": [[[-83.6220429, 32.6268234], [-83.622043, 32.6265072], [-83.6212445, 32.6265071], [-83.6212445, 32.6266308], [-83.6211949, 32.6266308], [-83.6211949, 32.6267176], [-83.6212444, 32.6267176], [-83.6212444, 32.626798], [-83.6215578, 32.626798], [-83.6215578, 32.6268234], [-83.6219128, 32.6268234], [-83.6220429, 32.6268234]]]}, ""feature_id"": ""way/703244135"", ""kind"": ""substation"", ""voltage"": ""115000;12000"", ""source"": ""osm"", ""source_url"": ""https://www.openstreetmap.org/way/703244135"", ""source_file"": ""C:\\Users\\sebas\\PycharmProjects\\Git\\Project_secret_project\\data\\raw\\osm\\GA\\power_substations_overpass.json"", ""review_required"": false, ""coordinates"": [-83.62161895, 32.62666525]}]",,osm,,,,,,,,,,,,,,
GA:01_expansion_plan_projects.pdf:11:19627,GPC,GA,19627,ECHECONNEE-WELLSTON 115KV LINE REBUILD,Rebuild approximately 11.8 miles of the Echeconnee - Wellston 115kV line with 200C 1351 ACSS conductor and the limiting elements along the line with higher ratings. Replace the Bus at North Warner Robins with 1590 AAC.,scope_review_needed,Limiting elements along Echeconnee-Wellston,,,115,,uncertain,work,Other locations not individually named,description_checked,standard_public_gis,GA:01_expansion_plan_projects.pdf:11:19627:3,,01_expansion_plan_projects.pdf,,11,https://psc.ga.gov/search/facts-document/?documentId=221233,05_steady_state_projects.pdf,146,rebuild,rebuild,,scope_review_needed,,,Other locations not individually named,[],,,,,,,,,,,,,,,,
GA:01_expansion_plan_projects.pdf:11:21063,GPC,GA,21063,FARLEY (APC)-TAZEWELL 500KV,"Construct a new 500kV line from Farley (APC) to Tazewell substation, approximately 120 miles long. Construct a 5 breaker 500kV ring bus to loop in the Blacksmith - Talbot 500kV line, terminate the new Farley - Tazewell 500kV and Talbot #2 - Tazewell 500kV lines. Install a 500/230kV auto transformer to connect to the existing 230kV switchyard.",line,Farley - Tazewell,Farley,Tazewell,500,,proposed,work,120 mile new line; Farley in adjacent state,description_checked,standard_public_gis,GA:01_expansion_plan_projects.pdf:11:21063:1,,01_expansion_plan_projects.pdf,,11,https://psc.ga.gov/search/facts-document/?documentId=221233,05_steady_state_projects.pdf,147,other,,,proposed_asset_needs_source,,,120 mile new line; Farley in adjacent state,[],,,,,,,,,,,,,,,,
GA:01_expansion_plan_projects.pdf:11:21063,GPC,GA,21063,FARLEY (APC)-TAZEWELL 500KV,"Construct a new 500kV line from Farley (APC) to Tazewell substation, approximately 120 miles long. Construct a 5 breaker 500kV ring bus to loop in the Blacksmith - Talbot 500kV line, terminate the new Farley - Tazewell 500kV and Talbot #2 - Tazewell 500kV lines. Install a 500/230kV auto transformer to connect to the existing 230kV switchyard.",station,Tazewell,,,500;230,,existing,work,New ring bus and transformer at existing switchyard,description_checked,standard_public_gis,GA:01_expansion_plan_projects.pdf:11:21063:2,,01_expansion_plan_projects.pdf,,11,https://psc.ga.gov/search/facts-document/?documentId=221233,05_steady_state_projects.pdf,147,other,,,facility_not_found_or_ambiguous,,,New ring bus and transformer at existing switchyard,[],,,,,,,,,,,,,,,,
GA:01_expansion_plan_projects.pdf:11:21063,GPC,GA,21063,FARLEY (APC)-TAZEWELL 500KV,"Construct a new 500kV line from Farley (APC) to Tazewell substation, approximately 120 miles long. Construct a 5 breaker 500kV ring bus to loop in the Blacksmith - Talbot 500kV line, terminate the new Farley - Tazewell 500kV and Talbot #2 - Tazewell 500kV lines. Install a 500/230kV auto transformer to connect to the existing 230kV switchyard.",line,Blacksmith - Talbot,Blacksmith,Talbot,500,,existing,context,Parent line for loop,description_checked,standard_public_gis,GA:01_expansion_plan_projects.pdf:11:21063:3,,01_expansion_plan_projects.pdf,,11,https://psc.ga.gov/search/facts-document/?documentId=221233,05_steady_state_projects.pdf,147,other,,,parent_corridor_context_only,,,Parent line for loop,[],,,,,,,,,,,,,,,,
GA:01_expansion_plan_projects.pdf:11:21063,GPC,GA,21063,FARLEY (APC)-TAZEWELL 500KV,"Construct a new 500kV line from Farley (APC) to Tazewell substation, approximately 120 miles long. Construct a 5 breaker 500kV ring bus to loop in the Blacksmith - Talbot 500kV line, terminate the new Farley - Tazewell 500kV and Talbot #2 - Tazewell 500kV lines. Install a 500/230kV auto transformer to connect to the existing 230kV switchyard.",line,Talbot #2 - Tazewell,Talbot #2,Tazewell,500,,proposed,work,New line termination,description_checked,standard_public_gis,GA:01_expansion_plan_projects.pdf:11:21063:4,,01_expansion_plan_projects.pdf,,11,https://psc.ga.gov/search/facts-document/?documentId=221233,05_steady_state_projects.pdf,147,other,,,proposed_asset_needs_source,,,New line termination,[],,,,,,,,,,,,,,,,
GA:01_expansion_plan_projects.pdf:11:12120,GPC,GA,12120,GAINESVILLE #2 - MCEVER ROAD 115 KV REBUILD,Rebuild approximately 5.3 miles of the Gainesville #2 - McEver Rd 115kV line with 200C 1351 ACSS conductor.,line,Gainesville #2 - McEver Road,Gainesville #2,McEver Road,115,,existing,work,5.3 miles,description_checked,standard_public_gis,GA:01_expansion_plan_projects.pdf:11:12120:1,5.3,01_expansion_plan_projects.pdf,,11,https://arcgis.netl.doe.gov/server/rest/services/Hosted/Energy_Transition_Atlas_493d6/FeatureServer/18,05_steady_state_projects.pdf,148,rebuild,rebuild,"{""type"": ""MultiLineString"", ""coordinates"": [[[-83.80953099961305, 34.26303200034957], [-83.81040394198196, 34.262714647987664], [-83.81162799267632, 34.26108422981031], [-83.81385029802678, 34.25946360270577], [-83.81767100001677, 34.25688526900973], [-83.81986359628415, 34.25543154426926], [-83.82430820698507, 34.253471923296786], [-83.82657804758709, 34.253471923296786], [-83.82865774628452, 34.2515662827748], [-83.83089100030165, 34.25057900022615], [-83.83484809709451, 34.24888585996939], [-83.83811779315049, 34.247487594015865], [-83.8428396140666, 34.24564590310004], [-83.84713900042374, 34.24392999969576], [-83.8496709999684, 34.24488799999534], [-83.85015343929342, 34.245979687660146], [-83.85188500039405, 34.25061199987557], [-83.85176400002022, 34.25088999998585]], [[-83.85378944227111, 34.25325619190146], [-83.85221567204677, 34.251071782357606], [-83.85176400002022, 34.25088999998585]], [[-83.87385199990668, 34.27282299966459], [-83.8739732778599, 34.272443050810786], [-83.874723578633, 34.27206276767016], [-83.87133332058103, 34.26734097430901], [-83.86862707841398, 34.26350549871053], [-83.8644513739018, 34.26044585487208], [-83.86154325603589, 34.25620279582408], [-83.85378944227111, 34.25325619190146]]]}",review_required,public_gis_endpoint_graph,C:\Users\sebas\PycharmProjects\Git\Project_secret_project\data\raw\public_gis\GA\netl_lines_0.json;C:\Users\sebas\PycharmProjects\Git\Project_secret_project\data\raw\public_gis\GA\netl_lines_4000.json,"5.3 miles; GIS endpoint graph candidate; rounded endpoint connectivity, circuit and source-feature extent need review.","[{""name"": ""Gainesville Substation #2"", ""names"": [""Gainesville Substation #2""], ""state"": ""GA"", ""geometry"": {""type"": ""Polygon"", ""coordinates"": [[[-83.8106779, 34.2628845], [-83.8097471, 34.2638618], [-83.8086677, 34.2631595], [-83.8095986, 34.2621822], [-83.8106779, 34.2628845]]]}, ""feature_id"": ""way/179716524"", ""kind"": ""substation"", ""voltage"": ""230000;115000;46000;12000"", ""source"": ""osm"", ""source_url"": ""https://www.openstreetmap.org/way/179716524"", ""source_file"": ""C:\\Users\\sebas\\PycharmProjects\\Git\\Project_secret_project\\data\\raw\\osm\\GA\\power_substations_overpass.json"", ""review_required"": false, ""coordinates"": [-83.8096728, 34.263022]}, {""name"": ""McEver Road Substation"", ""names"": [""McEver Road Substation""], ""state"": ""GA"", ""geometry"": {""type"": ""Polygon"", ""coordinates"": [[[-83.8736738, 34.2732364], [-83.8733644, 34.2728088], [-83.8739287, 34.27253], [-83.8742381, 34.2729576], [-83.8736738, 34.2732364]]]}, ""feature_id"": ""way/1037359821"", ""kind"": ""substation"", ""voltage"": ""115000"", ""source"": ""osm"", ""source_url"": ""https://www.openstreetmap.org/way/1037359821"", ""source_file"": ""C:\\Users\\sebas\\PycharmProjects\\Git\\Project_secret_project\\data\\raw\\osm\\GA\\power_substations_overpass.json"", ""review_required"": false, ""coordinates"": [-83.87380125, 34.2728832]}]",8.49568038034441,public_gis,"['netl/2592', 'netl/61088', 'netl/61087']","[{'owner': 'GEORGIA POWER CO', 'volt_class': '100-161', 'naics_code': '221121', 'naics_desc': 'ELECTRIC BULK POWER TRANSMISSION AND CONTROL', 'val_method': 'IMAGERY', 'shape__len': 6175.2334863, 'globalid': '9d9f97e5-4036-4132-84fd-e5b0695c905f', 'source': 'IMAGERY, EIA 861', 'objectid_1': 2592, 'type': 'AC; OVERHEAD', 'sourcedate': 1401667200000, 'voltage': 115, 'val_date': 1493164800000, 'inferred': 'Y', 'sub_2': 'UNKNOWN111234', 'sub_1': 'UNKNOWN111191', 'id': '144034', 'SHAPE__Length': 6175.2336048980615, 'objectid': 2592, 'status': 'IN SERVICE'}, {'owner': 'GEORGIA POWER CO', 'volt_class': '100-161', 'naics_code': '221121', 'naics_desc': 'ELECTRIC BULK POWER TRANSMISSION AND CONTROL', 'val_method': 'IMAGERY', 'shape__len': 398.32532935, 'globalid': '9514403b-f484-40fd-b870-8c13e7800ef1', 'source': 'IMAGERY, EIA 861', 'objectid_1': 61088, 'type': 'AC; OVERHEAD', 'sourcedate': 1601856000000, 'voltage': 115, 'val_date': 1601856000000, 'inferred': 'Y', 'sub_2': 'TAP173836', 'sub_1': 'UNKNOWN111234', 'id': '175852', 'SHAPE__Length': 398.325313914028, 'objectid': 61088, 'status': 'IN SERVICE'}, {'owner': 'GEORGIA POWER CO', 'volt_class': '100-161', 'naics_code': '221121', 'naics_desc': 'ELECTRIC BULK POWER TRANSMISSION AND CONTROL', 'val_method': 'IMAGERY', 'shape__len': 3716.58334543, 'globalid': '0e3496d9-85dc-4149-8c61-4c59095e78e8', 'source': 'IMAGERY, EIA 861', 'objectid_1': 61087, 'type': 'AC; OVERHEAD', 'sourcedate': 1407456000000, 'voltage': 115, 'val_date': 1601856000000, 'inferred': 'Y', 'sub_2': 'TAP173836', 'sub_1': 'UNKNOWN111226', 'id': '175851', 'SHAPE__Length': 3716.583263644761, 'objectid': 61087, 'status': 'IN SERVICE'}]",0.013078598795908836,0.008158167608981986,,,,,,,,,,
GA:01_expansion_plan_projects.pdf:11:20298,GPC,GA,20298,GLENWOOD SPRINGS - LAKE OCONEE 115KV LINE REBUILD,Rebuild the North Eatonton Junction - Putnam Sawmill Junction line with 200C 1351 ACSS conductor.,line,North Eatonton Junction - Putnam Sawmill Junction,North Eatonton Junction,Putnam Sawmill Junction,115,,existing,work,Work section; voltage from title,description_checked,standard_public_gis,GA:01_expansion_plan_projects.pdf:11:20298:1,,01_expansion_plan_projects.pdf,,11,https://psc.ga.gov/search/facts-document/?documentId=221233,05_steady_state_projects.pdf,149,rebuild,rebuild,,endpoint_anchor_missing,,,Work section; voltage from title,"[null, null]",,,,,,,,,,,,,,,,
GA:01_expansion_plan_projects.pdf:11:21128,GPC,GA,21128,GOAT ROCK REACTORS INSTALLATION,Install 1% series reactors on the Fortson - Goat Rock (Black) 230kV and Fortson - Goat Rock (White) 230kV.,scope_review_needed,Fortson-Goat Rock Black reactor site,,,230,Black,uncertain,work,Series reactor location not stated,description_checked,standard_public_gis,GA:01_expansion_plan_projects.pdf:11:21128:1,,01_expansion_plan_projects.pdf,,11,https://psc.ga.gov/search/facts-document/?documentId=221233,05_steady_state_projects.pdf,150,other,,,scope_review_needed,,,Series reactor location not stated,[],,,,,,,,,,,,,,,,
GA:01_expansion_plan_projects.pdf:11:21128,GPC,GA,21128,GOAT ROCK REACTORS INSTALLATION,Install 1% series reactors on the Fortson - Goat Rock (Black) 230kV and Fortson - Goat Rock (White) 230kV.,scope_review_needed,Fortson-Goat Rock White reactor site,,,230,White,uncertain,work,Separate circuit reactor location not stated,description_checked,standard_public_gis,GA:01_expansion_plan_projects.pdf:11:21128:2,,01_expansion_plan_projects.pdf,,11,https://psc.ga.gov/search/facts-document/?documentId=221233,05_steady_state_projects.pdf,150,other,,,scope_review_needed,,,Separate circuit reactor location not stated,[],,,,,,,,,,,,,,,,
GA:01_expansion_plan_projects.pdf:11:19996,GPC,GA,19996,GOLDENS CREEK - WARRENTON PRIMARY 230KV REBUILD,Rebuild approximately 0.34 miles of the Goldens Creek - Warrenton Primary 230kV line from 100C 1 - 1351.5 ACSR Martin conductor to 200C 1351 ACCR Martin conductor or equivalent.,line,Goldens Creek - Warrenton Primary,Goldens Creek,Warrenton Primary,230,,existing,work,Only 0.34 miles; exact subsegment unknown,description_checked,standard_public_gis,GA:01_expansion_plan_projects.pdf:11:19996:1,0.34,01_expansion_plan_projects.pdf,,11,https://psc.ga.gov/search/facts-document/?documentId=221233,05_steady_state_projects.pdf,151,rebuild,rebuild,,endpoint_anchor_missing,,,Only 0.34 miles; exact subsegment unknown,"[null, null]",,,,,,,,,,,,,,,,
GA:01_expansion_plan_projects.pdf:11:20428,GPC,GA,20428,GORDON-SANDERSVILLE #1 115KV LINE REBUILD (DEEPSTEP-SAND #6),"Rebuild the Deepstep - Robins Spring (7.6 miles) Robins Spring - Kaolin J (2.23mi), and Kaolin J - Sandersville #6 (0.66 miles) line sections of the Gordon - Sandersville #1 115kV line. Rebuild a total of 10.49 miles from 100C 336 ACSR to 100C ACSR 795 conductor.",line,Deepstep - Robins Spring,Deepstep,Robins Spring,115.0,,existing,work,7.6 miles,description_checked,standard_public_gis,GA:01_expansion_plan_projects.pdf:11:20428:1,7.6,01_expansion_plan_projects.pdf,,11,https://psc.ga.gov/search/facts-document/?documentId=221233,05_steady_state_projects.pdf,152,rebuild,rebuild,"{""type"": ""LineString"", ""coordinates"": [[-83.00912, 33.0161228], [-83.0090168, 33.0162456], [-83.0089102, 33.0161898], [-83.0088681, 33.0162408], [-83.008454, 33.0167426], [-83.0072187, 33.0166477], [-83.0060052, 33.0165627], [-83.0035214, 33.0163969], [-82.9999953, 33.0161545], [-82.9970702, 33.0159503], [-82.9945179, 33.0158196], [-82.9922471, 33.0156665], [-82.990136, 33.0155198], [-82.9863855, 33.0152614], [-82.9847917, 33.0151498], [-82.9820797, 33.0149552], [-82.9799001, 33.0147638], [-82.9775646, 33.0146235], [-82.9755182, 33.0144863], [-82.9732702, 33.0143524], [-82.9709119, 33.0142184], [-82.9689643, 33.0140781], [-82.9664463, 33.0138931], [-82.9638559, 33.0137496], [-82.9614025, 33.0136028], [-82.9598201, 33.0134561], [-82.9579297, 33.0133062], [-82.9541145, 33.0130893], [-82.9519616, 33.0129521], [-82.9499494, 33.012815], [-82.94769, 33.0126683], [-82.9448182, 33.0124514], [-82.9420947, 33.0122504], [-82.9388653, 33.0120335], [-82.9364879, 33.0118453], [-82.9344149, 33.0116348], [-82.9327983, 33.0114977], [-82.9314898, 33.0113733], [-82.9288158, 33.0111021], [-82.9257842, 33.01078], [-82.9194662, 33.0101006], [-82.9169595, 33.009839], [-82.9147457, 33.0096062], [-82.9124635, 33.0093861], [-82.9100139, 33.0091341], [-82.9075338, 33.0088598], [-82.9052782, 33.0086173], [-82.9027829, 33.0083685], [-82.9004855, 33.0081325], [-82.8985532, 33.007855], [-82.8957878, 33.0074658], [-82.8924405, 33.0069682], [-82.8900328, 33.0066301], [-82.8864458, 33.006142], [-82.8823302, 33.0055136], [-82.8800898, 33.0051787], [-82.879542, 33.0051085]]}",review_required,osm_voltage_graph,C:\Users\sebas\PycharmProjects\Git\Project_secret_project\data\raw\osm\GA\power_lines_statewide_overpass.json,7.6 miles; OSM path candidate; circuit and exact work extent unverified.,"[{""name"": ""Deepstep Substation"", ""names"": [""Deepstep Substation""], ""state"": ""GA"", ""geometry"": {""type"": ""Polygon"", ""coordinates"": [[[-83.0090349, 33.0164715], [-83.008613, 33.0162246], [-83.0091178, 33.015618], [-83.0095397, 33.0158649], [-83.0090349, 33.0164715]]]}, ""feature_id"": ""way/840326021"", ""kind"": ""substation"", ""voltage"": ""115000"", ""source"": ""osm"", ""source_url"": ""https://www.openstreetmap.org/way/840326021"", ""source_file"": ""C:\\Users\\sebas\\PycharmProjects\\Git\\Project_secret_project\\data\\raw\\osm\\GA\\power_substations_overpass.json"", ""review_required"": false, ""coordinates"": [-83.00907635, 33.016044750000006]}, {""name"": ""Robins Spring Substation"", ""names"": [""Robins Spring Substation""], ""state"": ""GA"", ""geometry"": {""type"": ""Polygon"", ""coordinates"": [[[-82.8799113, 33.0057861], [-82.8794922, 33.0057321], [-82.879614, 33.0050673], [-82.880033, 33.0051212], [-82.8799113, 33.0057861]]]}, ""feature_id"": ""way/1011162726"", ""kind"": ""substation"", ""voltage"": ""115000"", ""source"": ""osm"", ""source_url"": ""https://www.openstreetmap.org/way/1011162726"", ""source_file"": ""C:\\Users\\sebas\\PycharmProjects\\Git\\Project_secret_project\\data\\raw\\osm\\GA\\power_substations_overpass.json"", ""review_required"": false, ""coordinates"": [-82.87976259999999, 33.0054267]}]",12.199942246680262,OpenStreetMap,,,0.009585672044390417,0.04092766334331452,56.0,9328972462.0,9328972513.0,"[1011162725, 1011162724, 1011162723]",[nan],[nan],0.0,© OpenStreetMap contributors,ODbL,
GA:01_expansion_plan_projects.pdf:11:20428,GPC,GA,20428,GORDON-SANDERSVILLE #1 115KV LINE REBUILD (DEEPSTEP-SAND #6),"Rebuild the Deepstep - Robins Spring (7.6 miles) Robins Spring - Kaolin J (2.23mi), and Kaolin J - Sandersville #6 (0.66 miles) line sections of the Gordon - Sandersville #1 115kV line. Rebuild a total of 10.49 miles from 100C 336 ACSR to 100C ACSR 795 conductor.",line,Robins Spring - Kaolin J,Robins Spring,Kaolin J,115,,existing,work,2.23 miles,description_checked,standard_public_gis,GA:01_expansion_plan_projects.pdf:11:20428:2,2.23,01_expansion_plan_projects.pdf,,11,https://psc.ga.gov/search/facts-document/?documentId=221233,05_steady_state_projects.pdf,152,rebuild,rebuild,,endpoint_anchor_missing,,,2.23 miles,"[{""name"": ""Robins Spring Substation"", ""names"": [""Robins Spring Substation""], ""state"": ""GA"", ""geometry"": {""type"": ""Polygon"", ""coordinates"": [[[-82.8799113, 33.0057861], [-82.8794922, 33.0057321], [-82.879614, 33.0050673], [-82.880033, 33.0051212], [-82.8799113, 33.0057861]]]}, ""feature_id"": ""way/1011162726"", ""kind"": ""substation"", ""voltage"": ""115000"", ""source"": ""osm"", ""source_url"": ""https://www.openstreetmap.org/way/1011162726"", ""source_file"": ""C:\\Users\\sebas\\PycharmProjects\\Git\\Project_secret_project\\data\\raw\\osm\\GA\\power_substations_overpass.json"", ""review_required"": false, ""coordinates"": [-82.87976259999999, 33.0054267]}, null]",,,,,,,,,,,,,,,,
GA:01_expansion_plan_projects.pdf:11:20428,GPC,GA,20428,GORDON-SANDERSVILLE #1 115KV LINE REBUILD (DEEPSTEP-SAND #6),"Rebuild the Deepstep - Robins Spring (7.6 miles) Robins Spring - Kaolin J (2.23mi), and Kaolin J - Sandersville #6 (0.66 miles) line sections of the Gordon - Sandersville #1 115kV line. Rebuild a total of 10.49 miles from 100C 336 ACSR to 100C ACSR 795 conductor.",line,Kaolin J - Sandersville #6,Kaolin J,Sandersville #6,115,,existing,work,0.66 miles; not Sandersville #1,description_checked,standard_public_gis,GA:01_expansion_plan_projects.pdf:11:20428:3,0.66,01_expansion_plan_projects.pdf,,11,https://psc.ga.gov/search/facts-document/?documentId=221233,05_steady_state_projects.pdf,152,rebuild,rebuild,,endpoint_anchor_missing,,,0.66 miles; not Sandersville #1,"[null, {""name"": ""Sandersville Substation #6"", ""names"": [""Sandersville Substation #6""], ""state"": ""GA"", ""geometry"": {""type"": ""Polygon"", ""coordinates"": [[[-82.8330825, 33.0014661], [-82.8329806, 33.0022332], [-82.8323757, 33.0021766], [-82.8324776, 33.0014096], [-82.8330825, 33.0014661]]]}, ""feature_id"": ""way/484518626"", ""kind"": ""substation"", ""voltage"": ""115000;12000"", ""source"": ""osm"", ""source_url"": ""https://www.openstreetmap.org/way/484518626"", ""source_file"": ""C:\\Users\\sebas\\PycharmProjects\\Git\\Project_secret_project\\data\\raw\\osm\\GA\\power_substations_overpass.json"", ""review_required"": false, ""coordinates"": [-82.8327291, 33.0018214]}]",,,,,,,,,,,,,,,,
GA:01_expansion_plan_projects.pdf:11:21116,GPC,GA,21116,GOSHEN AREA STRATEGIC SOLUTION,"Construct a 230kV switching station on the Waynesboro - Wilson 230kV line and a new 230kV line between the switching station and Goshen, approximately 12.3 miles. Provides an alternate power flow path into Goshen outside of the existing constrained Goshen - Vogtle corridor.",station,Unnamed Waynesboro-Wilson switching station,,,230,,proposed,work,New site unspecified,description_checked,standard_public_gis,GA:01_expansion_plan_projects.pdf:11:21116:1,,01_expansion_plan_projects.pdf,,11,https://psc.ga.gov/search/facts-document/?documentId=221233,05_steady_state_projects.pdf,153,other,,,proposed_asset_needs_source,,,New site unspecified,[],,,,,,,,,,,,,,,,
GA:01_expansion_plan_projects.pdf:11:21116,GPC,GA,21116,GOSHEN AREA STRATEGIC SOLUTION,"Construct a 230kV switching station on the Waynesboro - Wilson 230kV line and a new 230kV line between the switching station and Goshen, approximately 12.3 miles. Provides an alternate power flow path into Goshen outside of the existing constrained Goshen - Vogtle corridor.",line,Waynesboro - Wilson,Waynesboro,Wilson,230,,existing,context,Parent corridor; Goshen-Vogtle is background only,description_checked,standard_public_gis,GA:01_expansion_plan_projects.pdf:11:21116:2,,01_expansion_plan_projects.pdf,,11,https://psc.ga.gov/search/facts-document/?documentId=221233,05_steady_state_projects.pdf,153,other,,,parent_corridor_context_only,,,Parent corridor; Goshen-Vogtle is background only,[],,,,,,,,,,,,,,,,
GA:01_expansion_plan_projects.pdf:11:21116,GPC,GA,21116,GOSHEN AREA STRATEGIC SOLUTION,"Construct a 230kV switching station on the Waynesboro - Wilson 230kV line and a new 230kV line between the switching station and Goshen, approximately 12.3 miles. Provides an alternate power flow path into Goshen outside of the existing constrained Goshen - Vogtle corridor.",line,Unnamed Waynesboro-Wilson switching station - Goshen,Unnamed Waynesboro-Wilson switching station,Goshen,230,,proposed,work,12.3 miles,description_checked,standard_public_gis,GA:01_expansion_plan_projects.pdf:11:21116:3,,01_expansion_plan_projects.pdf,,11,https://psc.ga.gov/search/facts-document/?documentId=221233,05_steady_state_projects.pdf,153,other,,,proposed_asset_needs_source,,,12.3 miles,[],,,,,,,,,,,,,,,,
GA:01_expansion_plan_projects.pdf:12:20789,GPC,GA,20789,JEFFERSON ROAD - WINDER PRIMARY 115KV REBUILD,Rebuild approximately 11 miles of the Jefferson Road - Russell - Richardson Street Junction segments of the Jefferson Road - Winder Primary 115kV line with 200C 1351 ACSS Martin conductor.,line,Jefferson Road - Russell,Jefferson Road,Russell,115,,existing,work,First segment of 11 mile chain,description_checked,standard_public_gis,GA:01_expansion_plan_projects.pdf:12:20789:1,,01_expansion_plan_projects.pdf,,12,https://psc.ga.gov/search/facts-document/?documentId=221233,05_steady_state_projects.pdf,162,rebuild,rebuild,,endpoint_anchor_missing,,,First segment of 11 mile chain,"[{""name"": ""Jefferson Rd Substation"", ""names"": [""Jefferson Rd Substation""], ""state"": ""GA"", ""geometry"": {""type"": ""Polygon"", ""coordinates"": [[[-83.5797804, 33.9781395], [-83.5792125, 33.9781568], [-83.5791812, 33.9774525], [-83.5797492, 33.9774352], [-83.5797804, 33.9781395]]]}, ""feature_id"": ""way/1017583912"", ""kind"": ""substation"", ""voltage"": ""115000"", ""source"": ""osm"", ""source_url"": ""https://www.openstreetmap.org/way/1017583912"", ""source_file"": ""C:\\Users\\sebas\\PycharmProjects\\Git\\Project_secret_project\\data\\raw\\osm\\GA\\power_substations_overpass.json"", ""review_required"": false, ""coordinates"": [-83.5794808, 33.977796]}, null]",,,,,,,,,,,,,,,,
GA:01_expansion_plan_projects.pdf:12:20789,GPC,GA,20789,JEFFERSON ROAD - WINDER PRIMARY 115KV REBUILD,Rebuild approximately 11 miles of the Jefferson Road - Russell - Richardson Street Junction segments of the Jefferson Road - Winder Primary 115kV line with 200C 1351 ACSS Martin conductor.,line,Russell - Richardson Street Junction,Russell,Richardson Street Junction,115,,existing,work,Second segment,description_checked,standard_public_gis,GA:01_expansion_plan_projects.pdf:12:20789:2,,01_expansion_plan_projects.pdf,,12,https://psc.ga.gov/search/facts-document/?documentId=221233,05_steady_state_projects.pdf,162,rebuild,rebuild,,endpoint_anchor_missing,,,Second segment,"[null, null]",,,,,,,,,,,,,,,,
GA:01_expansion_plan_projects.pdf:12:20284,GPC,GA,20284,KETTLE CREEK PRIMARY - PINE GROVE PRIMARY 115KV REBUILD,Rebuild approximately 38.04 miles of 50C 4/0 ACSR conductor from the Pine Grove to the Pearson tap using 200C 1351 ACSS conductor.,line,Pine Grove - Pearson tap,Pine Grove,Pearson tap,115,,existing,work,38.04 miles; tap not Pearson station,description_checked,standard_public_gis,GA:01_expansion_plan_projects.pdf:12:20284:1,38.04,01_expansion_plan_projects.pdf,,12,https://psc.ga.gov/search/facts-document/?documentId=221233,05_steady_state_projects.pdf,163,rebuild,rebuild,,endpoint_anchor_missing,,,38.04 miles; tap not Pearson station,"[null, null]",,,,,,,,,,,,,,,,
GA:01_expansion_plan_projects.pdf:12:20857,GPC,GA,20857,NEW CAVENDER DRIVE - TRIBUTARY 230KV LINE,Build a new 4 mile 230kV line from Cavender Drive to Tributary with 200C 1351 ACSS Martin.,line,Cavender Drive - Tributary,Cavender Drive,Tributary,230,,proposed,work,New 4 mile line,description_checked,standard_public_gis,GA:01_expansion_plan_projects.pdf:12:20857:1,,01_expansion_plan_projects.pdf,,12,https://psc.ga.gov/search/facts-document/?documentId=221233,05_steady_state_projects.pdf,165,other,,,proposed_asset_needs_source,,,New 4 mile line,[],,,,,,,,,,,,,,,,
GA:01_expansion_plan_projects.pdf:12:21093,GPC,GA,21093,NORTH SPA 230KV STRATEGIC PROJECT,This project includes the following scope of work: Build a new 230kV switching station north of Oasis in a ring bus configuration with 4 - breakers. Loop in the East Social Circle - Oasis (White) 230kV line. Build a new 230kV line to Cornish Mountain from North Spa. New 230kV line from Rockville 230kV will terminate in this station.,station,North Spa,,,230,,proposed,work,New station north of Oasis,description_checked,standard_public_gis,GA:01_expansion_plan_projects.pdf:12:21093:1,,01_expansion_plan_projects.pdf,,12,https://psc.ga.gov/search/facts-document/?documentId=221233,05_steady_state_projects.pdf,166,other,,,proposed_asset_needs_source,,,New station north of Oasis,[],,,,,,,,,,,,,,,,
GA:01_expansion_plan_projects.pdf:12:21093,GPC,GA,21093,NORTH SPA 230KV STRATEGIC PROJECT,This project includes the following scope of work: Build a new 230kV switching station north of Oasis in a ring bus configuration with 4 - breakers. Loop in the East Social Circle - Oasis (White) 230kV line. Build a new 230kV line to Cornish Mountain from North Spa. New 230kV line from Rockville 230kV will terminate in this station.,line,East Social Circle - Oasis,East Social Circle,Oasis,230,White,existing,context,Parent corridor for loop,description_checked,standard_public_gis,GA:01_expansion_plan_projects.pdf:12:21093:2,,01_expansion_plan_projects.pdf,,12,https://psc.ga.gov/search/facts-document/?documentId=221233,05_steady_state_projects.pdf,166,other,,,parent_corridor_context_only,,,Parent corridor for loop,[],,,,,,,,,,,,,,,,
GA:01_expansion_plan_projects.pdf:12:21093,GPC,GA,21093,NORTH SPA 230KV STRATEGIC PROJECT,This project includes the following scope of work: Build a new 230kV switching station north of Oasis in a ring bus configuration with 4 - breakers. Loop in the East Social Circle - Oasis (White) 230kV line. Build a new 230kV line to Cornish Mountain from North Spa. New 230kV line from Rockville 230kV will terminate in this station.,line,North Spa - Cornish Mountain,North Spa,Cornish Mountain,230,,proposed,work,New line,description_checked,standard_public_gis,GA:01_expansion_plan_projects.pdf:12:21093:3,,01_expansion_plan_projects.pdf,,12,https://psc.ga.gov/search/facts-document/?documentId=221233,05_steady_state_projects.pdf,166,other,,,proposed_asset_needs_source,,,New line,[],,,,,,,,,,,,,,,,
GA:01_expansion_plan_projects.pdf:12:21093,GPC,GA,21093,NORTH SPA 230KV STRATEGIC PROJECT,This project includes the following scope of work: Build a new 230kV switching station north of Oasis in a ring bus configuration with 4 - breakers. Loop in the East Social Circle - Oasis (White) 230kV line. Build a new 230kV line to Cornish Mountain from North Spa. New 230kV line from Rockville 230kV will terminate in this station.,line,Rockville - North Spa,Rockville,North Spa,230,,proposed,work,New line termination,description_checked,standard_public_gis,GA:01_expansion_plan_projects.pdf:12:21093:4,,01_expansion_plan_projects.pdf,,12,https://psc.ga.gov/search/facts-document/?documentId=221233,05_steady_state_projects.pdf,166,other,,,proposed_asset_needs_source,,,New line termination,[],,,,,,,,,,,,,,,,
GA:01_expansion_plan_projects.pdf:12:19995,GPC,GA,19995,TALLULAH LODGE - TOCCOA 115 KV REBUILD,Rebuild the Tallulah Lodge - Toccoa 115kV Line with 100C 795 ACSR conductor (total of 10.3 miles). Replace limiting elements at Tallulah Lodge and Toccoa.,line,Tallulah Lodge - Toccoa,Tallulah Lodge,Toccoa,115,,existing,work,10.3 miles,description_checked,standard_public_gis,GA:01_expansion_plan_projects.pdf:12:19995:1,10.3,01_expansion_plan_projects.pdf,,12,https://psc.ga.gov/search/facts-document/?documentId=221233,05_steady_state_projects.pdf,167,rebuild,rebuild,,endpoint_anchor_missing,,,10.3 miles,"[null, {""name"": ""Toccoa Primary Substation"", ""names"": [""Toccoa Primary Substation""], ""state"": ""GA"", ""geometry"": {""type"": ""Polygon"", ""coordinates"": [[[-83.3535351, 34.5812536], [-83.3535805, 34.5807395], [-83.3519012, 34.5806389], [-83.3518876, 34.5807923], [-83.352247, 34.5811766], [-83.3535351, 34.5812536]]]}, ""feature_id"": ""way/52440914"", ""kind"": ""substation"", ""voltage"": ""115000"", ""source"": ""osm"", ""source_url"": ""https://www.openstreetmap.org/way/52440914"", ""source_file"": ""C:\\Users\\sebas\\PycharmProjects\\Git\\Project_secret_project\\data\\raw\\osm\\GA\\power_substations_overpass.json"", ""review_required"": false, ""coordinates"": [-83.35273405000001, 34.58094625]}]",,,,,,,,,,,,,,,,
GA:01_expansion_plan_projects.pdf:12:19995,GPC,GA,19995,TALLULAH LODGE - TOCCOA 115 KV REBUILD,Rebuild the Tallulah Lodge - Toccoa 115kV Line with 100C 795 ACSR conductor (total of 10.3 miles). Replace limiting elements at Tallulah Lodge and Toccoa.,station,Tallulah Lodge,,,115,,existing,work,Limiting elements,description_checked,standard_public_gis,GA:01_expansion_plan_projects.pdf:12:19995:2,,01_expansion_plan_projects.pdf,,12,https://psc.ga.gov/search/facts-document/?documentId=221233,05_steady_state_projects.pdf,167,rebuild,rebuild,,facility_not_found_or_ambiguous,,,Limiting elements,[],,,,,,,,,,,,,,,,
GA:01_expansion_plan_projects.pdf:12:19995,GPC,GA,19995,TALLULAH LODGE - TOCCOA 115 KV REBUILD,Rebuild the Tallulah Lodge - Toccoa 115kV Line with 100C 795 ACSR conductor (total of 10.3 miles). Replace limiting elements at Tallulah Lodge and Toccoa.,station,Toccoa,,,115,,existing,work,Limiting elements,description_checked,standard_public_gis,GA:01_expansion_plan_projects.pdf:12:19995:3,,01_expansion_plan_projects.pdf,,12,https://psc.ga.gov/search/facts-document/?documentId=221233,05_steady_state_projects.pdf,167,rebuild,rebuild,"{""type"": ""Polygon"", ""coordinates"": [[[-83.3535351, 34.5812536], [-83.3535805, 34.5807395], [-83.3519012, 34.5806389], [-83.3518876, 34.5807923], [-83.352247, 34.5811766], [-83.3535351, 34.5812536]]]}",facility_candidate,exact_facility_name,C:\Users\sebas\PycharmProjects\Git\Project_secret_project\data\raw\osm\GA\power_substations_overpass.json,Limiting elements,"[{""name"": ""Toccoa Primary Substation"", ""names"": [""Toccoa Primary Substation""], ""state"": ""GA"", ""geometry"": {""type"": ""Polygon"", ""coordinates"": [[[-83.3535351, 34.5812536], [-83.3535805, 34.5807395], [-83.3519012, 34.5806389], [-83.3518876, 34.5807923], [-83.352247, 34.5811766], [-83.3535351, 34.5812536]]]}, ""feature_id"": ""way/52440914"", ""kind"": ""substation"", ""voltage"": ""115000"", ""source"": ""osm"", ""source_url"": ""https://www.openstreetmap.org/way/52440914"", ""source_file"": ""C:\\Users\\sebas\\PycharmProjects\\Git\\Project_secret_project\\data\\raw\\osm\\GA\\power_substations_overpass.json"", ""review_required"": false, ""coordinates"": [-83.35273405000001, 34.58094625]}]",,osm,,,,,,,,,,,,,,
GA:01_expansion_plan_projects.pdf:12:21098,GPC,GA,21098,TRIBUTARY - THORNTON RD 230KV REBUILD,Rebuild the 2.8 mile Tributary - Thornton Road 230kV line with 200C 1351 ACSS Martin.,line,Tributary - Thornton Road,Tributary,Thornton Road,230,,existing,work,2.8 miles,description_checked,standard_public_gis,GA:01_expansion_plan_projects.pdf:12:21098:1,2.8,01_expansion_plan_projects.pdf,,12,https://psc.ga.gov/search/facts-document/?documentId=221233,05_steady_state_projects.pdf,168,rebuild,rebuild,,endpoint_anchor_missing,,,2.8 miles,"[null, null]",,,,,,,,,,,,,,,,
GA:01_expansion_plan_projects.pdf:12:20160,GPC,GA,20160,THOMASTON 230 NEW BUILD SUB,Replace Thomaston 230/115kV 285MVA auto transformers C and D with 400MVA auto transformers. Install high side breakers to meet the 230kV bus differential standards and redesign 230kV bus to a breaker and a half configuration.,station,Thomaston,,,230;115,,existing,work,Existing station transformers C and D; title says new build but description controls,description_checked,standard_public_gis,GA:01_expansion_plan_projects.pdf:12:20160:1,,01_expansion_plan_projects.pdf,,12,https://psc.ga.gov/search/facts-document/?documentId=221233,05_steady_state_projects.pdf,169,other,,"{""type"": ""Polygon"", ""coordinates"": [[[-84.3137347, 32.8997991], [-84.3136324, 32.8999326], [-84.3133507, 32.9001621], [-84.3133025, 32.9001124], [-84.3131822, 32.9001986], [-84.3129388, 32.8999648], [-84.3128285, 32.9000304], [-84.3119898, 32.90061], [-84.3112989, 32.8999267], [-84.3117309, 32.8996221], [-84.311829, 32.8995529], [-84.3122021, 32.8999398], [-84.3125298, 32.8997034], [-84.3124877, 32.8996525], [-84.3126397, 32.8995506], [-84.312651, 32.8995696], [-84.3128693, 32.8994188], [-84.3131354, 32.899235], [-84.3134136, 32.8992814], [-84.3137019, 32.8995506], [-84.3136125, 32.8996206], [-84.3136725, 32.8997411], [-84.3137347, 32.8997991]]]}",facility_candidate,exact_facility_name,C:\Users\sebas\PycharmProjects\Git\Project_secret_project\data\raw\osm\GA\power_substations_overpass.json,Existing station transformers C and D; title says new build but description controls,"[{""name"": ""Thomaston Primary Substation"", ""names"": [""Thomaston Primary Substation""], ""state"": ""GA"", ""geometry"": {""type"": ""Polygon"", ""coordinates"": [[[-84.3137347, 32.8997991], [-84.3136324, 32.8999326], [-84.3133507, 32.9001621], [-84.3133025, 32.9001124], [-84.3131822, 32.9001986], [-84.3129388, 32.8999648], [-84.3128285, 32.9000304], [-84.3119898, 32.90061], [-84.3112989, 32.8999267], [-84.3117309, 32.8996221], [-84.311829, 32.8995529], [-84.3122021, 32.8999398], [-84.3125298, 32.8997034], [-84.3124877, 32.8996525], [-84.3126397, 32.8995506], [-84.312651, 32.8995696], [-84.3128693, 32.8994188], [-84.3131354, 32.899235], [-84.3134136, 32.8992814], [-84.3137019, 32.8995506], [-84.3136125, 32.8996206], [-84.3136725, 32.8997411], [-84.3137347, 32.8997991]]]}, ""feature_id"": ""way/160308061"", ""kind"": ""substation"", ""voltage"": ""230000"", ""source"": ""osm"", ""source_url"": ""https://www.openstreetmap.org/way/160308061"", ""source_file"": ""C:\\Users\\sebas\\PycharmProjects\\Git\\Project_secret_project\\data\\raw\\osm\\GA\\power_substations_overpass.json"", ""review_required"": false, ""coordinates"": [-84.3125168, 32.8999225]}]",,osm,,,,,,,,,,,,,,
GA:01_expansion_plan_projects.pdf:12:18848,GPC,GA,18848,"BAINBRIDGE TRANSMISSION: EAST RIVER ROAD, EAST BAINBRIDGE","This project will construct a new 115kV breaker and a half substation a mile north of the East Bainbridge substation. East Bainbridge will be simplified to a 115kV straight bus with two transmission lines for service to load, a generation interconnection point and a capacitor bank.",station,New station north of East Bainbridge,,,115,,proposed,work,Site one mile north not exact geographic evidence,description_checked,standard_public_gis,GA:01_expansion_plan_projects.pdf:12:18848:1,,01_expansion_plan_projects.pdf,,12,https://psc.ga.gov/search/facts-document/?documentId=221233,05_steady_state_projects.pdf,170,other,,,proposed_asset_needs_source,,,Site one mile north not exact geographic evidence,[],,,,,,,,,,,,,,,,
GA:01_expansion_plan_projects.pdf:12:18848,GPC,GA,18848,"BAINBRIDGE TRANSMISSION: EAST RIVER ROAD, EAST BAINBRIDGE","This project will construct a new 115kV breaker and a half substation a mile north of the East Bainbridge substation. East Bainbridge will be simplified to a 115kV straight bus with two transmission lines for service to load, a generation interconnection point and a capacitor bank.",station,East Bainbridge,,,115,,existing,work,Simplification of existing substation,description_checked,standard_public_gis,GA:01_expansion_plan_projects.pdf:12:18848:2,,01_expansion_plan_projects.pdf,,12,https://psc.ga.gov/search/facts-document/?documentId=221233,05_steady_state_projects.pdf,170,other,,"{""type"": ""Polygon"", ""coordinates"": [[[-84.5491165, 30.9112168], [-84.5491194, 30.9118204], [-84.5492478, 30.9118199], [-84.5492496, 30.9121881], [-84.5484476, 30.912191], [-84.5484435, 30.9113338], [-84.5482865, 30.9113344], [-84.5482851, 30.9110508], [-84.5486787, 30.9110494], [-84.5486773, 30.9107636], [-84.5492465, 30.9107616], [-84.5492487, 30.9112164], [-84.5491165, 30.9112168]]]}",facility_candidate,exact_facility_name,C:\Users\sebas\PycharmProjects\Git\Project_secret_project\data\raw\osm\GA\power_substations_overpass.json,Simplification of existing substation,"[{""name"": ""East Bainbridge Substation"", ""names"": [""East Bainbridge Substation""], ""state"": ""GA"", ""geometry"": {""type"": ""Polygon"", ""coordinates"": [[[-84.5491165, 30.9112168], [-84.5491194, 30.9118204], [-84.5492478, 30.9118199], [-84.5492496, 30.9121881], [-84.5484476, 30.912191], [-84.5484435, 30.9113338], [-84.5482865, 30.9113344], [-84.5482851, 30.9110508], [-84.5486787, 30.9110494], [-84.5486773, 30.9107636], [-84.5492465, 30.9107616], [-84.5492487, 30.9112164], [-84.5491165, 30.9112168]]]}, ""feature_id"": ""way/492355206"", ""kind"": ""substation"", ""voltage"": ""115000;24900;12470"", ""source"": ""osm"", ""source_url"": ""https://www.openstreetmap.org/way/492355206"", ""source_file"": ""C:\\Users\\sebas\\PycharmProjects\\Git\\Project_secret_project\\data\\raw\\osm\\GA\\power_substations_overpass.json"", ""review_required"": false, ""coordinates"": [-84.54876734999999, 30.9114763]}]",,osm,,,,,,,,,,,,,,
GA:01_expansion_plan_projects.pdf:12:19626,GPC,GA,19626,GLENWOOD SPRINGS 115KV CAP BANK,Install a 115kV two stage 30MVAR capacitor bank at Glenwood Springs substation.,station,Glenwood Springs,,,115,,existing,work,Capacitor,description_checked,standard_public_gis,GA:01_expansion_plan_projects.pdf:12:19626:1,,01_expansion_plan_projects.pdf,,12,https://psc.ga.gov/search/facts-document/?documentId=221233,05_steady_state_projects.pdf,171,other,,,facility_not_found_or_ambiguous,,,Capacitor,[],,,,,,,,,,,,,,,,
GA:01_expansion_plan_projects.pdf:12:20690,GPC,GA,20690,EAST POINT - UNION CITY (WHITE) 230KV REBUILD,Rebuild 5.49 miles of 100C 1590.0 ACSR Lapwing with 200C 1351.5 ACSS Martin 230kV line from Welcome All to Union City on the East Point - Union City 230kV line.,line,Welcome All - Union City,Welcome All,Union City,230,White,existing,work,5.49 mile section,description_checked,standard_public_gis,GA:01_expansion_plan_projects.pdf:12:20690:1,5.49,01_expansion_plan_projects.pdf,,12,https://psc.ga.gov/search/facts-document/?documentId=221233,05_steady_state_projects.pdf,172,rebuild,rebuild,,endpoint_anchor_missing,,,5.49 mile section,"[null, null]",,,,,,,,,,,,,,,,
GA:01_expansion_plan_projects.pdf:12:19632,GPC,GA,19632,AVERY - HOPEWELL 115KV RECONDUCTOR,Reconductor the Hopewell to Birmingham line section (approximately 3.3 miles) on the Avery - Hopewell 115kV line with 100C 1033 ACSR conductor. Replace jumper at Birmingham with 1590 AAC jumper.,line,Hopewell - Birmingham,Hopewell,Birmingham,115,,existing,work,3.3 mile section; not Avery-Hopewell,description_checked,standard_public_gis,GA:01_expansion_plan_projects.pdf:12:19632:1,3.3,01_expansion_plan_projects.pdf,,12,https://arcgis.netl.doe.gov/server/rest/services/Hosted/Energy_Transition_Atlas_493d6/FeatureServer/18,05_steady_state_projects.pdf,173,other,,"{""type"": ""MultiLineString"", ""coordinates"": [[[-84.33064500028458, 34.16521900030521], [-84.33043606292927, 34.165170784104504], [-84.33038324827876, 34.165724623210174], [-84.32919800031313, 34.16549800023167], [-84.32895300009073, 34.16770199967169], [-84.32435785600272, 34.16947610672647], [-84.32185529963981, 34.17079830336756], [-84.31940000005073, 34.17165199966772], [-84.31877521009253, 34.169836330769165], [-84.30898263295954, 34.16978550023922], [-84.30040679872604, 34.16973208095372], [-84.2961439998521, 34.169707999787754], [-84.28878000012341, 34.17224400018195], [-84.28879880276062, 34.175069397070494], [-84.28490976502864, 34.17494371389215], [-84.28375580268941, 34.174932878037424], [-84.28327515191009, 34.17469017310775], [-84.28344099977618, 34.17424299985663]]]}",review_required,public_gis_endpoint_graph,C:\Users\sebas\PycharmProjects\Git\Project_secret_project\data\raw\public_gis\GA\netl_lines_2000.json,"3.3 mile section; not Avery-Hopewell; GIS endpoint graph candidate; rounded endpoint connectivity, circuit and source-feature extent need review.","[{""name"": ""Hopewell Substation"", ""names"": [""Hopewell Substation""], ""state"": ""GA"", ""geometry"": {""type"": ""Polygon"", ""coordinates"": [[[-84.284283, 34.1741274], [-84.283501, 34.1734934], [-84.2829452, 34.1739641], [-84.2828681, 34.1738992], [-84.2826784, 34.1740678], [-84.2827541, 34.1741244], [-84.2824667, 34.1743667], [-84.2831137, 34.1748912], [-84.2837766, 34.1748318], [-84.2837996, 34.1748124], [-84.2840567, 34.1745952], [-84.2841347, 34.1746584], [-84.2843443, 34.1744814], [-84.2842675, 34.1744191], [-84.284283, 34.1741274]]]}, ""feature_id"": ""way/177931281"", ""kind"": ""substation"", ""voltage"": ""230000"", ""source"": ""osm"", ""source_url"": ""https://www.openstreetmap.org/way/177931281"", ""source_file"": ""C:\\Users\\sebas\\PycharmProjects\\Git\\Project_secret_project\\data\\raw\\osm\\GA\\power_substations_overpass.json"", ""review_required"": false, ""coordinates"": [-84.2834055, 34.1741923]}, {""name"": ""Birmingham Substation"", ""names"": [""Birmingham Substation""], ""state"": ""GA"", ""geometry"": {""type"": ""Polygon"", ""coordinates"": [[[-84.3311918, 34.1649555], [-84.3311405, 34.1654522], [-84.3310978, 34.1654492], [-84.3302464, 34.165389], [-84.3302978, 34.1648923], [-84.3311918, 34.1649555]]]}, ""feature_id"": ""way/178249106"", ""kind"": ""substation"", ""voltage"": ""115000"", ""source"": ""osm"", ""source_url"": ""https://www.openstreetmap.org/way/178249106"", ""source_file"": ""C:\\Users\\sebas\\PycharmProjects\\Git\\Project_secret_project\\data\\raw\\osm\\GA\\power_substations_overpass.json"", ""review_required"": false, ""coordinates"": [-84.3307191, 34.16517225]}]",5.332542326909041,public_gis,['netl/31562'],"[{'owner': 'GEORGIA POWER CO', 'volt_class': '100-161', 'naics_code': '221121', 'naics_desc': 'ELECTRIC BULK POWER TRANSMISSION AND CONTROL', 'val_method': 'IMAGERY', 'shape__len': 6452.37977545, 'globalid': 'b546c3e0-380d-4c28-80fa-17cdd2426b36', 'source': 'IMAGERY, EIA 861, EIA 860', 'objectid_1': 31562, 'type': 'AC; OVERHEAD', 'sourcedate': 1401840000000, 'voltage': 115, 'val_date': 1514851200000, 'inferred': 'Y', 'sub_2': 'UNKNOWN111510', 'sub_1': 'UNKNOWN111509', 'id': '118531', 'SHAPE__Length': 6452.379768975113, 'objectid': 31562, 'status': 'IN SERVICE'}]",0.006515197919393078,0.008573363202341752,,,,,,,,,,
GA:01_expansion_plan_projects.pdf:12:19632,GPC,GA,19632,AVERY - HOPEWELL 115KV RECONDUCTOR,Reconductor the Hopewell to Birmingham line section (approximately 3.3 miles) on the Avery - Hopewell 115kV line with 100C 1033 ACSR conductor. Replace jumper at Birmingham with 1590 AAC jumper.,station,Birmingham,,,115,,existing,work,Jumper,description_checked,standard_public_gis,GA:01_expansion_plan_projects.pdf:12:19632:2,,01_expansion_plan_projects.pdf,,12,https://psc.ga.gov/search/facts-document/?documentId=221233,05_steady_state_projects.pdf,173,other,,"{""type"": ""Polygon"", ""coordinates"": [[[-84.3311918, 34.1649555], [-84.3311405, 34.1654522], [-84.3310978, 34.1654492], [-84.3302464, 34.165389], [-84.3302978, 34.1648923], [-84.3311918, 34.1649555]]]}",facility_candidate,exact_facility_name,C:\Users\sebas\PycharmProjects\Git\Project_secret_project\data\raw\osm\GA\power_substations_overpass.json,Jumper,"[{""name"": ""Birmingham Substation"", ""names"": [""Birmingham Substation""], ""state"": ""GA"", ""geometry"": {""type"": ""Polygon"", ""coordinates"": [[[-84.3311918, 34.1649555], [-84.3311405, 34.1654522], [-84.3310978, 34.1654492], [-84.3302464, 34.165389], [-84.3302978, 34.1648923], [-84.3311918, 34.1649555]]]}, ""feature_id"": ""way/178249106"", ""kind"": ""substation"", ""voltage"": ""115000"", ""source"": ""osm"", ""source_url"": ""https://www.openstreetmap.org/way/178249106"", ""source_file"": ""C:\\Users\\sebas\\PycharmProjects\\Git\\Project_secret_project\\data\\raw\\osm\\GA\\power_substations_overpass.json"", ""review_required"": false, ""coordinates"": [-84.3307191, 34.16517225]}]",,osm,,,,,,,,,,,,,,
GA:01_expansion_plan_projects.pdf:12:10811,GPC,GA,10811,BOWEN #10 500/230KV AUTOBANK REPLACEMENT,Replace the existing Bowen #10 1350 MVA 500/230kV auto transformer with a 2016 MVA 500/230kV auto transformer.,station,Bowen #10,,,500;230,,existing,work,Numbered auto bank; exact equipment position unverified,description_checked,standard_public_gis,GA:01_expansion_plan_projects.pdf:12:10811:1,,01_expansion_plan_projects.pdf,,12,https://psc.ga.gov/search/facts-document/?documentId=221233,05_steady_state_projects.pdf,174,other,,,facility_not_found_or_ambiguous,,,Numbered auto bank; exact equipment position unverified,[],,,,,,,,,,,,,,,,
GA:01_expansion_plan_projects.pdf:12:20756,GPC,GA,20756,HATCH - WADLEY 500 KV LINE STRATEGIC PROJECT,Construct a new 500kV line from Hatch - Wadley Primary.,line,Hatch - Wadley Primary,Hatch,Wadley Primary,500,,proposed,work,New strategic line,description_checked,standard_public_gis,GA:01_expansion_plan_projects.pdf:12:20756:1,,01_expansion_plan_projects.pdf,,12,https://psc.ga.gov/search/facts-document/?documentId=221233,05_steady_state_projects.pdf,175,other,,,proposed_asset_needs_source,,,New strategic line,[],,,,,,,,,,,,,,,,
GA:01_expansion_plan_projects.pdf:13:20767,GPC,GA,20767,ARKWRIGHT BUS AND JUMPER REPLACEMENT,Replace the 115kV bus at Arkwright with higher rating and replace the jumper on the Arkwright - Forrest Rd (Macon) 115kV line with at least 1590AAC.,station,Arkwright,,,115,,existing,work,Bus and line jumper,description_checked,standard_public_gis,GA:01_expansion_plan_projects.pdf:13:20767:1,,01_expansion_plan_projects.pdf,,13,https://psc.ga.gov/search/facts-document/?documentId=221233,05_steady_state_projects.pdf,179,other,,,facility_not_found_or_ambiguous,,,Bus and line jumper,[],,,,,,,,,,,,,,,,
GA:01_expansion_plan_projects.pdf:13:20758,GPC,GA,20758,BAY CREEK - CONYERS 230KV LIMITING ELEMENT REPLACEMENT,"Replace equipment such as jumpers, switches, and traps at the Bay Creek, Rockdale, and Conyers substations with equipment capable of carrying 3000A.",station,Bay Creek,,,230,,existing,work,Station equipment only,description_checked,standard_public_gis,GA:01_expansion_plan_projects.pdf:13:20758:1,,01_expansion_plan_projects.pdf,,13,https://psc.ga.gov/search/facts-document/?documentId=221233,05_steady_state_projects.pdf,180,other,,"{""type"": ""Polygon"", ""coordinates"": [[[-83.882725, 33.8675129], [-83.8832512, 33.8683097], [-83.8823361, 33.8687263], [-83.8817352, 33.8685254], [-83.8814499, 33.8680934], [-83.882725, 33.8675129]]]}",facility_candidate,exact_facility_name,C:\Users\sebas\PycharmProjects\Git\Project_secret_project\data\raw\osm\GA\power_substations_overpass.json,Station equipment only,"[{""name"": ""Bay Creek Substation"", ""names"": [""Bay Creek Substation""], ""state"": ""GA"", ""geometry"": {""type"": ""Polygon"", ""coordinates"": [[[-83.882725, 33.8675129], [-83.8832512, 33.8683097], [-83.8823361, 33.8687263], [-83.8817352, 33.8685254], [-83.8814499, 33.8680934], [-83.882725, 33.8675129]]]}, ""feature_id"": ""way/175826909"", ""kind"": ""substation"", ""voltage"": ""230000"", ""source"": ""osm"", ""source_url"": ""https://www.openstreetmap.org/way/175826909"", ""source_file"": ""C:\\Users\\sebas\\PycharmProjects\\Git\\Project_secret_project\\data\\raw\\osm\\GA\\power_substations_overpass.json"", ""review_required"": false, ""coordinates"": [-83.88235055000001, 33.8681196]}]",,osm,,,,,,,,,,,,,,
GA:01_expansion_plan_projects.pdf:13:20758,GPC,GA,20758,BAY CREEK - CONYERS 230KV LIMITING ELEMENT REPLACEMENT,"Replace equipment such as jumpers, switches, and traps at the Bay Creek, Rockdale, and Conyers substations with equipment capable of carrying 3000A.",station,Rockdale,,,230,,existing,work,Station equipment only,description_checked,standard_public_gis,GA:01_expansion_plan_projects.pdf:13:20758:2,,01_expansion_plan_projects.pdf,,13,https://psc.ga.gov/search/facts-document/?documentId=221233,05_steady_state_projects.pdf,180,other,,,facility_not_found_or_ambiguous,,,Station equipment only,[],,,,,,,,,,,,,,,,
GA:01_expansion_plan_projects.pdf:13:20758,GPC,GA,20758,BAY CREEK - CONYERS 230KV LIMITING ELEMENT REPLACEMENT,"Replace equipment such as jumpers, switches, and traps at the Bay Creek, Rockdale, and Conyers substations with equipment capable of carrying 3000A.",station,Conyers,,,230,,existing,work,Station equipment only,description_checked,standard_public_gis,GA:01_expansion_plan_projects.pdf:13:20758:3,,01_expansion_plan_projects.pdf,,13,https://psc.ga.gov/search/facts-document/?documentId=221233,05_steady_state_projects.pdf,180,other,,,facility_not_found_or_ambiguous,,,Station equipment only,[],,,,,,,,,,,,,,,,
GA:01_expansion_plan_projects.pdf:13:20793,GPC,GA,20793,EVANS PRIMARY - THURMOND DAM (USA) #5 115KV REBUILD,Rebuild approximately 5.45 miles of Euchee Creek - Thurmond Dam segment of the Evans Primary - Thurmond Dam (USA) #5 115kV line with 200C 1351 ACSS Martin conductor. Replace the main bus with a larger element at Thurmond Dam (USA).,line,Euchee Creek - Thurmond Dam,Euchee Creek,Thurmond Dam,115,5,existing,work,5.45 mile work section; not Evans-Thurmond,description_checked,standard_public_gis,GA:01_expansion_plan_projects.pdf:13:20793:1,5.45,01_expansion_plan_projects.pdf,,13,https://psc.ga.gov/search/facts-document/?documentId=221233,05_steady_state_projects.pdf,181,rebuild,rebuild,,endpoint_anchor_missing,,,5.45 mile work section; not Evans-Thurmond,"[null, null]",,,,,,,,,,,,,,,,
GA:01_expansion_plan_projects.pdf:13:20793,GPC,GA,20793,EVANS PRIMARY - THURMOND DAM (USA) #5 115KV REBUILD,Rebuild approximately 5.45 miles of Euchee Creek - Thurmond Dam segment of the Evans Primary - Thurmond Dam (USA) #5 115kV line with 200C 1351 ACSS Martin conductor. Replace the main bus with a larger element at Thurmond Dam (USA).,station,Thurmond Dam,,,115,,existing,work,Main bus,description_checked,standard_public_gis,GA:01_expansion_plan_projects.pdf:13:20793:2,,01_expansion_plan_projects.pdf,,13,https://psc.ga.gov/search/facts-document/?documentId=221233,05_steady_state_projects.pdf,181,rebuild,rebuild,,facility_not_found_or_ambiguous,,,Main bus,[],,,,,,,,,,,,,,,,
GA:01_expansion_plan_projects.pdf:13:20794,GPC,GA,20794,EVANS PRIMARY - THURMOND DAM (USA) #6 115KV REBUILD,Rebuild approximately 8.9 miles of the Evans Primary - Thurmond Dam (USA) #6 115kV line with 200C 1351 ACSS Martin conductor. Replace the main bus with a larger element at Thurmond Dam (USA).,line,Evans Primary - Thurmond Dam,Evans Primary,Thurmond Dam,115,6,existing,work,8.9 miles; separate circuit from project 20793,description_checked,standard_public_gis,GA:01_expansion_plan_projects.pdf:13:20794:1,8.9,01_expansion_plan_projects.pdf,,13,https://psc.ga.gov/search/facts-document/?documentId=221233,05_steady_state_projects.pdf,182,rebuild,rebuild,,endpoint_anchor_missing,,,8.9 miles; separate circuit from project 20793,"[{""name"": ""Evans Primary Substation"", ""names"": [""Evans Primary Substation""], ""state"": ""GA"", ""geometry"": {""type"": ""Polygon"", ""coordinates"": [[[-82.1694465, 33.5440854], [-82.1690556, 33.5432321], [-82.1678497, 33.5436159], [-82.1680273, 33.5440035], [-82.167959, 33.544138], [-82.1680531, 33.5441712], [-82.1683064, 33.5447305], [-82.1685973, 33.5447563], [-82.169062, 33.5446085], [-82.1689018, 33.5442587], [-82.1694465, 33.5440854]]]}, ""feature_id"": ""way/52103255"", ""kind"": ""substation"", ""voltage"": ""230000;115000"", ""source"": ""osm"", ""source_url"": ""https://www.openstreetmap.org/way/52103255"", ""source_file"": ""C:\\Users\\sebas\\PycharmProjects\\Git\\Project_secret_project\\data\\raw\\osm\\GA\\power_substations_overpass.json"", ""review_required"": false, ""coordinates"": [-82.16864810000001, 33.5439942]}, null]",,,,,,,,,,,,,,,,
GA:01_expansion_plan_projects.pdf:13:20794,GPC,GA,20794,EVANS PRIMARY - THURMOND DAM (USA) #6 115KV REBUILD,Rebuild approximately 8.9 miles of the Evans Primary - Thurmond Dam (USA) #6 115kV line with 200C 1351 ACSS Martin conductor. Replace the main bus with a larger element at Thurmond Dam (USA).,station,Thurmond Dam,,,115,,existing,work,Main bus,description_checked,standard_public_gis,GA:01_expansion_plan_projects.pdf:13:20794:2,,01_expansion_plan_projects.pdf,,13,https://psc.ga.gov/search/facts-document/?documentId=221233,05_steady_state_projects.pdf,182,rebuild,rebuild,,facility_not_found_or_ambiguous,,,Main bus,[],,,,,,,,,,,,,,,,
GA:01_expansion_plan_projects.pdf:13:21053,GPC,GA,21053,MCEVER ROAD - SHOAL CREEK 115KV REBUILD PHASE III,"Rebuild the 2 - 4/0 copper part (approximately 2.9 miles) of the Gainesville Ferry - Lakeside WTP A line section, part of the McEver Road - Shoal Creek 115kV line, using 200C 1351 ACSS conductor.",line,Gainesville Ferry - Lakeside WTP A,Gainesville Ferry,Lakeside WTP A,115,,existing,work,2.9 mile conductor section; retain A vs B,description_checked,standard_public_gis,GA:01_expansion_plan_projects.pdf:13:21053:1,2.9,01_expansion_plan_projects.pdf,,13,https://psc.ga.gov/search/facts-document/?documentId=221233,05_steady_state_projects.pdf,188,rebuild,rebuild,,endpoint_anchor_missing,,,2.9 mile conductor section; retain A vs B,"[null, null]",,,,,,,,,,,,,,,,
GA:01_expansion_plan_projects.pdf:13:09661,GPC,GA,09661,MCGRAU FORD - MIDDLE FORK 500KV LINE PROJECT,Construct a new approximately 64 mile 500kV line from McGrau Ford to Middle Fork.,line,McGrau Ford - Middle Fork,McGrau Ford,Middle Fork,500,,proposed,work,New 64 mile line,description_checked,standard_public_gis,GA:01_expansion_plan_projects.pdf:13:09661:1,,01_expansion_plan_projects.pdf,,13,https://psc.ga.gov/search/facts-document/?documentId=221233,05_steady_state_projects.pdf,189,other,,,proposed_asset_needs_source,,,New 64 mile line,[],,,,,,,,,,,,,,,,
GA:01_expansion_plan_projects.pdf:13:14222,GPC,GA,14222,THOMSON PRIMARY 230/115KV SECOND TRANSFORMER,"Install a second 400 MVA, 230/115kV auto transformer at Thomson Primary substation.",station,Thomson Primary,,,230;115,,existing,work,Second transformer,description_checked,standard_public_gis,GA:01_expansion_plan_projects.pdf:13:14222:1,,01_expansion_plan_projects.pdf,,13,https://psc.ga.gov/search/facts-document/?documentId=221233,05_steady_state_projects.pdf,191,other,,,facility_not_found_or_ambiguous,,,Second transformer,[],,,,,,,,,,,,,,,,
GA:01_expansion_plan_projects.pdf:14:20759,GPC,GA,20759,WINDER PRIMARY 230KV BUS 1-2 PARALLEL BUS-TIE INSTALLATION,Install a 2nd 230kV bus - tie breaker at the Winder Primary Station.,station,Winder Primary,,,230,,existing,work,Bus tie,description_checked,standard_public_gis,GA:01_expansion_plan_projects.pdf:14:20759:1,,01_expansion_plan_projects.pdf,,14,https://psc.ga.gov/search/facts-document/?documentId=221233,05_steady_state_projects.pdf,192,other,,,facility_not_found_or_ambiguous,,,Bus tie,[],,,,,,,,,,,,,,,,
GA:01_expansion_plan_projects.pdf:14:10487,GPC,GA,10487,PINE GROVE PRIMARY - WEST VALDOSTA 115 KV RECONDUCTOR,Rebuild 3.7 miles of 100C 4/0 ACSR conductor with 200C 795 ACSS Drake on the Bemis - Pine Grove Primary section of the Pine Grove Primary - West Valdosta 115kV line.,line,Bemis - Pine Grove Primary,Bemis,Pine Grove Primary,115,,existing,work,3.7 mile work section,description_checked,standard_public_gis,GA:01_expansion_plan_projects.pdf:14:10487:1,3.7,01_expansion_plan_projects.pdf,,14,https://psc.ga.gov/search/facts-document/?documentId=221233,05_steady_state_projects.pdf,193,other,,,endpoint_anchor_missing,,,3.7 mile work section,"[null, null]",,,,,,,,,,,,,,,,
GA:01_expansion_plan_projects.pdf:14:18700,GPC,GA,18700,DAWSON CROSSING - GAINESVILLE #1 115 KV,"Replace the 500CU main bus at Gainesville #1 115kV with 3"" Sch 40 AL Tube.",station,Gainesville #1,,,115,,existing,work,Bus only; Dawson Crossing is title context,description_checked,standard_public_gis,GA:01_expansion_plan_projects.pdf:14:18700:1,,01_expansion_plan_projects.pdf,,14,https://psc.ga.gov/search/facts-document/?documentId=221233,05_steady_state_projects.pdf,194,other,,"{""type"": ""Polygon"", ""coordinates"": [[[-83.8397549, 34.3404698], [-83.8397646, 34.3403522], [-83.8397387, 34.3400526], [-83.8398715, 34.3400099], [-83.8406131, 34.3400954], [-83.840584, 34.3402104], [-83.8407621, 34.3402345], [-83.8406552, 34.3404725], [-83.840503, 34.3405126], [-83.8399848, 34.3405126], [-83.8397549, 34.3404698]]]}",facility_candidate,exact_facility_name,C:\Users\sebas\PycharmProjects\Git\Project_secret_project\data\raw\osm\GA\power_substations_overpass.json,Bus only; Dawson Crossing is title context,"[{""name"": ""Gainesville Primary Substation (#1)"", ""names"": [""Gainesville Primary Substation (#1)""], ""state"": ""GA"", ""geometry"": {""type"": ""Polygon"", ""coordinates"": [[[-83.8397549, 34.3404698], [-83.8397646, 34.3403522], [-83.8397387, 34.3400526], [-83.8398715, 34.3400099], [-83.8406131, 34.3400954], [-83.840584, 34.3402104], [-83.8407621, 34.3402345], [-83.8406552, 34.3404725], [-83.840503, 34.3405126], [-83.8399848, 34.3405126], [-83.8397549, 34.3404698]]]}, ""feature_id"": ""way/1037359840"", ""kind"": ""substation"", ""voltage"": ""115000;46000"", ""source"": ""osm"", ""source_url"": ""https://www.openstreetmap.org/way/1037359840"", ""source_file"": ""C:\\Users\\sebas\\PycharmProjects\\Git\\Project_secret_project\\data\\raw\\osm\\GA\\power_substations_overpass.json"", ""review_required"": false, ""coordinates"": [-83.8402504, 34.34026125]}]",,osm,,,,,,,,,,,,,,
GA:01_expansion_plan_projects.pdf:14:17993,GPC,GA,17993,EVANS PRIMARY - THOMSON PRIMARY 115KV REBUILD,"Rebuild the existing 100C 336 ACSR conductor for the Thomson Primary to Pumpkin Center 115kV line section (approximately 5.28 miles), part of the Evans Primary - Thomson Primary 115kV line with 200C 1351 ACSS Martin conductor.",line,Thomson Primary - Pumpkin Center,Thomson Primary,Pumpkin Center,115,,existing,work,5.28 mile work section; not Evans-Thomson,description_checked,standard_public_gis,GA:01_expansion_plan_projects.pdf:14:17993:1,5.28,01_expansion_plan_projects.pdf,,14,https://psc.ga.gov/search/facts-document/?documentId=221233,05_steady_state_projects.pdf,196,rebuild,rebuild,,endpoint_anchor_missing,,,5.28 mile work section; not Evans-Thomson,"[null, {""name"": ""Pumpkin Center Substation"", ""names"": [""Pumpkin Center Substation""], ""state"": ""GA"", ""geometry"": {""type"": ""Polygon"", ""coordinates"": [[[-82.3305582, 33.4875329], [-82.3300131, 33.4869814], [-82.330428, 33.4866961], [-82.3309732, 33.4872476], [-82.3305582, 33.4875329]]]}, ""feature_id"": ""way/1173724569"", ""kind"": ""substation"", ""voltage"": ""115000;12470"", ""source"": ""osm"", ""source_url"": ""https://www.openstreetmap.org/way/1173724569"", ""source_file"": ""C:\\Users\\sebas\\PycharmProjects\\Git\\Project_secret_project\\data\\raw\\osm\\GA\\power_substations_overpass.json"", ""review_required"": false, ""coordinates"": [-82.33049315, 33.487114500000004]}]",,,,,,,,,,,,,,,,
SC:scrtp_projects.pdf:1:06810 H,DESC,SC,06810 H,Summerville 115kV Loop: Rebuild,Replacing several wood pole sections on the Summerville 115 kV Loop that have reached the end of life.,line,Summerville loop wood-pole sections,,,115,,existing,work,"Summerville loop wood-pole sections; Endpoint anchors found: A=0, B=0. Need another public location source for the missing endpoint.",retained_DESC_asset_inventory,standard_public_gis,SC:scrtp_projects.pdf:1:06810 H:1,,scrtp_projects.pdf,1,,https://www.scrtp.com/assets/pdfs/home/2026-2030-2million-and-above-project-descriptions.pdf,,,rebuild,rebuild,,segment_limits_missing,,,"Summerville loop wood-pole sections; Endpoint anchors found: A=0, B=0. Need another public location source for the missing endpoint.","[null, null]",,,,,,,,,,,,,,,,
SC:scrtp_projects.pdf:2:02726 K,DESC,SC,02726 K,Columbia Canal 115 kV: Rebuild,This is the DESC funded portion of the Columbia Canal project and encompasses replacing the poles on the Columbia side of the canal.,line,Columbia Canal - Columbia-side poles,,,115,,existing,work,"Columbia Canal - Columbia-side poles; Endpoint anchors found: A=0, B=0. Need another public location source for the missing endpoint.",retained_DESC_asset_inventory,standard_public_gis,SC:scrtp_projects.pdf:2:02726 K:1,,scrtp_projects.pdf,2,,https://www.scrtp.com/assets/pdfs/home/2026-2030-2million-and-above-project-descriptions.pdf,,,rebuild,rebuild,,segment_limits_missing,,,"Columbia Canal - Columbia-side poles; Endpoint anchors found: A=0, B=0. Need another public location source for the missing endpoint.","[null, null]",,,,,,,,,,,,,,,,
SC:scrtp_projects.pdf:3:6853 B-F,DESC,SC,6853 B-F,Scout 230 kV Sub and Fold-in: Construct,Construct 230kV Transmission Line for Scout Customer Substation and modify VCS1 and Killian terminals.,line,Scout 230 kV fold-in,,,230,,proposed,work,Scout 230 kV fold-in; This notebook does not force future lines into the current network.,retained_DESC_asset_inventory,standard_public_gis,SC:scrtp_projects.pdf:3:6853 B-F:1,,scrtp_projects.pdf,3,,https://www.scrtp.com/assets/pdfs/home/2026-2030-2million-and-above-project-descriptions.pdf,,,construct,construct,,proposed_asset_needs_source,,,Scout 230 kV fold-in; This notebook does not force future lines into the current network.,[],,,,,,,,,,,,,,,,
SC:scrtp_projects.pdf:3:6853 B-F,DESC,SC,6853 B-F,Scout 230 kV Sub and Fold-in: Construct,Construct 230kV Transmission Line for Scout Customer Substation and modify VCS1 and Killian terminals.,station,Scout,,,230,,proposed,work,Scout; ,retained_DESC_asset_inventory,standard_public_gis,SC:scrtp_projects.pdf:3:6853 B-F:2,,scrtp_projects.pdf,3,,https://www.scrtp.com/assets/pdfs/home/2026-2030-2million-and-above-project-descriptions.pdf,,,construct,construct,,proposed_asset_needs_source,,,Scout; ,[],,,,,,,,,,,,,,,,
SC:scrtp_projects.pdf:3:6853 B-F,DESC,SC,6853 B-F,Scout 230 kV Sub and Fold-in: Construct,Construct 230kV Transmission Line for Scout Customer Substation and modify VCS1 and Killian terminals.,station,VCS1,,,230,,existing,work,VCS1; ,retained_DESC_asset_inventory,standard_public_gis,SC:scrtp_projects.pdf:3:6853 B-F:3,,scrtp_projects.pdf,3,,https://www.scrtp.com/assets/pdfs/home/2026-2030-2million-and-above-project-descriptions.pdf,,,construct,construct,"{""type"": ""Point"", ""coordinates"": [-81.31488655, 34.296250875]}",facility_candidate,exact_facility_name,C:\Users\sebas\PycharmProjects\Git\Project_secret_project\data\processed\dominion\reference\dominion_endpoint_registry.csv,VCS1; ,"[{""name"": ""Virgil C. Summer Nuclear #1 Substation"", ""names"": [""VCS1"", ""Virgil C. Summer Nuclear #1 Substation""], ""state"": ""SC"", ""geometry"": {""type"": ""Point"", ""coordinates"": [-81.31488655, 34.296250875]}, ""feature_id"": ""way/185039621"", ""kind"": ""substation"", ""voltage"": """", ""source"": ""saved_endpoint_registry"", ""source_file"": ""C:\\Users\\sebas\\PycharmProjects\\Git\\Project_secret_project\\data\\processed\\dominion\\reference\\dominion_endpoint_registry.csv"", ""source_url"": ""https://www.openstreetmap.org/way/185039621"", ""review_required"": true, ""coordinates"": [-81.31488655, 34.296250875]}]",,saved_endpoint_registry,,,,,,,,,,,,,,
SC:scrtp_projects.pdf:3:6853 B-F,DESC,SC,6853 B-F,Scout 230 kV Sub and Fold-in: Construct,Construct 230kV Transmission Line for Scout Customer Substation and modify VCS1 and Killian terminals.,station,Killian,,,230,,existing,work,Killian; ,retained_DESC_asset_inventory,standard_public_gis,SC:scrtp_projects.pdf:3:6853 B-F:4,,scrtp_projects.pdf,3,,https://www.scrtp.com/assets/pdfs/home/2026-2030-2million-and-above-project-descriptions.pdf,,,construct,construct,,facility_not_found_or_ambiguous,,,Killian; ,[],,,,,,,,,,,,,,,,
SC:scrtp_projects.pdf:4:6846 A,DESC,SC,6846 A,Eastover – Sumter 115kV DEP Tie: Rebuild with 1272 ACSR,Upgrade the DESC section (approx. 1 mile) of the tie line from 397.5 ACSR Ibis to 1272 ACSR.,line,Eastover - Sumter DESC tie section,Eastover,Sumter,115,,existing,work,"Eastover - Sumter DESC tie section; Endpoint anchors found: A=0, B=1. Need another public location source for the missing endpoint.",retained_DESC_asset_inventory,standard_public_gis,SC:scrtp_projects.pdf:4:6846 A:1,,scrtp_projects.pdf,4,,https://www.scrtp.com/assets/pdfs/home/2026-2030-2million-and-above-project-descriptions.pdf,,,rebuild,rebuild,,endpoint_anchor_missing,,,"Eastover - Sumter DESC tie section; Endpoint anchors found: A=0, B=1. Need another public location source for the missing endpoint.","[null, {""name"": ""Sumter Substation"", ""names"": [""Sumter Substation""], ""state"": ""SC"", ""geometry"": {""type"": ""Polygon"", ""coordinates"": [[[-80.3241067, 33.8985091], [-80.3250172, 33.8980819], [-80.3249178, 33.8979427], [-80.3250543, 33.8978731], [-80.324561, 33.8972161], [-80.3244206, 33.8972841], [-80.3243231, 33.8971562], [-80.324132, 33.8972598], [-80.3238064, 33.8968131], [-80.3228979, 33.8972841], [-80.323473, 33.8980317], [-80.3236758, 33.8979298], [-80.3241067, 33.8985091]]]}, ""feature_id"": ""way/185032893"", ""kind"": ""substation"", ""voltage"": ""230000"", ""source"": ""osm"", ""source_url"": ""https://www.openstreetmap.org/way/185032893"", ""source_file"": ""C:\\Users\\sebas\\PycharmProjects\\Git\\Project_secret_project\\data\\raw\\osm\\SC\\power_substations_overpass.json"", ""review_required"": false, ""coordinates"": [-80.32397610000001, 33.8976611]}]",,,,,,,,,,,,,,,,
SC:scrtp_projects.pdf:5:6809 N,DESC,SC,6809 N,Batesburg - Saluda County 115kV: Rebuild,Rebuild 13.5 miles of conductor.,line,Batesburg - Saluda County,Batesburg,Saluda County,115,,existing,work,"Batesburg - Saluda County; Endpoint anchors found: A=1, B=0. Need another public location source for the missing endpoint.",retained_DESC_asset_inventory,standard_public_gis,SC:scrtp_projects.pdf:5:6809 N:1,,scrtp_projects.pdf,5,,https://www.scrtp.com/assets/pdfs/home/2026-2030-2million-and-above-project-descriptions.pdf,,,rebuild,rebuild,,endpoint_anchor_missing,,,"Batesburg - Saluda County; Endpoint anchors found: A=1, B=0. Need another public location source for the missing endpoint.","[{""name"": ""Batesburg Substation"", ""names"": [""Batesburg Substation""], ""state"": ""SC"", ""geometry"": {""type"": ""Polygon"", ""coordinates"": [[[-81.564579, 33.9141036], [-81.5651995, 33.9134003], [-81.5642575, 33.9128697], [-81.563671, 33.9136013], [-81.564579, 33.9141036]]]}, ""feature_id"": ""way/178951280"", ""kind"": ""substation"", ""voltage"": ""115000"", ""source"": ""osm"", ""source_url"": ""https://www.openstreetmap.org/way/178951280"", ""source_file"": ""C:\\Users\\sebas\\PycharmProjects\\Git\\Project_secret_project\\data\\raw\\osm\\SC\\power_substations_overpass.json"", ""review_required"": false, ""coordinates"": [-81.56443525, 33.913486649999996]}, null]",,,,,,,,,,,,,,,,
SC:scrtp_projects.pdf:6:06874 B,DESC,SC,06874 B,Summerville-Boone Hill 115kV: Move Line for US78 SCDOT Road Widening,Move Summerville – Boone Hill 115kV Transmission Line for SCDOT Road widening. Approximately 1.2 miles of Transmission line (23 Transmission Poles).,line,Summerville - Boone Hill US78 section,Summerville,Boone Hill,115,,existing,work,"Summerville - Boone Hill US78 section; Endpoint anchors found: A=0, B=0. Need another public location source for the missing endpoint.",retained_DESC_asset_inventory,standard_public_gis,SC:scrtp_projects.pdf:6:06874 B:1,,scrtp_projects.pdf,6,,https://www.scrtp.com/assets/pdfs/home/2026-2030-2million-and-above-project-descriptions.pdf,,,other,,,endpoint_anchor_missing,,,"Summerville - Boone Hill US78 section; Endpoint anchors found: A=0, B=0. Need another public location source for the missing endpoint.","[null, null]",,,,,,,,,,,,,,,,
SC:scrtp_projects.pdf:7:6852,DESC,SC,6852,Urquhart – Toolebeck 115kV line: Rebuild,Upgrade the 477 ACSR portions of the Urquhart – Toolebeck 115 kV line to 1272 ACSR. Replace existing structures with Single Pole Double Circuit Structures. Approximately 12.5 miles.,line,Urquhart - Toolebeck,Urquhart,Toolebeck,115,,existing,work,Urquhart - Toolebeck; Both project endpoints matched the published OSM line name at the correct voltage.,retained_DESC_asset_inventory,standard_public_gis,SC:scrtp_projects.pdf:7:6852:1,,scrtp_projects.pdf,7,,https://www.scrtp.com/assets/pdfs/home/2026-2030-2million-and-above-project-descriptions.pdf,,,rebuild,rebuild,"{""type"":""MultiLineString"",""coordinates"":[[[-81.6688194,33.5339608],[-81.6693191,33.5334869],[-81.6706852,33.5340211],[-81.6721442,33.533038],[-81.6733063,33.5322554],[-81.6751362,33.5310391],[-81.6765794,33.530082],[-81.6782119,33.5289953],[-81.6795247,33.5277107],[-81.6810001,33.5262854],[-81.6826998,33.5246222],[-81.6841508,33.5231543],[-81.6858789,33.5214995],[-81.6867593,33.5206432],[-81.688602,33.5188326],[-81.6901669,33.517333],[-81.6915426,33.5159667],[-81.6925802,33.5150031],[-81.693474,33.5140784],[-81.6962171,33.5127259],[-81.6983325,33.5116537],[-81.6996958,33.5107939],[-81.7017931,33.5094405],[-81.7027432,33.5088641],[-81.7043776,33.5078378],[-81.7065439,33.5064716],[-81.7086209,33.5051506],[-81.7091106,33.5048344],[-81.7098919,33.5043375],[-81.7107065,33.5038198],[-81.713636,33.5019764],[-81.7158112,33.50059],[-81.7169842,33.4998429],[-81.7197115,33.4981194],[-81.7214492,33.4970004],[-81.7224722,33.4963228],[-81.7247724,33.4949033],[-81.7266913,33.4936818],[-81.7284957,33.4925628],[-81.7310147,33.4909069],[-81.7321293,33.4902049],[-81.7335045,33.4893308],[-81.7364735,33.487442],[-81.7380591,33.4864428],[-81.7397488,33.4853655],[-81.7403103,33.4850292],[-81.7414084,33.4840663],[-81.7434,33.4823765],[-81.7457581,33.4803719],[-81.7471497,33.4792039],[-81.7489529,33.477718],[-81.7504706,33.4763719],[-81.7516864,33.4753452],[-81.75345,33.4738997],[-81.7548416,33.4726644],[-81.7561243,33.4715799],[-81.7571261,33.4706988],[-81.7581998,33.470092],[-81.7610091,33.4684316],[-81.763774,33.4667624],[-81.7648395,33.4661269],[-81.7662053,33.4653377],[-81.7678757,33.464324],[-81.7706676,33.462707],[-81.7725688,33.4612626],[-81.7740275,33.4601638],[-81.7759076,33.4587612],[-81.7773486,33.4577121],[-81.7787175,33.4566622],[-81.7797129,33.4559638],[-81.7819163,33.4542395],[-81.7831964,33.4533936],[-81.7842549,33.4526086],[-81.7863673,33.4510278],[-81.7883295,33.4495868],[-81.7895099,33.4487219],[-81.7907251,33.4478079],[-81.7919163,33.4468848],[-81.7933885,33.4458763],[-81.7966544,33.4434351],[-81.7999423,33.4409853],[-81.8011565,33.4400752],[-81.8024089,33.4391434],[-81.8045714,33.4375878],[-81.8059739,33.4365047],[-81.8073481,33.4354724],[-81.8085466,33.4345487],[-81.8100049,33.434726],[-81.8129431,33.4350396],[-81.8157088,33.4353403],[-81.8177877,33.4355613],[-81.8205129,33.4358594],[-81.8224045,33.4360651],[-81.8259278,33.436448],[-81.8288444,33.4367616],[-81.8315701,33.4370623],[-81.8343943,33.437363],[-81.8370492,33.4376534],[-81.8391571,33.4378813],[-81.8415083,33.4381452],[-81.8440933,33.4384109],[-81.8457542,33.4385967],[-81.8473484,33.4387713],[-81.84935,33.4389906],[-81.8518838,33.4392767],[-81.8545245,33.4395517],[-81.8572475,33.4398508],[-81.8601174,33.4401574],[-81.8628471,33.440449],[-81.8665095,33.4408428],[-81.8682509,33.4410454],[-81.8708448,33.4413241],[-81.8729131,33.4415367],[-81.8748868,33.4417485],[-81.8766801,33.4409354],[-81.8786217,33.4400475],[-81.8807938,33.4390623],[-81.8827958,33.4381345],[-81.8844978,33.4373595],[-81.8869698,33.4362016],[-81.8886458,33.4362038],[-81.8903424,33.4361639],[-81.8917133,33.4361494],[-81.892702,33.4351077],[-81.8935797,33.434186],[-81.8954055,33.4322684],[-81.8965442,33.4310497],[-81.8978092,33.4297262],[-81.8987881,33.4286797],[-81.9008064,33.4292928],[-81.9024894,33.4297929],[-81.903125,33.429994],[-81.9055179,33.4307175],[-81.9073367,33.4312481],[-81.9085986,33.4316484],[-81.9099498,33.4320566],[-81.9113487,33.4324879],[-81.9114767,33.4325174]]]}",saved_route_preserved,named_osm_line,C:\Users\sebas\PycharmProjects\Git\Project_secret_project\data\processed\dominion\reference\dominion_route_resolution_v3_tagged.csv,Urquhart - Toolebeck; Both project endpoints matched the published OSM line name at the correct voltage.,[],,,,,,,,,,,,,,,,"{""asset_key"": ""SC:scrtp_projects.pdf:7:6852:1"", ""project_key"": ""SC:scrtp_projects.pdf:7:6852"", ""project_id"": ""6852"", ""project_name"": ""Urquhart \u2013 Toolebeck 115kV line: Rebuild"", ""state"": ""SC"", ""action_type"": ""rebuild"", ""asset_type"": ""line"", ""asset_name"": ""Urquhart - Toolebeck"", ""asset_stage"": ""existing"", ""endpoint_a"": ""Urquhart"", ""endpoint_b"": ""Toolebeck"", ""voltage_kv"": ""115"", ""official_map_evidence"": """", ""route_status"": ""resolved"", ""route_method"": ""named_osm_line"", ""route_length_km"": ""27.414647644266505"", ""route_hops"": ""1.0"", ""segment_count"": ""1"", ""segment_feature_ids"": ""[\""way/186511170\""]"", ""segment_names"": ""[\""Uruquart - Toolebeck 115kV\""]"", ""segment_owners"": """", ""source_files"": ""[\""C:\\\\Users\\\\sebas\\\\PycharmProjects\\\\Git\\\\Project_secret_project\\\\data\\\\raw\\\\osm\\\\SC\\\\power_lines_overpass.json\""]"", ""endpoint_a_anchor"": """", ""endpoint_b_anchor"": """", ""endpoint_a_snap_km"": """", ""endpoint_b_snap_km"": """", ""geometry"": ""{\""type\"":\""MultiLineString\"",\""coordinates\"":[[[-81.6688194,33.5339608],[-81.6693191,33.5334869],[-81.6706852,33.5340211],[-81.6721442,33.533038],[-81.6733063,33.5322554],[-81.6751362,33.5310391],[-81.6765794,33.530082],[-81.6782119,33.5289953],[-81.6795247,33.5277107],[-81.6810001,33.5262854],[-81.6826998,33.5246222],[-81.6841508,33.5231543],[-81.6858789,33.5214995],[-81.6867593,33.5206432],[-81.688602,33.5188326],[-81.6901669,33.517333],[-81.6915426,33.5159667],[-81.6925802,33.5150031],[-81.693474,33.5140784],[-81.6962171,33.5127259],[-81.6983325,33.5116537],[-81.6996958,33.5107939],[-81.7017931,33.5094405],[-81.7027432,33.5088641],[-81.7043776,33.5078378],[-81.7065439,33.5064716],[-81.7086209,33.5051506],[-81.7091106,33.5048344],[-81.7098919,33.5043375],[-81.7107065,33.5038198],[-81.713636,33.5019764],[-81.7158112,33.50059],[-81.7169842,33.4998429],[-81.7197115,33.4981194],[-81.7214492,33.4970004],[-81.7224722,33.4963228],[-81.7247724,33.4949033],[-81.7266913,33.4936818],[-81.7284957,33.4925628],[-81.7310147,33.4909069],[-81.7321293,33.4902049],[-81.7335045,33.4893308],[-81.7364735,33.487442],[-81.7380591,33.4864428],[-81.7397488,33.4853655],[-81.7403103,33.4850292],[-81.7414084,33.4840663],[-81.7434,33.4823765],[-81.7457581,33.4803719],[-81.7471497,33.4792039],[-81.7489529,33.477718],[-81.7504706,33.4763719],[-81.7516864,33.4753452],[-81.75345,33.4738997],[-81.7548416,33.4726644],[-81.7561243,33.4715799],[-81.7571261,33.4706988],[-81.7581998,33.470092],[-81.7610091,33.4684316],[-81.763774,33.4667624],[-81.7648395,33.4661269],[-81.7662053,33.4653377],[-81.7678757,33.464324],[-81.7706676,33.462707],[-81.7725688,33.4612626],[-81.7740275,33.4601638],[-81.7759076,33.4587612],[-81.7773486,33.4577121],[-81.7787175,33.4566622],[-81.7797129,33.4559638],[-81.7819163,33.4542395],[-81.7831964,33.4533936],[-81.7842549,33.4526086],[-81.7863673,33.4510278],[-81.7883295,33.4495868],[-81.7895099,33.4487219],[-81.7907251,33.4478079],[-81.7919163,33.4468848],[-81.7933885,33.4458763],[-81.7966544,33.4434351],[-81.7999423,33.4409853],[-81.8011565,33.4400752],[-81.8024089,33.4391434],[-81.8045714,33.4375878],[-81.8059739,33.4365047],[-81.8073481,33.4354724],[-81.8085466,33.4345487],[-81.8100049,33.434726],[-81.8129431,33.4350396],[-81.8157088,33.4353403],[-81.8177877,33.4355613],[-81.8205129,33.4358594],[-81.8224045,33.4360651],[-81.8259278,33.436448],[-81.8288444,33.4367616],[-81.8315701,33.4370623],[-81.8343943,33.437363],[-81.8370492,33.4376534],[-81.8391571,33.4378813],[-81.8415083,33.4381452],[-81.8440933,33.4384109],[-81.8457542,33.4385967],[-81.8473484,33.4387713],[-81.84935,33.4389906],[-81.8518838,33.4392767],[-81.8545245,33.4395517],[-81.8572475,33.4398508],[-81.8601174,33.4401574],[-81.8628471,33.440449],[-81.8665095,33.4408428],[-81.8682509,33.4410454],[-81.8708448,33.4413241],[-81.8729131,33.4415367],[-81.8748868,33.4417485],[-81.8766801,33.4409354],[-81.8786217,33.4400475],[-81.8807938,33.4390623],[-81.8827958,33.4381345],[-81.8844978,33.4373595],[-81.8869698,33.4362016],[-81.8886458,33.4362038],[-81.8903424,33.4361639],[-81.8917133,33.4361494],[-81.892702,33.4351077],[-81.8935797,33.434186],[-81.8954055,33.4322684],[-81.8965442,33.4310497],[-81.8978092,33.4297262],[-81.8987881,33.4286797],[-81.9008064,33.4292928],[-81.9024894,33.4297929],[-81.903125,33.429994],[-81.9055179,33.4307175],[-81.9073367,33.4312481],[-81.9085986,33.4316484],[-81.9099498,33.4320566],[-81.9113487,33.4324879],[-81.9114767,33.4325174]]]}"", ""review_note"": ""Both project endpoints matched the published OSM line name at the correct voltage."", ""primary_source_reason"": """", ""resolution_requirement"": ""standard_public_gis"", ""route_file"": ""C:\\Users\\sebas\\PycharmProjects\\Git\\Project_secret_project\\data\\processed\\dominion\\reference\\dominion_route_resolution_v3_tagged.csv"", ""distance_km"": """", ""hops"": """", ""start_snap_km"": """", ""end_snap_km"": """", ""osm_way_ids"": """", ""way_names"": """", ""operators"": """", ""unknown_voltage_edge_count"": """", ""source"": """", ""attribution"": """", ""license"": """"}"
SC:scrtp_projects.pdf:8:6859,DESC,SC,6859,Dawson 230kV Sub and Fold-in: Construct and Rebuild,Construct Dawson 230kV substation. Fold in the existing Canadys – Church Creek and Canadys – Faber Place 230kV lines at the Dawson 230kV substation (phase 1). Rebuild Canadys – Dawson 230kV #1 and #2 with B1272 ACSR (phase 2).,station,Dawson,,,230,,proposed,work,Dawson; ,retained_DESC_asset_inventory,standard_public_gis,SC:scrtp_projects.pdf:8:6859:1,,scrtp_projects.pdf,8,,https://www.scrtp.com/assets/pdfs/home/2026-2030-2million-and-above-project-descriptions.pdf,,,rebuild,construct;rebuild,,proposed_asset_needs_source,,,Dawson; ,[],,,,,,,,,,,,,,,,
SC:scrtp_projects.pdf:8:6859,DESC,SC,6859,Dawson 230kV Sub and Fold-in: Construct and Rebuild,Construct Dawson 230kV substation. Fold in the existing Canadys – Church Creek and Canadys – Faber Place 230kV lines at the Dawson 230kV substation (phase 1). Rebuild Canadys – Dawson 230kV #1 and #2 with B1272 ACSR (phase 2).,line,Canadys - Church Creek fold-in,Canadys,Church Creek,230,,existing,work,Canadys - Church Creek fold-in; ,retained_DESC_asset_inventory,standard_public_gis,SC:scrtp_projects.pdf:8:6859:2,,scrtp_projects.pdf,8,,https://www.scrtp.com/assets/pdfs/home/2026-2030-2million-and-above-project-descriptions.pdf,,,rebuild,construct;rebuild,"{""type"":""MultiLineString"",""coordinates"":[[[-80.86376335224779,32.69792762817355],[-80.8634816288966,32.69860882299253],[-80.86187076184426,32.70026706931229],[-80.85908622431367,32.70339074888205],[-80.85650712160708,32.7062337591853],[-80.85785185107841,32.70946351093067],[-80.8599933969865,32.71456157770862],[-80.8570473226049,32.717897254360416],[-80.84780311664719,32.72836688333317],[-80.84537011773503,32.731055673775906],[-80.84368070109596,32.73290570524341],[-80.83895747072316,32.7333934942988],[-80.8340022432417,32.73398241067618],[-80.8303557191954,32.73715304230414],[-80.82209898900872,32.74422004226222],[-80.81899974109137,32.74974039063039],[-80.81402071903466,32.75833024488437],[-80.81095121523471,32.76100119006825],[-80.80146311398242,32.76946612337371],[-80.79357520061035,32.776479584117666],[-80.7900476503386,32.77959072878395],[-80.79051164365758,32.78089943318416],[-80.79136825016305,32.78362986531799],[-80.78988108741356,32.78639598792521],[-80.78624646065488,32.793094170745],[-80.78207645505485,32.800803623862144],[-80.77658584873205,32.81102935789516],[-80.77402792829986,32.81372409826202],[-80.7725586105835,32.81748959506913],[-80.7712201639293,32.82096955575195],[-80.76852542468946,32.82600806508378],[-80.75489706195451,32.851385017235835],[-80.7522856028297,32.85531707620968],[-80.74709837823961,32.86316334898825],[-80.7370748990443,32.878219388158506],[-80.73133444878309,32.886874677921504],[-80.72851478802323,32.89108632423224],[-80.72568322907739,32.89376916563676],[-80.72283382509845,32.89968807517255],[-80.72084102582835,32.902739733645134],[-80.71561216073158,32.910597904313526],[-80.7118764070281,32.913268848775246],[-80.7098598140811,32.91469652514235],[-80.70628467376052,32.918789198018594],[-80.702382357132,32.92320904663999],[-80.70256081734466,32.92702808173766],[-80.70275712259046,32.93116834391101],[-80.70192431066022,32.93456502488032],[-80.6989321392298,32.94670027628045],[-80.69846219457206,32.94850271808359],[-80.69372706780996,32.95126884127932],[-80.68376307505274,32.95697954714315],[-80.68178812171409,32.95809194485295],[-80.67969419729583,32.96042381669555],[-80.67648787289157,32.96157190711327],[-80.67569670236632,32.96189313384395],[-80.67149100490344,32.96442725968618],[-80.66097378737345,32.9708220617575],[-80.65632789026851,32.97364172331269],[-80.65578656188505,32.97557503511488],[-80.65287172282416,32.98524754422603],[-80.64905863585284,32.99816801688107],[-80.64574523675827,33.00928009964773],[-80.64215819915009,33.02161760614578],[-80.64096846859118,33.02387809431001],[-80.63607272844617,33.03403839164752],[-80.63191462013376,33.042550914320046],[-80.62427060115796,33.05834458569201],[-80.62283697620278,33.061330810328464],[-80.6206359752976,33.06233613199546],[-80.62021956933248,33.06395416598089],[-80.6203929908947,33.06433632909527]],[[-80.07025981508161,32.83017205072088],[-80.07100126655082,32.82997324669068],[-80.07425605596296,32.82799187068926],[-80.07610903515402,32.82695639320427],[-80.0784837369975,32.8290027303439],[-80.0860694589046,32.83552245299373],[-80.09797628124592,32.84571606408203],[-80.1008601877183,32.848285882231444],[-80.10396776391663,32.850037165268986],[-80.11413758136668,32.856042925360406],[-80.12598729600874,32.86295763767227],[-80.13468660637297,32.86804016671485],[-80.14713594556888,32.87538794301849],[-80.15581951475438,32.88043305300202],[-80.1598946160396,32.88252156707385],[-80.17148259125227,32.88834172806123],[-80.18236624506139,32.89382876483939],[-80.19185077730705,32.8986114820054],[-80.20900669121207,32.90727747869232],[-80.21890048961296,32.91226958801137],[-80.23017437607308,32.91797077706734],[-80.24039654015137,32.92314848393539],[-80.242823591318,32.92567071278281],[-80.2503188933002,32.93381798733307],[-80.25150386368642,32.935055306662186],[-80.25608194697057,32.93699694697535],[-80.26710361075341,32.94189387765617],[-80.27574581341841,32.94569149722879],[-80.28241782201913,32.948703894735836],[-80.30073491263344,32.95690351782894],[-80.31101418441096,32.96200032272103],[-80.3240203182846,32.96846769780597],[-80.32997372855692,32.971427747806636],[-80.33409495563703,32.973478842718386],[-80.33699789830857,32.974954108730046],[-80.34768167786528,32.98025554817377],[-80.35392538411158,32.98338691897714],[-80.36758349006557,32.99022548977227],[-80.37607340673036,32.994437135889534],[-80.38559600957775,32.99919129934705],[-80.39036920873825,33.001604072311196],[-80.39395743571588,33.00233218697788],[-80.40862443417558,33.005235130306644],[-80.41613877056032,33.00672467163004],[-80.41991259666217,33.00680557430111],[-80.42213501340373,33.006876957797104],[-80.42636569481131,33.008909016949936],[-80.42948754793444,33.01052705085276],[-80.43180038370261,33.01052705085276],[-80.43522680792788,33.01054608675902],[-80.43831534792703,33.0111552290697],[-80.45423870139703,33.014305635364266],[-80.46135804765304,33.01573807132458],[-80.46974326926471,33.01739893431831],[-80.48234965283689,33.0199068863738],[-80.50201827766078,33.02381396119873],[-80.51171220180927,33.0257413250143],[-80.51424394892734,33.02622673466492],[-80.5177655505553,33.02710713527595],[-80.52425196182841,33.029191543023174],[-80.53873812043828,33.03381245614694],[-80.5482750002105,33.03681533636417],[-80.56506447693806,33.042121534247265],[-80.5731927156998,33.04474370023914],[-80.57627649732288,33.04656160763708],[-80.57941262737084,33.04837951666646],[-80.5830389249502,33.049317024011486],[-80.59835313621592,33.053400178828454],[-80.60607210792408,33.055475068805826],[-80.61716515543264,33.05841608329749],[-80.619820633803,33.060276821863155],[-80.62105319423804,33.06112391034043],[-80.62049164208257,33.06216135512019],[-80.62011092798032,33.06365089730756],[-80.62005857955546,33.06391739707195],[-80.6203929908947,33.06433632909527]]]}",saved_route_preserved,station_anchored_hifld_path,C:\Users\sebas\PycharmProjects\Git\Project_secret_project\data\processed\dominion\reference\dominion_route_resolution_v3_tagged.csv,Canadys - Church Creek fold-in; ,[],,,,,,,,,,,,,,,,"{""asset_key"": ""SC:scrtp_projects.pdf:8:6859:2"", ""project_key"": ""SC:scrtp_projects.pdf:8:6859"", ""project_id"": ""6859"", ""project_name"": ""Dawson 230kV Sub and Fold-in: Construct and Rebuild"", ""state"": ""SC"", ""action_type"": ""rebuild"", ""asset_type"": ""line"", ""asset_name"": ""Canadys - Church Creek fold-in"", ""asset_stage"": ""existing"", ""endpoint_a"": ""Canadys"", ""endpoint_b"": ""Church Creek"", ""voltage_kv"": ""230"", ""official_map_evidence"": """", ""route_status"": ""resolved"", ""route_method"": ""station_anchored_hifld_path"", ""route_length_km"": ""107.89497573007998"", ""route_hops"": ""2.0"", ""segment_count"": ""2"", ""segment_feature_ids"": ""[\""100431\"", \""144837\""]"", ""segment_names"": ""[\""CANADYS - YEMASSEE\"", \""UNKNOWN120998 - CANADYS\""]"", ""segment_owners"": ""[\""SCE&G\""]"", ""source_files"": ""[\""C:\\\\Users\\\\sebas\\\\PycharmProjects\\\\Git\\\\Project_secret_project\\\\data\\\\raw\\\\public_gis\\\\SC\\\\netl_lines_0.json\""]"", ""endpoint_a_anchor"": ""CANADYS [hifld_substation]"", ""endpoint_b_anchor"": ""Church Creek Substation [review_named_candidate]"", ""endpoint_a_snap_km"": ""3.5366203299247447e-12"", ""endpoint_b_snap_km"": ""0.0343127990077051"", ""geometry"": ""{\""type\"":\""MultiLineString\"",\""coordinates\"":[[[-80.86376335224779,32.69792762817355],[-80.8634816288966,32.69860882299253],[-80.86187076184426,32.70026706931229],[-80.85908622431367,32.70339074888205],[-80.85650712160708,32.7062337591853],[-80.85785185107841,32.70946351093067],[-80.8599933969865,32.71456157770862],[-80.8570473226049,32.717897254360416],[-80.84780311664719,32.72836688333317],[-80.84537011773503,32.731055673775906],[-80.84368070109596,32.73290570524341],[-80.83895747072316,32.7333934942988],[-80.8340022432417,32.73398241067618],[-80.8303557191954,32.73715304230414],[-80.82209898900872,32.74422004226222],[-80.81899974109137,32.74974039063039],[-80.81402071903466,32.75833024488437],[-80.81095121523471,32.76100119006825],[-80.80146311398242,32.76946612337371],[-80.79357520061035,32.776479584117666],[-80.7900476503386,32.77959072878395],[-80.79051164365758,32.78089943318416],[-80.79136825016305,32.78362986531799],[-80.78988108741356,32.78639598792521],[-80.78624646065488,32.793094170745],[-80.78207645505485,32.800803623862144],[-80.77658584873205,32.81102935789516],[-80.77402792829986,32.81372409826202],[-80.7725586105835,32.81748959506913],[-80.7712201639293,32.82096955575195],[-80.76852542468946,32.82600806508378],[-80.75489706195451,32.851385017235835],[-80.7522856028297,32.85531707620968],[-80.74709837823961,32.86316334898825],[-80.7370748990443,32.878219388158506],[-80.73133444878309,32.886874677921504],[-80.72851478802323,32.89108632423224],[-80.72568322907739,32.89376916563676],[-80.72283382509845,32.89968807517255],[-80.72084102582835,32.902739733645134],[-80.71561216073158,32.910597904313526],[-80.7118764070281,32.913268848775246],[-80.7098598140811,32.91469652514235],[-80.70628467376052,32.918789198018594],[-80.702382357132,32.92320904663999],[-80.70256081734466,32.92702808173766],[-80.70275712259046,32.93116834391101],[-80.70192431066022,32.93456502488032],[-80.6989321392298,32.94670027628045],[-80.69846219457206,32.94850271808359],[-80.69372706780996,32.95126884127932],[-80.68376307505274,32.95697954714315],[-80.68178812171409,32.95809194485295],[-80.67969419729583,32.96042381669555],[-80.67648787289157,32.96157190711327],[-80.67569670236632,32.96189313384395],[-80.67149100490344,32.96442725968618],[-80.66097378737345,32.9708220617575],[-80.65632789026851,32.97364172331269],[-80.65578656188505,32.97557503511488],[-80.65287172282416,32.98524754422603],[-80.64905863585284,32.99816801688107],[-80.64574523675827,33.00928009964773],[-80.64215819915009,33.02161760614578],[-80.64096846859118,33.02387809431001],[-80.63607272844617,33.03403839164752],[-80.63191462013376,33.042550914320046],[-80.62427060115796,33.05834458569201],[-80.62283697620278,33.061330810328464],[-80.6206359752976,33.06233613199546],[-80.62021956933248,33.06395416598089],[-80.6203929908947,33.06433632909527]],[[-80.07025981508161,32.83017205072088],[-80.07100126655082,32.82997324669068],[-80.07425605596296,32.82799187068926],[-80.07610903515402,32.82695639320427],[-80.0784837369975,32.8290027303439],[-80.0860694589046,32.83552245299373],[-80.09797628124592,32.84571606408203],[-80.1008601877183,32.848285882231444],[-80.10396776391663,32.850037165268986],[-80.11413758136668,32.856042925360406],[-80.12598729600874,32.86295763767227],[-80.13468660637297,32.86804016671485],[-80.14713594556888,32.87538794301849],[-80.15581951475438,32.88043305300202],[-80.1598946160396,32.88252156707385],[-80.17148259125227,32.88834172806123],[-80.18236624506139,32.89382876483939],[-80.19185077730705,32.8986114820054],[-80.20900669121207,32.90727747869232],[-80.21890048961296,32.91226958801137],[-80.23017437607308,32.91797077706734],[-80.24039654015137,32.92314848393539],[-80.242823591318,32.92567071278281],[-80.2503188933002,32.93381798733307],[-80.25150386368642,32.935055306662186],[-80.25608194697057,32.93699694697535],[-80.26710361075341,32.94189387765617],[-80.27574581341841,32.94569149722879],[-80.28241782201913,32.948703894735836],[-80.30073491263344,32.95690351782894],[-80.31101418441096,32.96200032272103],[-80.3240203182846,32.96846769780597],[-80.32997372855692,32.971427747806636],[-80.33409495563703,32.973478842718386],[-80.33699789830857,32.974954108730046],[-80.34768167786528,32.98025554817377],[-80.35392538411158,32.98338691897714],[-80.36758349006557,32.99022548977227],[-80.37607340673036,32.994437135889534],[-80.38559600957775,32.99919129934705],[-80.39036920873825,33.001604072311196],[-80.39395743571588,33.00233218697788],[-80.40862443417558,33.005235130306644],[-80.41613877056032,33.00672467163004],[-80.41991259666217,33.00680557430111],[-80.42213501340373,33.006876957797104],[-80.42636569481131,33.008909016949936],[-80.42948754793444,33.01052705085276],[-80.43180038370261,33.01052705085276],[-80.43522680792788,33.01054608675902],[-80.43831534792703,33.0111552290697],[-80.45423870139703,33.014305635364266],[-80.46135804765304,33.01573807132458],[-80.46974326926471,33.01739893431831],[-80.48234965283689,33.0199068863738],[-80.50201827766078,33.02381396119873],[-80.51171220180927,33.0257413250143],[-80.51424394892734,33.02622673466492],[-80.5177655505553,33.02710713527595],[-80.52425196182841,33.029191543023174],[-80.53873812043828,33.03381245614694],[-80.5482750002105,33.03681533636417],[-80.56506447693806,33.042121534247265],[-80.5731927156998,33.04474370023914],[-80.57627649732288,33.04656160763708],[-80.57941262737084,33.04837951666646],[-80.5830389249502,33.049317024011486],[-80.59835313621592,33.053400178828454],[-80.60607210792408,33.055475068805826],[-80.61716515543264,33.05841608329749],[-80.619820633803,33.060276821863155],[-80.62105319423804,33.06112391034043],[-80.62049164208257,33.06216135512019],[-80.62011092798032,33.06365089730756],[-80.62005857955546,33.06391739707195],[-80.6203929908947,33.06433632909527]]]}"", ""review_note"": """", ""primary_source_reason"": """", ""resolution_requirement"": ""standard_public_gis"", ""route_file"": ""C:\\Users\\sebas\\PycharmProjects\\Git\\Project_secret_project\\data\\processed\\dominion\\reference\\dominion_route_resolution_v3_tagged.csv"", ""distance_km"": """", ""hops"": """", ""start_snap_km"": """", ""end_snap_km"": """", ""osm_way_ids"": """", ""way_names"": """", ""operators"": """", ""unknown_voltage_edge_count"": """", ""source"": """", ""attribution"": """", ""license"": """"}"
SC:scrtp_projects.pdf:8:6859,DESC,SC,6859,Dawson 230kV Sub and Fold-in: Construct and Rebuild,Construct Dawson 230kV substation. Fold in the existing Canadys – Church Creek and Canadys – Faber Place 230kV lines at the Dawson 230kV substation (phase 1). Rebuild Canadys – Dawson 230kV #1 and #2 with B1272 ACSR (phase 2).,line,Canadys - Faber Place fold-in,Canadys,Faber Place,230,,existing,work,Canadys - Faber Place fold-in; ,retained_DESC_asset_inventory,standard_public_gis,SC:scrtp_projects.pdf:8:6859:3,,scrtp_projects.pdf,8,,https://www.scrtp.com/assets/pdfs/home/2026-2030-2million-and-above-project-descriptions.pdf,,,rebuild,construct;rebuild,"{""type"":""MultiLineString"",""coordinates"":[[[-80.08502064796262,32.93810656313819],[-80.08580343990121,32.93865828211378],[-80.08629625836103,32.93852642698664],[-80.0857398149246,32.93709496662464],[-80.09036613414622,32.936465573065654],[-80.10411688874537,32.93450818993535],[-80.1171692023128,32.93274789824056],[-80.12909293813426,32.93395226213305],[-80.13450610069643,32.934521491862554],[-80.13674933230142,32.932665217717705],[-80.13810959633894,32.931555203801516],[-80.13949994136205,32.9304156657726],[-80.14334928793151,32.92731874124486],[-80.14509948727766,32.92587387318509],[-80.14895428572258,32.92368748806078],[-80.15028465472577,32.9229568753207],[-80.15307079664744,32.921381150997156],[-80.15685471621984,32.91883491204488],[-80.1653439977757,32.913131771906066],[-80.17297726391755,32.90787572275068],[-80.18284053397181,32.901202067797335],[-80.18870179236738,32.89726548379549],[-80.19213676136764,32.89890663589709],[-80.20184191266057,32.90386280614704],[-80.21500929682263,32.91052010433826],[-80.22687902503091,32.91648495563695],[-80.24022088268238,32.923262206087756],[-80.24159487118081,32.92462528911038],[-80.24867745118887,32.93226945982301],[-80.25131637989675,32.935181004983576],[-80.25592905370921,32.93713293967239],[-80.26448921593425,32.940916858881565],[-80.28576421803068,32.95038210868698],[-80.29861536556834,32.95606889230439],[-80.30340796744065,32.95842429896514],[-80.30738816980092,32.96039804370436],[-80.32890852695427,32.971117329741155],[-80.34548907081812,32.97933944834989],[-80.35660092455717,32.9849117321605],[-80.37208009705176,32.99264859211641],[-80.38727574776796,33.000232786883615],[-80.39026907892342,33.00175944033737],[-80.39462549302974,33.002610004030444],[-80.41610223068783,33.00690098908018],[-80.42209979674963,33.00702639309838],[-80.42945499388686,33.010668550739865],[-80.43380595611771,33.010668550739865],[-80.43521265766552,33.01069036101691],[-80.43991256777356,33.0116336139909],[-80.46758315697632,33.017135018270174],[-80.47960555027387,33.01953404366981],[-80.49946294617325,33.02349243781222],[-80.51424422021856,33.02643669766841],[-80.51598351401717,33.02681290868958],[-80.51767919011714,33.027325428360314],[-80.52355680413906,33.02915195866489],[-80.52807133610843,33.030575017941736],[-80.53880152712429,33.034037249195144],[-80.55905694227155,33.040416479270334],[-80.5731076039199,33.04490374823997],[-80.57929054901867,33.04851319336044],[-80.58312353906344,33.04951096983567],[-80.6080734133416,33.05620098199985],[-80.61704250126039,33.05857274630099],[-80.62081551528522,33.06118986608851],[-80.62031935329593,33.06214402429646],[-80.61989407107748,33.0636543212538],[-80.61991588037596,33.06392148501649],[-80.6203929908947,33.06433632909527]],[[-80.08502064796262,32.93810656313819],[-80.08477342620655,32.937455352182724],[-80.08424265662093,32.93693485569485],[-80.08380091996143,32.9359281071664],[-80.0822634021487,32.932147660663986],[-80.08035263343707,32.927514561356155],[-80.07979827229546,32.926174420937734],[-80.07943824819084,32.92618140995227],[-80.0789730646041,32.92523517122994],[-80.0767083372127,32.919638680095105],[-80.07449402058005,32.91426023804705],[-80.07240005214435,32.909111136327276],[-80.06327471216335,32.886895652008654],[-80.06098606533084,32.88123396116165],[-80.05710244982991,32.878547936006896],[-80.04166527986305,32.868111540071894],[-80.0404467466212,32.86714472216101],[-80.03755340334675,32.86520629734485],[-80.02643133755954,32.857688604803414],[-80.02257189212966,32.85509078918921],[-80.02199258567093,32.85413664000163],[-80.02043112056934,32.85366706869587],[-80.01893778639383,32.853163569226794],[-80.01627037300662,32.85234900418717],[-80.01470578266617,32.85140902589359],[-80.01496192469301,32.850807092909236],[-80.01470222443933,32.84992352720394]]]}",saved_route_preserved,station_anchored_hifld_path,C:\Users\sebas\PycharmProjects\Git\Project_secret_project\data\processed\dominion\reference\dominion_route_resolution_v3_tagged.csv,Canadys - Faber Place fold-in; ,[],,,,,,,,,,,,,,,,"{""asset_key"": ""SC:scrtp_projects.pdf:8:6859:3"", ""project_key"": ""SC:scrtp_projects.pdf:8:6859"", ""project_id"": ""6859"", ""project_name"": ""Dawson 230kV Sub and Fold-in: Construct and Rebuild"", ""state"": ""SC"", ""action_type"": ""rebuild"", ""asset_type"": ""line"", ""asset_name"": ""Canadys - Faber Place fold-in"", ""asset_stage"": ""existing"", ""endpoint_a"": ""Canadys"", ""endpoint_b"": ""Faber Place"", ""voltage_kv"": ""230"", ""official_map_evidence"": """", ""route_status"": ""resolved"", ""route_method"": ""station_anchored_hifld_path"", ""route_length_km"": ""69.12131583151215"", ""route_hops"": ""2.0"", ""segment_count"": ""2"", ""segment_feature_ids"": ""[\""107267\"", \""101449\""]"", ""segment_names"": ""[\""UNKNOWN120969 - CANADYS\"", \""UNKNOWN120969 - UNKNOWN121120\""]"", ""segment_owners"": ""[\""SCE&G\"", \""SOUTH CAROLINA ELECTRIC&GAS CO\""]"", ""source_files"": ""[\""C:\\\\Users\\\\sebas\\\\PycharmProjects\\\\Git\\\\Project_secret_project\\\\data\\\\raw\\\\public_gis\\\\SC\\\\netl_lines_0.json\""]"", ""endpoint_a_anchor"": ""CANADYS [hifld_substation]"", ""endpoint_b_anchor"": ""Faber Place Substation [review_named_candidate]"", ""endpoint_a_snap_km"": ""3.5366203299247447e-12"", ""endpoint_b_snap_km"": ""0.0261845636264904"", ""geometry"": ""{\""type\"":\""MultiLineString\"",\""coordinates\"":[[[-80.08502064796262,32.93810656313819],[-80.08580343990121,32.93865828211378],[-80.08629625836103,32.93852642698664],[-80.0857398149246,32.93709496662464],[-80.09036613414622,32.936465573065654],[-80.10411688874537,32.93450818993535],[-80.1171692023128,32.93274789824056],[-80.12909293813426,32.93395226213305],[-80.13450610069643,32.934521491862554],[-80.13674933230142,32.932665217717705],[-80.13810959633894,32.931555203801516],[-80.13949994136205,32.9304156657726],[-80.14334928793151,32.92731874124486],[-80.14509948727766,32.92587387318509],[-80.14895428572258,32.92368748806078],[-80.15028465472577,32.9229568753207],[-80.15307079664744,32.921381150997156],[-80.15685471621984,32.91883491204488],[-80.1653439977757,32.913131771906066],[-80.17297726391755,32.90787572275068],[-80.18284053397181,32.901202067797335],[-80.18870179236738,32.89726548379549],[-80.19213676136764,32.89890663589709],[-80.20184191266057,32.90386280614704],[-80.21500929682263,32.91052010433826],[-80.22687902503091,32.91648495563695],[-80.24022088268238,32.923262206087756],[-80.24159487118081,32.92462528911038],[-80.24867745118887,32.93226945982301],[-80.25131637989675,32.935181004983576],[-80.25592905370921,32.93713293967239],[-80.26448921593425,32.940916858881565],[-80.28576421803068,32.95038210868698],[-80.29861536556834,32.95606889230439],[-80.30340796744065,32.95842429896514],[-80.30738816980092,32.96039804370436],[-80.32890852695427,32.971117329741155],[-80.34548907081812,32.97933944834989],[-80.35660092455717,32.9849117321605],[-80.37208009705176,32.99264859211641],[-80.38727574776796,33.000232786883615],[-80.39026907892342,33.00175944033737],[-80.39462549302974,33.002610004030444],[-80.41610223068783,33.00690098908018],[-80.42209979674963,33.00702639309838],[-80.42945499388686,33.010668550739865],[-80.43380595611771,33.010668550739865],[-80.43521265766552,33.01069036101691],[-80.43991256777356,33.0116336139909],[-80.46758315697632,33.017135018270174],[-80.47960555027387,33.01953404366981],[-80.49946294617325,33.02349243781222],[-80.51424422021856,33.02643669766841],[-80.51598351401717,33.02681290868958],[-80.51767919011714,33.027325428360314],[-80.52355680413906,33.02915195866489],[-80.52807133610843,33.030575017941736],[-80.53880152712429,33.034037249195144],[-80.55905694227155,33.040416479270334],[-80.5731076039199,33.04490374823997],[-80.57929054901867,33.04851319336044],[-80.58312353906344,33.04951096983567],[-80.6080734133416,33.05620098199985],[-80.61704250126039,33.05857274630099],[-80.62081551528522,33.06118986608851],[-80.62031935329593,33.06214402429646],[-80.61989407107748,33.0636543212538],[-80.61991588037596,33.06392148501649],[-80.6203929908947,33.06433632909527]],[[-80.08502064796262,32.93810656313819],[-80.08477342620655,32.937455352182724],[-80.08424265662093,32.93693485569485],[-80.08380091996143,32.9359281071664],[-80.0822634021487,32.932147660663986],[-80.08035263343707,32.927514561356155],[-80.07979827229546,32.926174420937734],[-80.07943824819084,32.92618140995227],[-80.0789730646041,32.92523517122994],[-80.0767083372127,32.919638680095105],[-80.07449402058005,32.91426023804705],[-80.07240005214435,32.909111136327276],[-80.06327471216335,32.886895652008654],[-80.06098606533084,32.88123396116165],[-80.05710244982991,32.878547936006896],[-80.04166527986305,32.868111540071894],[-80.0404467466212,32.86714472216101],[-80.03755340334675,32.86520629734485],[-80.02643133755954,32.857688604803414],[-80.02257189212966,32.85509078918921],[-80.02199258567093,32.85413664000163],[-80.02043112056934,32.85366706869587],[-80.01893778639383,32.853163569226794],[-80.01627037300662,32.85234900418717],[-80.01470578266617,32.85140902589359],[-80.01496192469301,32.850807092909236],[-80.01470222443933,32.84992352720394]]]}"", ""review_note"": """", ""primary_source_reason"": """", ""resolution_requirement"": ""standard_public_gis"", ""route_file"": ""C:\\Users\\sebas\\PycharmProjects\\Git\\Project_secret_project\\data\\processed\\dominion\\reference\\dominion_route_resolution_v3_tagged.csv"", ""distance_km"": """", ""hops"": """", ""start_snap_km"": """", ""end_snap_km"": """", ""osm_way_ids"": """", ""way_names"": """", ""operators"": """", ""unknown_voltage_edge_count"": """", ""source"": """", ""attribution"": """", ""license"": """"}"
SC:scrtp_projects.pdf:8:6859,DESC,SC,6859,Dawson 230kV Sub and Fold-in: Construct and Rebuild,Construct Dawson 230kV substation. Fold in the existing Canadys – Church Creek and Canadys – Faber Place 230kV lines at the Dawson 230kV substation (phase 1). Rebuild Canadys – Dawson 230kV #1 and #2 with B1272 ACSR (phase 2).,line,Canadys - Dawson #1,Canadys,Dawson,230,,existing,work,"Canadys - Dawson #1; Endpoint anchors found: A=2, B=0. Need another public location source for the missing endpoint.",retained_DESC_asset_inventory,standard_public_gis,SC:scrtp_projects.pdf:8:6859:4,,scrtp_projects.pdf,8,,https://www.scrtp.com/assets/pdfs/home/2026-2030-2million-and-above-project-descriptions.pdf,,,rebuild,construct;rebuild,,endpoint_anchor_missing,,,"Canadys - Dawson #1; Endpoint anchors found: A=2, B=0. Need another public location source for the missing endpoint.","[{""name"": ""Canadys Substation"", ""names"": [""Canadys Substation""], ""state"": ""SC"", ""geometry"": {""type"": ""Polygon"", ""coordinates"": [[[-80.6201285, 33.0643901], [-80.6200593, 33.0646556], [-80.6205808, 33.0647939], [-80.6211156, 33.0645951], [-80.6211554, 33.0644148], [-80.6211937, 33.0644222], [-80.6212187, 33.0642765], [-80.6213042, 33.0642852], [-80.6215252, 33.0634616], [-80.621232, 33.0633987], [-80.621123, 33.0634308], [-80.620871, 33.0636765], [-80.6205779, 33.0638617], [-80.6205469, 33.0639753], [-80.6198943, 33.063895], [-80.6198368, 33.0639345], [-80.6197867, 33.0639802], [-80.6197455, 33.0640358], [-80.6196747, 33.0643049], [-80.6201285, 33.0643901]]]}, ""feature_id"": ""way/185032900"", ""kind"": ""substation"", ""voltage"": ""230000;115000"", ""source"": ""osm"", ""source_url"": ""https://www.openstreetmap.org/way/185032900"", ""source_file"": ""C:\\Users\\sebas\\PycharmProjects\\Git\\Project_secret_project\\data\\raw\\osm\\SC\\power_substations_overpass.json"", ""review_required"": false, ""coordinates"": [-80.62059995, 33.0640963]}, null]",,,,,,,,,,,,,,,,
SC:scrtp_projects.pdf:8:6859,DESC,SC,6859,Dawson 230kV Sub and Fold-in: Construct and Rebuild,Construct Dawson 230kV substation. Fold in the existing Canadys – Church Creek and Canadys – Faber Place 230kV lines at the Dawson 230kV substation (phase 1). Rebuild Canadys – Dawson 230kV #1 and #2 with B1272 ACSR (phase 2).,line,Canadys - Dawson #2,Canadys,Dawson,230,,existing,work,"Canadys - Dawson #2; Endpoint anchors found: A=2, B=0. Need another public location source for the missing endpoint.",retained_DESC_asset_inventory,standard_public_gis,SC:scrtp_projects.pdf:8:6859:5,,scrtp_projects.pdf,8,,https://www.scrtp.com/assets/pdfs/home/2026-2030-2million-and-above-project-descriptions.pdf,,,rebuild,construct;rebuild,,endpoint_anchor_missing,,,"Canadys - Dawson #2; Endpoint anchors found: A=2, B=0. Need another public location source for the missing endpoint.","[{""name"": ""Canadys Substation"", ""names"": [""Canadys Substation""], ""state"": ""SC"", ""geometry"": {""type"": ""Polygon"", ""coordinates"": [[[-80.6201285, 33.0643901], [-80.6200593, 33.0646556], [-80.6205808, 33.0647939], [-80.6211156, 33.0645951], [-80.6211554, 33.0644148], [-80.6211937, 33.0644222], [-80.6212187, 33.0642765], [-80.6213042, 33.0642852], [-80.6215252, 33.0634616], [-80.621232, 33.0633987], [-80.621123, 33.0634308], [-80.620871, 33.0636765], [-80.6205779, 33.0638617], [-80.6205469, 33.0639753], [-80.6198943, 33.063895], [-80.6198368, 33.0639345], [-80.6197867, 33.0639802], [-80.6197455, 33.0640358], [-80.6196747, 33.0643049], [-80.6201285, 33.0643901]]]}, ""feature_id"": ""way/185032900"", ""kind"": ""substation"", ""voltage"": ""230000;115000"", ""source"": ""osm"", ""source_url"": ""https://www.openstreetmap.org/way/185032900"", ""source_file"": ""C:\\Users\\sebas\\PycharmProjects\\Git\\Project_secret_project\\data\\raw\\osm\\SC\\power_substations_overpass.json"", ""review_required"": false, ""coordinates"": [-80.62059995, 33.0640963]}, null]",,,,,,,,,,,,,,,,
SC:scrtp_projects.pdf:9:6341 A-F,DESC,SC,6341 A-F,Cainhoy - Hamlin 115kV: Rebuild Line and Cainhoy – Hamlin 115 kV #2: Construct New 115 kV Line,"Upgrade the 954 ACSR portion of the Cainhoy – Hamlin 115 kV line to B795 ACSR conductor, construct a new Cainhoy – Hamlin 115 kV #2 line, add terminals to Cainhoy and Hamlin sub to accommodate upgrades.",line,Cainhoy - Hamlin existing line,Cainhoy,Hamlin,115,,existing,work,Cainhoy - Hamlin existing line; ,retained_DESC_asset_inventory,standard_public_gis,SC:scrtp_projects.pdf:9:6341 A-F:1,,scrtp_projects.pdf,9,,https://www.scrtp.com/assets/pdfs/home/2026-2030-2million-and-above-project-descriptions.pdf,,,rebuild,rebuild;construct,"{""type"":""MultiLineString"",""coordinates"":[[[-79.93203144563482,33.017843085347614],[-79.9327669879861,33.017692219141864],[-79.93299704383541,33.01768579702183],[-79.9330125307909,33.018176760194685],[-79.93302802762788,33.018498813660585],[-79.93304428084633,33.01883657907625],[-79.93304466802022,33.01884463034818],[-79.93312156380853,33.019869241908815],[-79.93164500297601,33.02163997108687],[-79.9299285021311,33.02124333204733],[-79.92803260772399,33.0208079760908],[-79.9258402692731,33.02029503664273],[-79.92344392342117,33.01975173937358],[-79.92136935410403,33.01927329228936],[-79.91963794122542,33.01887739507783],[-79.91765023899625,33.018422368052256],[-79.9157606327961,33.017987977373195],[-79.91377562641111,33.017537541279545],[-79.9114116190111,33.01699113795803],[-79.90898778471148,33.016430948278355],[-79.90642192676545,33.01584792990244],[-79.90376893223686,33.01523982485609],[-79.90146493319615,33.014704782351046],[-79.89927816430003,33.014201751303645],[-79.89729513331034,33.01374624667773],[-79.89604764287527,33.011993137318],[-79.8948684244018,33.01034778996653],[-79.89454324504874,33.00989429032042],[-79.89435943896183,33.00963794967863],[-79.89369953655411,33.00871762890586],[-79.89261464118547,33.00717874127091],[-79.89154645358282,33.00568638333618],[-79.89051545802954,33.00424583094583],[-79.88932824544837,33.002586929109725],[-79.88821630989138,33.00103347034187],[-79.88699253497981,32.99930752966906],[-79.88578394159656,32.99760333107544],[-79.88457040658092,32.995891941269115],[-79.88340142980003,32.99424343126512],[-79.88220676030367,32.99255857172363],[-79.88097903280486,32.99084384491775],[-79.87979325662982,32.98917014887923],[-79.8785265422477,32.98738196478257],[-79.87737741733625,32.98580954973293],[-79.87627275903135,32.98424404136582],[-79.87568451164059,32.98341049097517],[-79.8751536378504,32.98265823278902],[-79.87413333135069,32.98121233100857],[-79.87297190041818,32.97960883531803],[-79.87211014566782,32.97839588930196],[-79.87127075986632,32.97721457720378],[-79.87042607400467,32.976025487271464],[-79.86926131840728,32.974386176318376],[-79.86830227700996,32.97304383734835],[-79.86726786696029,32.97159604477629],[-79.86611011822212,32.969975794236774],[-79.86521081479118,32.96871704426991],[-79.86415358843162,32.96723722516299],[-79.86300922369286,32.96563558603222],[-79.86185695467792,32.964022687769464],[-79.86085173987499,32.962615673780164],[-79.85958646279731,32.96084458907132],[-79.8585074055797,32.95933426172045],[-79.85730797591067,32.95765514515659],[-79.85605455659474,32.95590069464878],[-79.85496292386148,32.954302845051245],[-79.85341916904572,32.95354468930725],[-79.85168533071584,32.95268559405294],[-79.85021227331295,32.95193948524864],[-79.84867750165002,32.95117573105884],[-79.84728933504148,32.95047363221278],[-79.84587403931133,32.94979255934349],[-79.84471126000757,32.948421277265126],[-79.84334303599833,32.94685713930709],[-79.8420005038062,32.94531898325932],[-79.8406819566322,32.94381706009682],[-79.83948944309252,32.94246196766621],[-79.83831821962508,32.94113218678008],[-79.83721922070649,32.9398829767116],[-79.83627230656549,32.93854667337399],[-79.83541055271344,32.93733308820761],[-79.83449274398767,32.93607093292152],[-79.83352876185627,32.93471165122467],[-79.83450657804303,32.93325275132629],[-79.83526628327881,32.932125045347014],[-79.83597981510898,32.931087577017166],[-79.83520447918728,32.92877954332743],[-79.83454655307318,32.92683262323075],[-79.83442465168912,32.926689101682385],[-79.83051284795289,32.92181617236929],[-79.82951050775888,32.92052069132757],[-79.82971361684461,32.91904315707533],[-79.82992283357596,32.917496146095395],[-79.83015612695357,32.91582106128228],[-79.83034881558201,32.91446659572073],[-79.830367198706,32.91422369027619]],[[-79.830367198706,32.91422369027619],[-79.82979410589407,32.91416834070576],[-79.82808200679406,32.91408252225799],[-79.8262890593185,32.91401133222582],[-79.82449593217986,32.91394014289054],[-79.82270055925304,32.91387287494905],[-79.82057658259525,32.913797236160065],[-79.81918868458297,32.91209885307355],[-79.81777356941421,32.910420949655574],[-79.8163529736239,32.90873162799325],[-79.81491054877219,32.90701474564538],[-79.81378989955694,32.90568247027073],[-79.8126692521383,32.90434323615199],[-79.8114784453977,32.90294032577559],[-79.81022853040967,32.90143225265828],[-79.80878817078481,32.89972722204044],[-79.8075503821548,32.898160262778575],[-79.80675573155618,32.89688103023567],[-79.80583864238093,32.89541516994836],[-79.80482444442515,32.89377685267121],[-79.8037274218002,32.89202354963891],[-79.80262096686474,32.89019062970212],[-79.80161521307264,32.88863504314489],[-79.80055457221668,32.88694538133516],[-79.7995102806989,32.885260061136265],[-79.79848503256682,32.8836114480938],[-79.7973998686019,32.881894154234764],[-79.79633096324534,32.880181354326865],[-79.79524301360473,32.878422726099494],[-79.79416332756642,32.87668232122931],[-79.79293901456403,32.87476118962812],[-79.79275090734355,32.87286498874423],[-79.79254366600749,32.870939021882265],[-79.79233642467143,32.86899475335444],[-79.79214912593471,32.86737465973975],[-79.7919758409164,32.86570896411746],[-79.79179554903888,32.86409167926797],[-79.79155453104815,32.862621125754],[-79.79133884644675,32.861105047786],[-79.78988357478816,32.860390991137876],[-79.78900735806003,32.85994216627863],[-79.7883756609556,32.86000767096407]]]}",saved_route_preserved,station_anchored_hifld_path,C:\Users\sebas\PycharmProjects\Git\Project_secret_project\data\processed\dominion\reference\dominion_route_resolution_v3_tagged.csv,Cainhoy - Hamlin existing line; ,[],,,,,,,,,,,,,,,,"{""asset_key"": ""SC:scrtp_projects.pdf:9:6341 A-F:1"", ""project_key"": ""SC:scrtp_projects.pdf:9:6341 A-F"", ""project_id"": ""6341 A-F"", ""project_name"": ""Cainhoy - Hamlin 115kV: Rebuild Line and Cainhoy \u2013 Hamlin 115 kV #2: Construct New 115 kV Line"", ""state"": ""SC"", ""action_type"": ""rebuild"", ""asset_type"": ""line"", ""asset_name"": ""Cainhoy - Hamlin existing line"", ""asset_stage"": ""existing"", ""endpoint_a"": ""Cainhoy"", ""endpoint_b"": ""Hamlin"", ""voltage_kv"": ""115"", ""official_map_evidence"": ""[{\""title\"": \""Cainhoy-Hamlin\"", \""purpose\"": \""Our proactive year-round inspection and maintenance program has identified an electric transmission line that requires replacement. This seven-mile enhancement to the Cainhoy-Hamlin 115 kV line will be rebuilt exclusively on existing rights of way.\"", \""url\"": \""https://www.dominionenergy.com/en/About/Delivering-Energy/Electric-Projects/Power-Line-Projects/Cainhoy-Hamlin\"", \""page\"": \""C:\\\\Users\\\\sebas\\\\PycharmProjects\\\\Git\\\\Project_secret_project\\\\data\\\\raw\\\\public_gis\\\\dominion_maps\\\\cainhoy-hamlin.html\"", \""maps\"": []}]"", ""route_status"": ""resolved"", ""route_method"": ""station_anchored_hifld_path"", ""route_length_km"": ""24.935858251288494"", ""route_hops"": ""2.0"", ""segment_count"": ""2"", ""segment_feature_ids"": ""[\""127012\"", \""112313\""]"", ""segment_names"": ""[\""UNKNOWN120971 - TAP147729\"", \""UNKNOWN121118 - TAP147729\""]"", ""segment_owners"": ""[\""SOUTH CAROLINA ELECTRIC&GAS CO\"", \""SOUTH CAROLINA ELECTRIC&GAS COMPANY\""]"", ""source_files"": ""[\""C:\\\\Users\\\\sebas\\\\PycharmProjects\\\\Git\\\\Project_secret_project\\\\data\\\\raw\\\\public_gis\\\\SC\\\\netl_lines_0.json\"", \""C:\\\\Users\\\\sebas\\\\PycharmProjects\\\\Git\\\\Project_secret_project\\\\data\\\\raw\\\\public_gis\\\\SC\\\\netl_lines_2000.json\""]"", ""endpoint_a_anchor"": ""Cainhoy Substation [review_named_candidate]"", ""endpoint_b_anchor"": ""Hamlin Substation [review_named_candidate]"", ""endpoint_a_snap_km"": ""0.2793145188820397"", ""endpoint_b_snap_km"": ""0.017598083884869"", ""geometry"": ""{\""type\"":\""MultiLineString\"",\""coordinates\"":[[[-79.93203144563482,33.017843085347614],[-79.9327669879861,33.017692219141864],[-79.93299704383541,33.01768579702183],[-79.9330125307909,33.018176760194685],[-79.93302802762788,33.018498813660585],[-79.93304428084633,33.01883657907625],[-79.93304466802022,33.01884463034818],[-79.93312156380853,33.019869241908815],[-79.93164500297601,33.02163997108687],[-79.9299285021311,33.02124333204733],[-79.92803260772399,33.0208079760908],[-79.9258402692731,33.02029503664273],[-79.92344392342117,33.01975173937358],[-79.92136935410403,33.01927329228936],[-79.91963794122542,33.01887739507783],[-79.91765023899625,33.018422368052256],[-79.9157606327961,33.017987977373195],[-79.91377562641111,33.017537541279545],[-79.9114116190111,33.01699113795803],[-79.90898778471148,33.016430948278355],[-79.90642192676545,33.01584792990244],[-79.90376893223686,33.01523982485609],[-79.90146493319615,33.014704782351046],[-79.89927816430003,33.014201751303645],[-79.89729513331034,33.01374624667773],[-79.89604764287527,33.011993137318],[-79.8948684244018,33.01034778996653],[-79.89454324504874,33.00989429032042],[-79.89435943896183,33.00963794967863],[-79.89369953655411,33.00871762890586],[-79.89261464118547,33.00717874127091],[-79.89154645358282,33.00568638333618],[-79.89051545802954,33.00424583094583],[-79.88932824544837,33.002586929109725],[-79.88821630989138,33.00103347034187],[-79.88699253497981,32.99930752966906],[-79.88578394159656,32.99760333107544],[-79.88457040658092,32.995891941269115],[-79.88340142980003,32.99424343126512],[-79.88220676030367,32.99255857172363],[-79.88097903280486,32.99084384491775],[-79.87979325662982,32.98917014887923],[-79.8785265422477,32.98738196478257],[-79.87737741733625,32.98580954973293],[-79.87627275903135,32.98424404136582],[-79.87568451164059,32.98341049097517],[-79.8751536378504,32.98265823278902],[-79.87413333135069,32.98121233100857],[-79.87297190041818,32.97960883531803],[-79.87211014566782,32.97839588930196],[-79.87127075986632,32.97721457720378],[-79.87042607400467,32.976025487271464],[-79.86926131840728,32.974386176318376],[-79.86830227700996,32.97304383734835],[-79.86726786696029,32.97159604477629],[-79.86611011822212,32.969975794236774],[-79.86521081479118,32.96871704426991],[-79.86415358843162,32.96723722516299],[-79.86300922369286,32.96563558603222],[-79.86185695467792,32.964022687769464],[-79.86085173987499,32.962615673780164],[-79.85958646279731,32.96084458907132],[-79.8585074055797,32.95933426172045],[-79.85730797591067,32.95765514515659],[-79.85605455659474,32.95590069464878],[-79.85496292386148,32.954302845051245],[-79.85341916904572,32.95354468930725],[-79.85168533071584,32.95268559405294],[-79.85021227331295,32.95193948524864],[-79.84867750165002,32.95117573105884],[-79.84728933504148,32.95047363221278],[-79.84587403931133,32.94979255934349],[-79.84471126000757,32.948421277265126],[-79.84334303599833,32.94685713930709],[-79.8420005038062,32.94531898325932],[-79.8406819566322,32.94381706009682],[-79.83948944309252,32.94246196766621],[-79.83831821962508,32.94113218678008],[-79.83721922070649,32.9398829767116],[-79.83627230656549,32.93854667337399],[-79.83541055271344,32.93733308820761],[-79.83449274398767,32.93607093292152],[-79.83352876185627,32.93471165122467],[-79.83450657804303,32.93325275132629],[-79.83526628327881,32.932125045347014],[-79.83597981510898,32.931087577017166],[-79.83520447918728,32.92877954332743],[-79.83454655307318,32.92683262323075],[-79.83442465168912,32.926689101682385],[-79.83051284795289,32.92181617236929],[-79.82951050775888,32.92052069132757],[-79.82971361684461,32.91904315707533],[-79.82992283357596,32.917496146095395],[-79.83015612695357,32.91582106128228],[-79.83034881558201,32.91446659572073],[-79.830367198706,32.91422369027619]],[[-79.830367198706,32.91422369027619],[-79.82979410589407,32.91416834070576],[-79.82808200679406,32.91408252225799],[-79.8262890593185,32.91401133222582],[-79.82449593217986,32.91394014289054],[-79.82270055925304,32.91387287494905],[-79.82057658259525,32.913797236160065],[-79.81918868458297,32.91209885307355],[-79.81777356941421,32.910420949655574],[-79.8163529736239,32.90873162799325],[-79.81491054877219,32.90701474564538],[-79.81378989955694,32.90568247027073],[-79.8126692521383,32.90434323615199],[-79.8114784453977,32.90294032577559],[-79.81022853040967,32.90143225265828],[-79.80878817078481,32.89972722204044],[-79.8075503821548,32.898160262778575],[-79.80675573155618,32.89688103023567],[-79.80583864238093,32.89541516994836],[-79.80482444442515,32.89377685267121],[-79.8037274218002,32.89202354963891],[-79.80262096686474,32.89019062970212],[-79.80161521307264,32.88863504314489],[-79.80055457221668,32.88694538133516],[-79.7995102806989,32.885260061136265],[-79.79848503256682,32.8836114480938],[-79.7973998686019,32.881894154234764],[-79.79633096324534,32.880181354326865],[-79.79524301360473,32.878422726099494],[-79.79416332756642,32.87668232122931],[-79.79293901456403,32.87476118962812],[-79.79275090734355,32.87286498874423],[-79.79254366600749,32.870939021882265],[-79.79233642467143,32.86899475335444],[-79.79214912593471,32.86737465973975],[-79.7919758409164,32.86570896411746],[-79.79179554903888,32.86409167926797],[-79.79155453104815,32.862621125754],[-79.79133884644675,32.861105047786],[-79.78988357478816,32.860390991137876],[-79.78900735806003,32.85994216627863],[-79.7883756609556,32.86000767096407]]]}"", ""review_note"": """", ""primary_source_reason"": """", ""resolution_requirement"": ""standard_public_gis"", ""route_file"": ""C:\\Users\\sebas\\PycharmProjects\\Git\\Project_secret_project\\data\\processed\\dominion\\reference\\dominion_route_resolution_v3_tagged.csv"", ""distance_km"": """", ""hops"": """", ""start_snap_km"": """", ""end_snap_km"": """", ""osm_way_ids"": """", ""way_names"": """", ""operators"": """", ""unknown_voltage_edge_count"": """", ""source"": """", ""attribution"": """", ""license"": """"}"
SC:scrtp_projects.pdf:9:6341 A-F,DESC,SC,6341 A-F,Cainhoy - Hamlin 115kV: Rebuild Line and Cainhoy – Hamlin 115 kV #2: Construct New 115 kV Line,"Upgrade the 954 ACSR portion of the Cainhoy – Hamlin 115 kV line to B795 ACSR conductor, construct a new Cainhoy – Hamlin 115 kV #2 line, add terminals to Cainhoy and Hamlin sub to accommodate upgrades.",line,Cainhoy - Hamlin #2,Cainhoy,Hamlin,115,,proposed,work,Cainhoy - Hamlin #2; This notebook does not force future lines into the current network.,retained_DESC_asset_inventory,standard_public_gis,SC:scrtp_projects.pdf:9:6341 A-F:2,,scrtp_projects.pdf,9,,https://www.scrtp.com/assets/pdfs/home/2026-2030-2million-and-above-project-descriptions.pdf,,,rebuild,rebuild;construct,,proposed_asset_needs_source,,,Cainhoy - Hamlin #2; This notebook does not force future lines into the current network.,[],,,,,,,,,,,,,,,,
SC:scrtp_projects.pdf:9:6341 A-F,DESC,SC,6341 A-F,Cainhoy - Hamlin 115kV: Rebuild Line and Cainhoy – Hamlin 115 kV #2: Construct New 115 kV Line,"Upgrade the 954 ACSR portion of the Cainhoy – Hamlin 115 kV line to B795 ACSR conductor, construct a new Cainhoy – Hamlin 115 kV #2 line, add terminals to Cainhoy and Hamlin sub to accommodate upgrades.",station,Cainhoy,,,115,,existing,work,Cainhoy; ,retained_DESC_asset_inventory,standard_public_gis,SC:scrtp_projects.pdf:9:6341 A-F:3,,scrtp_projects.pdf,9,,https://www.scrtp.com/assets/pdfs/home/2026-2030-2million-and-above-project-descriptions.pdf,,,rebuild,rebuild;construct,"{""type"": ""Polygon"", ""coordinates"": [[[-79.843229, 32.9417865], [-79.8418861, 32.9422273], [-79.8413223, 32.9410174], [-79.842665, 32.9405767], [-79.843229, 32.9417865]]]}",facility_candidate,exact_facility_name,C:\Users\sebas\PycharmProjects\Git\Project_secret_project\data\raw\osm\SC\power_substations_overpass.json,Cainhoy; ,"[{""name"": ""Cainhoy Substation"", ""names"": [""Cainhoy Substation""], ""state"": ""SC"", ""geometry"": {""type"": ""Polygon"", ""coordinates"": [[[-79.843229, 32.9417865], [-79.8418861, 32.9422273], [-79.8413223, 32.9410174], [-79.842665, 32.9405767], [-79.843229, 32.9417865]]]}, ""feature_id"": ""way/229116275"", ""kind"": ""substation"", ""voltage"": ""230000;115000;23900"", ""source"": ""osm"", ""source_url"": ""https://www.openstreetmap.org/way/229116275"", ""source_file"": ""C:\\Users\\sebas\\PycharmProjects\\Git\\Project_secret_project\\data\\raw\\osm\\SC\\power_substations_overpass.json"", ""review_required"": false, ""coordinates"": [-79.84227565, 32.941402]}]",,osm,,,,,,,,,,,,,,
SC:scrtp_projects.pdf:9:6341 A-F,DESC,SC,6341 A-F,Cainhoy - Hamlin 115kV: Rebuild Line and Cainhoy – Hamlin 115 kV #2: Construct New 115 kV Line,"Upgrade the 954 ACSR portion of the Cainhoy – Hamlin 115 kV line to B795 ACSR conductor, construct a new Cainhoy – Hamlin 115 kV #2 line, add terminals to Cainhoy and Hamlin sub to accommodate upgrades.",station,Hamlin,,,115,,existing,work,Hamlin; ,retained_DESC_asset_inventory,standard_public_gis,SC:scrtp_projects.pdf:9:6341 A-F:4,,scrtp_projects.pdf,9,,https://www.scrtp.com/assets/pdfs/home/2026-2030-2million-and-above-project-descriptions.pdf,,,rebuild,rebuild;construct,"{""type"": ""Polygon"", ""coordinates"": [[[-79.7891649, 32.8598143], [-79.7888368, 32.8604345], [-79.7878294, 32.8600583], [-79.7878815, 32.85996], [-79.7877168, 32.8598985], [-79.7878435, 32.8596589], [-79.7880118, 32.8597218], [-79.7881611, 32.8594395], [-79.7891649, 32.8598143]]]}",facility_candidate,exact_facility_name,C:\Users\sebas\PycharmProjects\Git\Project_secret_project\data\raw\osm\SC\power_substations_overpass.json,Hamlin; ,"[{""name"": ""Hamlin Substation"", ""names"": [""Hamlin Substation""], ""state"": ""SC"", ""geometry"": {""type"": ""Polygon"", ""coordinates"": [[[-79.7891649, 32.8598143], [-79.7888368, 32.8604345], [-79.7878294, 32.8600583], [-79.7878815, 32.85996], [-79.7877168, 32.8598985], [-79.7878435, 32.8596589], [-79.7880118, 32.8597218], [-79.7881611, 32.8594395], [-79.7891649, 32.8598143]]]}, ""feature_id"": ""way/229116306"", ""kind"": ""substation"", ""voltage"": ""115000"", ""source"": ""osm"", ""source_url"": ""https://www.openstreetmap.org/way/229116306"", ""source_file"": ""C:\\Users\\sebas\\PycharmProjects\\Git\\Project_secret_project\\data\\raw\\osm\\SC\\power_substations_overpass.json"", ""review_required"": false, ""coordinates"": [-79.78844085, 32.859937]}]",,osm,,,,,,,,,,,,,,
SC:scrtp_projects.pdf:10:5392 A-C,DESC,SC,5392 A-C,Coit – Gills Creek 115kV: Construct,Convert the existing Coit - Gills Creek 33 kV Line to 115 kV. Approximately 1.25 miles. Construct Gills Creek Terminal at Coit Bus #1.,line,Coit - Gills Creek existing 33 kV line,Coit,Gills Creek,33,,existing,work,Coit - Gills Creek existing 33 kV line; No known-owner Dominion/SCE&G HIFLD lines were found at 33 kV. Use OSM or official project documentation.,retained_DESC_asset_inventory,standard_public_gis,SC:scrtp_projects.pdf:10:5392 A-C:1,,scrtp_projects.pdf,10,,https://www.scrtp.com/assets/pdfs/home/2026-2030-2million-and-above-project-descriptions.pdf,,,construct,construct,,endpoint_anchor_missing,,,Coit - Gills Creek existing 33 kV line; No known-owner Dominion/SCE&G HIFLD lines were found at 33 kV. Use OSM or official project documentation.,"[null, null]",,,,,,,,,,,,,,,,
SC:scrtp_projects.pdf:10:5392 A-C,DESC,SC,5392 A-C,Coit – Gills Creek 115kV: Construct,Convert the existing Coit - Gills Creek 33 kV Line to 115 kV. Approximately 1.25 miles. Construct Gills Creek Terminal at Coit Bus #1.,station,Coit,,,115,,existing,work,Coit; ,retained_DESC_asset_inventory,standard_public_gis,SC:scrtp_projects.pdf:10:5392 A-C:2,,scrtp_projects.pdf,10,,https://www.scrtp.com/assets/pdfs/home/2026-2030-2million-and-above-project-descriptions.pdf,,,construct,construct,,facility_not_found_or_ambiguous,,,Coit; ,[],,,,,,,,,,,,,,,,
"SC:scrtp_projects.pdf:11:0139 M,N",DESC,SC,"0139 M,N","Okatie 230-115kV Substation, Jasper – Yemassee 230kV #1 Fold-in","Expand existing Okatie Transmission sub, add a 230-115 autobank and fold the Jasper – Yemassee 230 kV #1 line into the 230 kV side. Construct two additional 115 kV bus tie lines.",station,Okatie,,,230;115,,existing,work,Okatie; ,retained_DESC_asset_inventory,standard_public_gis,"SC:scrtp_projects.pdf:11:0139 M,N:1",,scrtp_projects.pdf,11,,https://www.scrtp.com/assets/pdfs/home/2026-2030-2million-and-above-project-descriptions.pdf,,,other,,,facility_not_found_or_ambiguous,,,Okatie; ,[],,,,,,,,,,,,,,,,
"SC:scrtp_projects.pdf:11:0139 M,N",DESC,SC,"0139 M,N","Okatie 230-115kV Substation, Jasper – Yemassee 230kV #1 Fold-in","Expand existing Okatie Transmission sub, add a 230-115 autobank and fold the Jasper – Yemassee 230 kV #1 line into the 230 kV side. Construct two additional 115 kV bus tie lines.",line,Jasper - Yemassee #1 fold-in,Jasper,Yemassee,230,,existing,work,Jasper - Yemassee #1 fold-in; ,retained_DESC_asset_inventory,standard_public_gis,"SC:scrtp_projects.pdf:11:0139 M,N:2",,scrtp_projects.pdf,11,,https://www.scrtp.com/assets/pdfs/home/2026-2030-2million-and-above-project-descriptions.pdf,,,other,,"{""type"":""MultiLineString"",""coordinates"":[[[-80.86376335224779,32.69792762817355],[-80.86418984180196,32.698549745185005],[-80.86443000369823,32.69875678116762],[-80.86457907013649,32.69858287033953],[-80.86565565968199,32.696247499064214],[-80.86623536229776,32.694864496309755],[-80.8670728939765,32.69347051319158],[-80.87409556982985,32.68746645594299],[-80.87561107712149,32.68632361533271],[-80.88277453784447,32.68417871781028],[-80.88514303412595,32.683524482870354],[-80.88912641472571,32.679334065117445],[-80.89192554808304,32.67632789600851],[-80.89560381859147,32.677386101255244],[-80.90022943443223,32.67886389067504],[-80.90405441779289,32.67772174978971],[-80.91035999011449,32.6759371540112],[-80.92670093802072,32.67120797613156],[-80.92906255320712,32.668941539139404],[-80.93777138032347,32.66053014400211],[-80.94334526765962,32.65509307624076],[-80.95065021303986,32.6480855632779],[-80.96354094304387,32.635765903684224],[-80.97288032730256,32.62661687588241],[-80.97922754013084,32.620573045019896],[-80.9802388113754,32.61938331526852],[-80.98150587430388,32.61470172508651],[-80.98365333741475,32.6073253959152],[-80.98367118334617,32.60339928608863],[-80.98384369401671,32.59064537480225],[-80.98399835875581,32.57993779978639],[-80.9841470748511,32.569254020047865],[-80.98679422583876,32.56008714672625],[-80.98829328587588,32.555066484267115],[-80.98830518316352,32.55363761814214],[-80.98894049958021,32.55146754874634],[-80.99164594673823,32.542087713956484],[-80.987270118242,32.53888971776144],[-80.9842648592562,32.53675534189318],[-80.98441476472092,32.53133017112063],[-80.98439334978288,32.5298525253535],[-80.97892534776757,32.523706377643144],[-80.97646974364962,32.52092240809581],[-80.97635553004775,32.51979454427943],[-80.97289341485794,32.51588984821017],[-80.96316379794824,32.50492529196723],[-80.95758158322941,32.49846505496443],[-80.95802416340695,32.49592379124865],[-80.95599686164344,32.495773884679586],[-80.95352698060067,32.49061283389377],[-80.94693825391163,32.4767786478233],[-80.94823743969634,32.473994678095536],[-80.94876567962613,32.47299530505289],[-80.95477001808686,32.471115443877686],[-80.95760701094186,32.469689761228764],[-80.96080499089543,32.46976796524522],[-80.96627613342096,32.4655285558476],[-80.96679009732424,32.46460770510012],[-80.96852472437494,32.45541346697982],[-80.96899585660549,32.45290789524664],[-80.97225809844123,32.44984552807298],[-80.97324319457506,32.44803951767355],[-80.97482077814777,32.444841521781356],[-80.97966773977288,32.435433133223725],[-80.98689892179019,32.42129199585556],[-80.99221701744246,32.410927064219756],[-80.99815615168829,32.39937716067754],[-81.00455928194806,32.38691354368808],[-81.00624394021109,32.38362988791781],[-81.00839743730572,32.37941829026818],[-81.01662582474688,32.36337140636274],[-81.01974363006136,32.357336382130306],[-81.02816824459487,32.34089704736196],[-81.03174196557728,32.33366113434813],[-81.03244309975823,32.33232064192],[-81.0337978373601,32.332749581648635],[-81.04016133035627,32.335019617666525],[-81.04829850825337,32.33784665025083],[-81.05043082037868,32.34066680477593],[-81.05369807211876,32.344704441258536],[-81.05610552114759,32.345832502043905],[-81.06760624838661,32.3510944981323],[-81.07536511158158,32.35465752221118],[-81.08165199265706,32.358213668333725],[-81.09289821819294,32.364445521704724],[-81.09851789176082,32.36753393493232],[-81.10262431191008,32.36715562069632],[-81.11130488521414,32.36634396710998],[-81.11355413014164,32.3682974396579],[-81.12000609282026,32.3682974396579],[-81.12366541516441,32.36661910425957],[-81.1242144268385,32.366328361029744],[-81.12425696027057,32.36342751510912],[-81.12423632417187,32.361047578622575],[-81.12407120933108,32.36070803331082]]]}",saved_route_preserved,direct_hifld_named_feature,C:\Users\sebas\PycharmProjects\Git\Project_secret_project\data\processed\dominion\reference\dominion_route_resolution_v3_tagged.csv,Jasper - Yemassee #1 fold-in; ,[],,,,,,,,,,,,,,,,"{""asset_key"": ""SC:scrtp_projects.pdf:11:0139 M,N:2"", ""project_key"": ""SC:scrtp_projects.pdf:11:0139 M,N"", ""project_id"": ""0139 M,N"", ""project_name"": ""Okatie 230-115kV Substation, Jasper \u2013 Yemassee 230kV #1 Fold-in"", ""state"": ""SC"", ""action_type"": ""other"", ""asset_type"": ""line"", ""asset_name"": ""Jasper - Yemassee #1 fold-in"", ""asset_stage"": ""existing"", ""endpoint_a"": ""Jasper"", ""endpoint_b"": ""Yemassee"", ""voltage_kv"": ""230"", ""official_map_evidence"": """", ""route_status"": ""resolved"", ""route_method"": ""direct_hifld_named_feature"", ""route_length_km"": ""61.532892624508655"", ""route_hops"": ""1.0"", ""segment_count"": ""1"", ""segment_feature_ids"": ""[\""127121\""]"", ""segment_names"": ""[\""JASPER - YEMASSEE\""]"", ""segment_owners"": ""[\""SOUTH CAROLINA ELECTRIC&GAS CO\""]"", ""source_files"": ""[\""C:\\\\Users\\\\sebas\\\\PycharmProjects\\\\Git\\\\Project_secret_project\\\\data\\\\raw\\\\public_gis\\\\SC\\\\netl_lines_4000.json\""]"", ""endpoint_a_anchor"": """", ""endpoint_b_anchor"": """", ""endpoint_a_snap_km"": """", ""endpoint_b_snap_km"": """", ""geometry"": ""{\""type\"":\""MultiLineString\"",\""coordinates\"":[[[-80.86376335224779,32.69792762817355],[-80.86418984180196,32.698549745185005],[-80.86443000369823,32.69875678116762],[-80.86457907013649,32.69858287033953],[-80.86565565968199,32.696247499064214],[-80.86623536229776,32.694864496309755],[-80.8670728939765,32.69347051319158],[-80.87409556982985,32.68746645594299],[-80.87561107712149,32.68632361533271],[-80.88277453784447,32.68417871781028],[-80.88514303412595,32.683524482870354],[-80.88912641472571,32.679334065117445],[-80.89192554808304,32.67632789600851],[-80.89560381859147,32.677386101255244],[-80.90022943443223,32.67886389067504],[-80.90405441779289,32.67772174978971],[-80.91035999011449,32.6759371540112],[-80.92670093802072,32.67120797613156],[-80.92906255320712,32.668941539139404],[-80.93777138032347,32.66053014400211],[-80.94334526765962,32.65509307624076],[-80.95065021303986,32.6480855632779],[-80.96354094304387,32.635765903684224],[-80.97288032730256,32.62661687588241],[-80.97922754013084,32.620573045019896],[-80.9802388113754,32.61938331526852],[-80.98150587430388,32.61470172508651],[-80.98365333741475,32.6073253959152],[-80.98367118334617,32.60339928608863],[-80.98384369401671,32.59064537480225],[-80.98399835875581,32.57993779978639],[-80.9841470748511,32.569254020047865],[-80.98679422583876,32.56008714672625],[-80.98829328587588,32.555066484267115],[-80.98830518316352,32.55363761814214],[-80.98894049958021,32.55146754874634],[-80.99164594673823,32.542087713956484],[-80.987270118242,32.53888971776144],[-80.9842648592562,32.53675534189318],[-80.98441476472092,32.53133017112063],[-80.98439334978288,32.5298525253535],[-80.97892534776757,32.523706377643144],[-80.97646974364962,32.52092240809581],[-80.97635553004775,32.51979454427943],[-80.97289341485794,32.51588984821017],[-80.96316379794824,32.50492529196723],[-80.95758158322941,32.49846505496443],[-80.95802416340695,32.49592379124865],[-80.95599686164344,32.495773884679586],[-80.95352698060067,32.49061283389377],[-80.94693825391163,32.4767786478233],[-80.94823743969634,32.473994678095536],[-80.94876567962613,32.47299530505289],[-80.95477001808686,32.471115443877686],[-80.95760701094186,32.469689761228764],[-80.96080499089543,32.46976796524522],[-80.96627613342096,32.4655285558476],[-80.96679009732424,32.46460770510012],[-80.96852472437494,32.45541346697982],[-80.96899585660549,32.45290789524664],[-80.97225809844123,32.44984552807298],[-80.97324319457506,32.44803951767355],[-80.97482077814777,32.444841521781356],[-80.97966773977288,32.435433133223725],[-80.98689892179019,32.42129199585556],[-80.99221701744246,32.410927064219756],[-80.99815615168829,32.39937716067754],[-81.00455928194806,32.38691354368808],[-81.00624394021109,32.38362988791781],[-81.00839743730572,32.37941829026818],[-81.01662582474688,32.36337140636274],[-81.01974363006136,32.357336382130306],[-81.02816824459487,32.34089704736196],[-81.03174196557728,32.33366113434813],[-81.03244309975823,32.33232064192],[-81.0337978373601,32.332749581648635],[-81.04016133035627,32.335019617666525],[-81.04829850825337,32.33784665025083],[-81.05043082037868,32.34066680477593],[-81.05369807211876,32.344704441258536],[-81.05610552114759,32.345832502043905],[-81.06760624838661,32.3510944981323],[-81.07536511158158,32.35465752221118],[-81.08165199265706,32.358213668333725],[-81.09289821819294,32.364445521704724],[-81.09851789176082,32.36753393493232],[-81.10262431191008,32.36715562069632],[-81.11130488521414,32.36634396710998],[-81.11355413014164,32.3682974396579],[-81.12000609282026,32.3682974396579],[-81.12366541516441,32.36661910425957],[-81.1242144268385,32.366328361029744],[-81.12425696027057,32.36342751510912],[-81.12423632417187,32.361047578622575],[-81.12407120933108,32.36070803331082]]]}"", ""review_note"": """", ""primary_source_reason"": """", ""resolution_requirement"": ""standard_public_gis"", ""route_file"": ""C:\\Users\\sebas\\PycharmProjects\\Git\\Project_secret_project\\data\\processed\\dominion\\reference\\dominion_route_resolution_v3_tagged.csv"", ""distance_km"": """", ""hops"": """", ""start_snap_km"": """", ""end_snap_km"": """", ""osm_way_ids"": """", ""way_names"": """", ""operators"": """", ""unknown_voltage_edge_count"": """", ""source"": """", ""attribution"": """", ""license"": """"}"
"SC:scrtp_projects.pdf:11:0139 M,N",DESC,SC,"0139 M,N","Okatie 230-115kV Substation, Jasper – Yemassee 230kV #1 Fold-in","Expand existing Okatie Transmission sub, add a 230-115 autobank and fold the Jasper – Yemassee 230 kV #1 line into the 230 kV side. Construct two additional 115 kV bus tie lines.",line,Okatie 115 kV bus tie 1,,,115,,proposed,work,Okatie 115 kV bus tie 1; This notebook does not force future lines into the current network.,retained_DESC_asset_inventory,standard_public_gis,"SC:scrtp_projects.pdf:11:0139 M,N:3",,scrtp_projects.pdf,11,,https://www.scrtp.com/assets/pdfs/home/2026-2030-2million-and-above-project-descriptions.pdf,,,other,,,proposed_asset_needs_source,,,Okatie 115 kV bus tie 1; This notebook does not force future lines into the current network.,[],,,,,,,,,,,,,,,,
"SC:scrtp_projects.pdf:11:0139 M,N",DESC,SC,"0139 M,N","Okatie 230-115kV Substation, Jasper – Yemassee 230kV #1 Fold-in","Expand existing Okatie Transmission sub, add a 230-115 autobank and fold the Jasper – Yemassee 230 kV #1 line into the 230 kV side. Construct two additional 115 kV bus tie lines.",line,Okatie 115 kV bus tie 2,,,115,,proposed,work,Okatie 115 kV bus tie 2; This notebook does not force future lines into the current network.,retained_DESC_asset_inventory,standard_public_gis,"SC:scrtp_projects.pdf:11:0139 M,N:4",,scrtp_projects.pdf,11,,https://www.scrtp.com/assets/pdfs/home/2026-2030-2million-and-above-project-descriptions.pdf,,,other,,,proposed_asset_needs_source,,,Okatie 115 kV bus tie 2; This notebook does not force future lines into the current network.,[],,,,,,,,,,,,,,,,
SC:scrtp_projects.pdf:12:06367 D - G,DESC,SC,06367 D - G,Jasper – Okatie 230 kV #2: Construct,Construct a 230 kV line with B1272 ACSR from Jasper to Okatie 230/115kV Substation. The line is estimated to be 6.5 miles long. This makes Jasper a Medium Impact substation and will require a new CIP Hut.,line,Jasper - Okatie #2,Jasper,Okatie,230,,proposed,work,Jasper - Okatie #2; This notebook does not force future lines into the current network.,retained_DESC_asset_inventory,standard_public_gis,SC:scrtp_projects.pdf:12:06367 D - G:1,,scrtp_projects.pdf,12,,https://www.scrtp.com/assets/pdfs/home/2026-2030-2million-and-above-project-descriptions.pdf,,,construct,construct,,proposed_asset_needs_source,,,Jasper - Okatie #2; This notebook does not force future lines into the current network.,[],,,,,,,,,,,,,,,,
SC:scrtp_projects.pdf:12:06367 D - G,DESC,SC,06367 D - G,Jasper – Okatie 230 kV #2: Construct,Construct a 230 kV line with B1272 ACSR from Jasper to Okatie 230/115kV Substation. The line is estimated to be 6.5 miles long. This makes Jasper a Medium Impact substation and will require a new CIP Hut.,station,Jasper,,,230,,existing,work,Jasper; ,retained_DESC_asset_inventory,standard_public_gis,SC:scrtp_projects.pdf:12:06367 D - G:2,,scrtp_projects.pdf,12,,https://www.scrtp.com/assets/pdfs/home/2026-2030-2million-and-above-project-descriptions.pdf,,,construct,construct,"{""type"": ""Polygon"", ""coordinates"": [[[-81.1234238, 32.3610179], [-81.1249134, 32.3610164], [-81.1249117, 32.3603807], [-81.1234031, 32.3603822], [-81.1233911, 32.3608986], [-81.1234238, 32.3610179]]]}",facility_candidate,exact_facility_name,C:\Users\sebas\PycharmProjects\Git\Project_secret_project\data\raw\osm\SC\power_substations_overpass.json,Jasper; ,"[{""name"": ""Jasper Substation"", ""names"": [""Jasper Substation""], ""state"": ""SC"", ""geometry"": {""type"": ""Polygon"", ""coordinates"": [[[-81.1234238, 32.3610179], [-81.1249134, 32.3610164], [-81.1249117, 32.3603807], [-81.1234031, 32.3603822], [-81.1233911, 32.3608986], [-81.1234238, 32.3610179]]]}, ""feature_id"": ""way/185380597"", ""kind"": ""substation"", ""voltage"": ""230000"", ""source"": ""osm"", ""source_url"": ""https://www.openstreetmap.org/way/185380597"", ""source_file"": ""C:\\Users\\sebas\\PycharmProjects\\Git\\Project_secret_project\\data\\raw\\osm\\SC\\power_substations_overpass.json"", ""review_required"": false, ""coordinates"": [-81.12415225000001, 32.3606993]}]",,osm,,,,,,,,,,,,,,
SC:scrtp_projects.pdf:12:06367 D - G,DESC,SC,06367 D - G,Jasper – Okatie 230 kV #2: Construct,Construct a 230 kV line with B1272 ACSR from Jasper to Okatie 230/115kV Substation. The line is estimated to be 6.5 miles long. This makes Jasper a Medium Impact substation and will require a new CIP Hut.,station,Okatie,,,230;115,,existing,work,Okatie; ,retained_DESC_asset_inventory,standard_public_gis,SC:scrtp_projects.pdf:12:06367 D - G:3,,scrtp_projects.pdf,12,,https://www.scrtp.com/assets/pdfs/home/2026-2030-2million-and-above-project-descriptions.pdf,,,construct,construct,,facility_not_found_or_ambiguous,,,Okatie; ,[],,,,,,,,,,,,,,,,
SC:scrtp_projects.pdf:13:6367 D,DESC,SC,6367 D,Riverport 115kV Tap: Construct Tap,Constructing a 230 kV Tap from Okatie to Riverport,line,Okatie - Riverport tap,Okatie,Riverport,230,,proposed,work,Okatie - Riverport tap; This notebook does not force future lines into the current network.,retained_DESC_asset_inventory,standard_public_gis,SC:scrtp_projects.pdf:13:6367 D:1,,scrtp_projects.pdf,13,,https://www.scrtp.com/assets/pdfs/home/2026-2030-2million-and-above-project-descriptions.pdf,,,construct,construct,,proposed_asset_needs_source,,,Okatie - Riverport tap; This notebook does not force future lines into the current network.,[],,,,,,,,,,,,,,,,
SC:scrtp_projects.pdf:14:6381,DESC,SC,6381,Flat Rock 115kV Sub and Tap: Construct,Constructing a 115 kV tap off the Belv Sw Sta - Graniteville 115 kV #1 line to feed the new Sub. Will include a 3-Way GOAB.,station,Flat Rock,,,115,,proposed,work,Flat Rock; ,retained_DESC_asset_inventory,standard_public_gis,SC:scrtp_projects.pdf:14:6381:1,,scrtp_projects.pdf,14,,https://www.scrtp.com/assets/pdfs/home/2026-2030-2million-and-above-project-descriptions.pdf,,,construct,construct,,proposed_asset_needs_source,,,Flat Rock; ,[],,,,,,,,,,,,,,,,
SC:scrtp_projects.pdf:14:6381,DESC,SC,6381,Flat Rock 115kV Sub and Tap: Construct,Constructing a 115 kV tap off the Belv Sw Sta - Graniteville 115 kV #1 line to feed the new Sub. Will include a 3-Way GOAB.,line,Flat Rock 115 kV tap,,,115,,proposed,work,Flat Rock 115 kV tap; This notebook does not force future lines into the current network.,retained_DESC_asset_inventory,standard_public_gis,SC:scrtp_projects.pdf:14:6381:2,,scrtp_projects.pdf,14,,https://www.scrtp.com/assets/pdfs/home/2026-2030-2million-and-above-project-descriptions.pdf,,,construct,construct,,proposed_asset_needs_source,,,Flat Rock 115 kV tap; This notebook does not force future lines into the current network.,[],,,,,,,,,,,,,,,,
SC:scrtp_projects.pdf:14:6381,DESC,SC,6381,Flat Rock 115kV Sub and Tap: Construct,Constructing a 115 kV tap off the Belv Sw Sta - Graniteville 115 kV #1 line to feed the new Sub. Will include a 3-Way GOAB.,line,Belv Sw Sta - Graniteville #1,Belv Sw Sta,Graniteville,115,,existing,work,"Belv Sw Sta - Graniteville #1; Endpoint anchors found: A=0, B=0. Need another public location source for the missing endpoint.",retained_DESC_asset_inventory,standard_public_gis,SC:scrtp_projects.pdf:14:6381:3,,scrtp_projects.pdf,14,,https://www.scrtp.com/assets/pdfs/home/2026-2030-2million-and-above-project-descriptions.pdf,,,construct,construct,,endpoint_anchor_missing,,,"Belv Sw Sta - Graniteville #1; Endpoint anchors found: A=0, B=0. Need another public location source for the missing endpoint.","[null, {""name"": ""Graniteville Substation"", ""names"": [""Graniteville Substation""], ""state"": ""SC"", ""geometry"": {""type"": ""GeometryCollection"", ""geometries"": [{""type"": ""LineString"", ""coordinates"": [[-81.8065644, 33.5844703], [-81.8062546, 33.5845378], [-81.8056755, 33.5845466], [-81.805496, 33.5844175], [-81.8053957, 33.5834454], [-81.8058638, 33.5834029], [-81.8058128, 33.5831052], [-81.8059237, 33.5829542], [-81.8058603, 33.5825011], [-81.8061754, 33.5824703], [-81.8061595, 33.5823442], [-81.8062951, 33.5823266], [-81.8063831, 33.5824351], [-81.8064482, 33.5829029], [-81.8064904, 33.5829029], [-81.8065485, 33.5833017], [-81.806413, 33.5833178], [-81.8065644, 33.5844703]]}, {""type"": ""LineString"", ""coordinates"": [[-81.8043784, 33.5830974], [-81.8043344, 33.5830681], [-81.8024722, 33.5832166], [-81.8024476, 33.5832575], [-81.8025519, 33.5841993], [-81.8025928, 33.5842249], [-81.8043244, 33.584092], [-81.8044634, 33.583765], [-81.8043784, 33.5830974]]}]}, ""feature_id"": ""relation/14294792"", ""kind"": ""substation"", ""voltage"": ""230000;115000;46000"", ""source"": ""osm"", ""source_url"": ""https://www.openstreetmap.org/relation/14294792"", ""source_file"": ""C:\\Users\\sebas\\PycharmProjects\\Git\\Project_secret_project\\data\\raw\\osm\\SC\\power_substations_overpass.json"", ""review_required"": false, ""coordinates"": [-81.804506, 33.5834366]}]",,,,,,,,,,,,,,,,
SC:scrtp_projects.pdf:15:6870 A,DESC,SC,6870 A,Saluda Hydro – Bush River 115kV #1 and #2 Tie Lines Rebuild,Rebuild the existing Saluda Hydro – Bush River #1 and #2 Tie Lines to SPDC 1272.,line,Saluda Hydro - Bush River #1,Saluda Hydro,Bush River,115,,existing,work,"Saluda Hydro - Bush River #1; Endpoint anchors found: A=1, B=0. Need another public location source for the missing endpoint.",retained_DESC_asset_inventory,standard_public_gis,SC:scrtp_projects.pdf:15:6870 A:1,,scrtp_projects.pdf,15,,https://www.scrtp.com/assets/pdfs/home/2026-2030-2million-and-above-project-descriptions.pdf,,,rebuild,rebuild,,endpoint_anchor_missing,,,"Saluda Hydro - Bush River #1; Endpoint anchors found: A=1, B=0. Need another public location source for the missing endpoint.","[{""name"": ""Saluda Substation"", ""names"": [""Saluda Hydro"", ""Saluda Substation""], ""state"": ""SC"", ""geometry"": {""type"": ""Point"", ""coordinates"": [-81.76628104, 33.99736922]}, ""feature_id"": ""way/1041743427"", ""kind"": ""substation"", ""voltage"": """", ""source"": ""saved_endpoint_registry"", ""source_file"": ""C:\\Users\\sebas\\PycharmProjects\\Git\\Project_secret_project\\data\\processed\\dominion\\reference\\dominion_endpoint_registry.csv"", ""source_url"": ""https://www.openstreetmap.org/way/1041743427"", ""review_required"": true, ""coordinates"": [-81.76628104, 33.99736922]}, null]",,,,,,,,,,,,,,,,
SC:scrtp_projects.pdf:15:6870 A,DESC,SC,6870 A,Saluda Hydro – Bush River 115kV #1 and #2 Tie Lines Rebuild,Rebuild the existing Saluda Hydro – Bush River #1 and #2 Tie Lines to SPDC 1272.,line,Saluda Hydro - Bush River #2,Saluda Hydro,Bush River,115,,existing,work,"Saluda Hydro - Bush River #2; Endpoint anchors found: A=1, B=0. Need another public location source for the missing endpoint.",retained_DESC_asset_inventory,standard_public_gis,SC:scrtp_projects.pdf:15:6870 A:2,,scrtp_projects.pdf,15,,https://www.scrtp.com/assets/pdfs/home/2026-2030-2million-and-above-project-descriptions.pdf,,,rebuild,rebuild,,endpoint_anchor_missing,,,"Saluda Hydro - Bush River #2; Endpoint anchors found: A=1, B=0. Need another public location source for the missing endpoint.","[{""name"": ""Saluda Substation"", ""names"": [""Saluda Hydro"", ""Saluda Substation""], ""state"": ""SC"", ""geometry"": {""type"": ""Point"", ""coordinates"": [-81.76628104, 33.99736922]}, ""feature_id"": ""way/1041743427"", ""kind"": ""substation"", ""voltage"": """", ""source"": ""saved_endpoint_registry"", ""source_file"": ""C:\\Users\\sebas\\PycharmProjects\\Git\\Project_secret_project\\data\\processed\\dominion\\reference\\dominion_endpoint_registry.csv"", ""source_url"": ""https://www.openstreetmap.org/way/1041743427"", ""review_required"": true, ""coordinates"": [-81.76628104, 33.99736922]}, null]",,,,,,,,,,,,,,,,
SC:scrtp_projects.pdf:16:6847,DESC,SC,6847,Church Creek – Faber Place – Charleston Transmission: Add 230kV Line,"Construct a 230 kV transmission line from Church Creek to Charleston Transmission. The Church Creek – Faber Place 230kV and 115kV lines will be rebuilt, and a 230kV line will be added between Faber Place and Charleston Transmission. Add 230/115kV transformer at Charleston Transmission. Add/upgrade terminals and bus work at impacted substations.",line,Church Creek - Charleston Transmission,Church Creek,Charleston Transmission,230,,proposed,work,Church Creek - Charleston Transmission; This notebook does not force future lines into the current network.,retained_DESC_asset_inventory,standard_public_gis,SC:scrtp_projects.pdf:16:6847:1,,scrtp_projects.pdf,16,,https://www.scrtp.com/assets/pdfs/home/2026-2030-2million-and-above-project-descriptions.pdf,,,other,,,proposed_asset_needs_source,,,Church Creek - Charleston Transmission; This notebook does not force future lines into the current network.,[],,,,,,,,,,,,,,,,
SC:scrtp_projects.pdf:16:6847,DESC,SC,6847,Church Creek – Faber Place – Charleston Transmission: Add 230kV Line,"Construct a 230 kV transmission line from Church Creek to Charleston Transmission. The Church Creek – Faber Place 230kV and 115kV lines will be rebuilt, and a 230kV line will be added between Faber Place and Charleston Transmission. Add 230/115kV transformer at Charleston Transmission. Add/upgrade terminals and bus work at impacted substations.",line,Church Creek - Faber Place 230 kV,Church Creek,Faber Place,230,,existing,work,Church Creek - Faber Place 230 kV; ,retained_DESC_asset_inventory,standard_public_gis,SC:scrtp_projects.pdf:16:6847:2,,scrtp_projects.pdf,16,,https://www.scrtp.com/assets/pdfs/home/2026-2030-2million-and-above-project-descriptions.pdf,,,other,,"{""type"":""MultiLineString"",""coordinates"":[[[-80.07025981508161,32.83017205072088],[-80.06943940888544,32.830770495169375],[-80.06909676628327,32.83085615577081],[-80.06778330357373,32.83090374487427],[-80.06661260921399,32.83094181628966],[-80.06564178910666,32.830951333952235],[-80.06428073724666,32.83097988768873],[-80.06291016773622,32.831017959071474],[-80.06163477742506,32.83107506573753],[-80.06039745681733,32.831141690763886],[-80.05997867211335,32.83168420826886],[-80.05942663671,32.832426600079955],[-80.05881749540404,32.8332927241918],[-80.05820835319977,32.83415884815803],[-80.05758017479631,32.83510111427779],[-80.05696151494162,32.83600530871745],[-80.05609539168402,32.837280700108586],[-80.05521023222722,32.83857512724828],[-80.0543631442705,32.83984099973152],[-80.05387773421684,32.84058339202186],[-80.05290691410951,32.841963479758874],[-80.05207886055534,32.843248388688934],[-80.05134598709878,32.84423824368647],[-80.0507082919432,32.8450091899333],[-80.04978506098637,32.84608470591793],[-80.04753884966958,32.84721733005662],[-80.04604454800851,32.847940686327945],[-80.04466446084763,32.84871163135444],[-80.04249439163262,32.84986329021623],[-80.0405337170154,32.85082459201034],[-80.03923928960675,32.850729414004654],[-80.03787823774674,32.850624718080525],[-80.03646007908581,32.85053905693239],[-80.03527034942519,32.85045339721093],[-80.03405206501667,32.8503677358974],[-80.0326529416566,32.850263040301215],[-80.03113960469467,32.850148825959344],[-80.02975951663547,32.850034610715845],[-80.02839846477545,32.84994895126204],[-80.02690416401272,32.84985377231718],[-80.02510529124953,32.84972052313218],[-80.02371568643822,32.84961582601768],[-80.02204054582562,32.84949209365955],[-80.0206033509655,32.849387397784895],[-80.01899483570259,32.84926366586294],[-80.01709126698798,32.84914945174414],[-80.01578099958593,32.84897899967886],[-80.01549788384605,32.84985204487725],[-80.01470222443933,32.84992352720394]]]}",saved_route_preserved,station_anchored_hifld_path,C:\Users\sebas\PycharmProjects\Git\Project_secret_project\data\processed\dominion\reference\dominion_route_resolution_v3_tagged.csv,Church Creek - Faber Place 230 kV; ,[],,,,,,,,,,,,,,,,"{""asset_key"": ""SC:scrtp_projects.pdf:16:6847:2"", ""project_key"": ""SC:scrtp_projects.pdf:16:6847"", ""project_id"": ""6847"", ""project_name"": ""Church Creek \u2013 Faber Place \u2013 Charleston Transmission: Add 230kV Line"", ""state"": ""SC"", ""action_type"": ""other"", ""asset_type"": ""line"", ""asset_name"": ""Church Creek - Faber Place 230 kV"", ""asset_stage"": ""existing"", ""endpoint_a"": ""Church Creek"", ""endpoint_b"": ""Faber Place"", ""voltage_kv"": ""230"", ""official_map_evidence"": ""[{\""title\"": \""Church Creek\"", \""purpose\"": \""At Dominion Energy, we are dedicated to finding the best solution for the long-term energy needs within the communities we serve. As we remain focused on reliability and resiliency, we have identified the need for a new transmission line in the greater Charleston area as well as the replacement of two existing transmission lines. Replacing the existing facilities will enhance wind resistance during severe weather and enhance the reliability and resiliency of our system.\"", \""url\"": \""https://www.dominionenergy.com/en/About/Delivering-Energy/Electric-Projects/Power-Line-Projects/Church-Creek\"", \""page\"": \""C:\\\\Users\\\\sebas\\\\PycharmProjects\\\\Git\\\\Project_secret_project\\\\data\\\\raw\\\\public_gis\\\\dominion_maps\\\\church-creek.html\"", \""maps\"": [{\""url\"": \""https://cdn-dominionenergy-prd-001.azureedge.net/-/media/content/about/power-line-projects/church-creek/images/church-creek-charleston-map.jpg?rev=a6df7afd65d740a78d5cd05c4a1f150a&hash=E749C6786787E8FC92FA837930F4E2EC\"", \""path\"": \""C:\\\\Users\\\\sebas\\\\PycharmProjects\\\\Git\\\\Project_secret_project\\\\data\\\\raw\\\\public_gis\\\\dominion_maps\\\\church-creek_church-creek-charleston-map.jpg\""}]}]"", ""route_status"": ""resolved"", ""route_method"": ""station_anchored_hifld_path"", ""route_length_km"": ""6.394186580958303"", ""route_hops"": ""1.0"", ""segment_count"": ""1"", ""segment_feature_ids"": ""[\""116419\""]"", ""segment_names"": ""[\""UNKNOWN120998 - UNKNOWN121120\""]"", ""segment_owners"": ""[\""SOUTH CAROLINA ELECTRIC&GAS COMPANY\""]"", ""source_files"": ""[\""C:\\\\Users\\\\sebas\\\\PycharmProjects\\\\Git\\\\Project_secret_project\\\\data\\\\raw\\\\public_gis\\\\SC\\\\netl_lines_0.json\""]"", ""endpoint_a_anchor"": ""Church Creek Substation [review_named_candidate]"", ""endpoint_b_anchor"": ""Faber Place Substation [review_named_candidate]"", ""endpoint_a_snap_km"": ""0.0343127990077051"", ""endpoint_b_snap_km"": ""0.0261845636264904"", ""geometry"": ""{\""type\"":\""MultiLineString\"",\""coordinates\"":[[[-80.07025981508161,32.83017205072088],[-80.06943940888544,32.830770495169375],[-80.06909676628327,32.83085615577081],[-80.06778330357373,32.83090374487427],[-80.06661260921399,32.83094181628966],[-80.06564178910666,32.830951333952235],[-80.06428073724666,32.83097988768873],[-80.06291016773622,32.831017959071474],[-80.06163477742506,32.83107506573753],[-80.06039745681733,32.831141690763886],[-80.05997867211335,32.83168420826886],[-80.05942663671,32.832426600079955],[-80.05881749540404,32.8332927241918],[-80.05820835319977,32.83415884815803],[-80.05758017479631,32.83510111427779],[-80.05696151494162,32.83600530871745],[-80.05609539168402,32.837280700108586],[-80.05521023222722,32.83857512724828],[-80.0543631442705,32.83984099973152],[-80.05387773421684,32.84058339202186],[-80.05290691410951,32.841963479758874],[-80.05207886055534,32.843248388688934],[-80.05134598709878,32.84423824368647],[-80.0507082919432,32.8450091899333],[-80.04978506098637,32.84608470591793],[-80.04753884966958,32.84721733005662],[-80.04604454800851,32.847940686327945],[-80.04466446084763,32.84871163135444],[-80.04249439163262,32.84986329021623],[-80.0405337170154,32.85082459201034],[-80.03923928960675,32.850729414004654],[-80.03787823774674,32.850624718080525],[-80.03646007908581,32.85053905693239],[-80.03527034942519,32.85045339721093],[-80.03405206501667,32.8503677358974],[-80.0326529416566,32.850263040301215],[-80.03113960469467,32.850148825959344],[-80.02975951663547,32.850034610715845],[-80.02839846477545,32.84994895126204],[-80.02690416401272,32.84985377231718],[-80.02510529124953,32.84972052313218],[-80.02371568643822,32.84961582601768],[-80.02204054582562,32.84949209365955],[-80.0206033509655,32.849387397784895],[-80.01899483570259,32.84926366586294],[-80.01709126698798,32.84914945174414],[-80.01578099958593,32.84897899967886],[-80.01549788384605,32.84985204487725],[-80.01470222443933,32.84992352720394]]]}"", ""review_note"": """", ""primary_source_reason"": """", ""resolution_requirement"": ""standard_public_gis"", ""route_file"": ""C:\\Users\\sebas\\PycharmProjects\\Git\\Project_secret_project\\data\\processed\\dominion\\reference\\dominion_route_resolution_v3_tagged.csv"", ""distance_km"": """", ""hops"": """", ""start_snap_km"": """", ""end_snap_km"": """", ""osm_way_ids"": """", ""way_names"": """", ""operators"": """", ""unknown_voltage_edge_count"": """", ""source"": """", ""attribution"": """", ""license"": """"}"
SC:scrtp_projects.pdf:16:6847,DESC,SC,6847,Church Creek – Faber Place – Charleston Transmission: Add 230kV Line,"Construct a 230 kV transmission line from Church Creek to Charleston Transmission. The Church Creek – Faber Place 230kV and 115kV lines will be rebuilt, and a 230kV line will be added between Faber Place and Charleston Transmission. Add 230/115kV transformer at Charleston Transmission. Add/upgrade terminals and bus work at impacted substations.",line,Church Creek - Faber Place 115 kV,Church Creek,Faber Place,115,,existing,work,Church Creek - Faber Place 115 kV; ,retained_DESC_asset_inventory,standard_public_gis,SC:scrtp_projects.pdf:16:6847:3,,scrtp_projects.pdf,16,,https://www.scrtp.com/assets/pdfs/home/2026-2030-2million-and-above-project-descriptions.pdf,,,other,,"{""type"":""MultiLineString"",""coordinates"":[[[-80.10855422399081,32.81267855130492],[-80.10433306113198,32.8111271416843],[-80.10340983017512,32.81076070503475],[-80.09980256699832,32.81281180097158],[-80.08227069826542,32.82300541167059],[-80.07760219595467,32.825760827271594],[-80.07300507736966,32.82834492217592],[-80.07069699997756,32.82965362608177],[-80.07025981508161,32.83017205072088]],[[-80.07025981508161,32.83017205072088],[-80.06939090075842,32.83046305518366],[-80.06947963185061,32.8308350937008],[-80.0691166289325,32.830925844820726],[-80.06779570930782,32.83097370411624],[-80.06662408968333,32.83101180494001],[-80.06565286623244,32.83102132712408],[-80.06429244319312,32.831049868005906],[-80.06292270642095,32.831087915958925],[-80.06164822520486,32.83114498181921],[-80.06044326101535,32.831209863893804],[-80.06004485279695,32.83172598402717],[-80.05949336177268,32.83246762670957],[-80.05888475226936,32.833332993346204],[-80.05827611222335,32.834198402875714],[-80.05764818534819,32.83514029419728],[-80.05702935481357,32.83604473580829],[-80.05616323784417,32.83732011984009],[-80.05527821223636,32.83861434865637],[-80.05443152762321,32.83987961979541],[-80.05394567110685,32.84062269405548],[-80.05297498484849,32.84200259325198],[-80.05214647135689,32.843288217096024],[-80.05141112573665,32.844281409764974],[-80.05077182259673,32.845054299017534],[-80.0498390659046,32.846140913099404],[-80.04757985955891,32.847280088757074],[-80.046086894591,32.84800279775103],[-80.04470794110401,32.84877310981669],[-80.04253621539561,32.84992564782526],[-80.04055750081089,32.85089579508352],[-80.03924403899968,32.850799217256075],[-80.0378834425855,32.85069455612878],[-80.03646545460447,32.850608904858746],[-80.0352753808891,32.850523220300765],[-80.0340569976659,32.85043755301733],[-80.0326576964394,32.85033284316485],[-80.03114408369468,32.85021860778218],[-80.0297644313184,32.850104428852575],[-80.02840404241506,32.85001881097296],[-80.02690935358011,32.84992360719891],[-80.02511007567674,32.84979032793189],[-80.02372047805193,32.849685631654424],[-80.02204542457592,32.84956190618575],[-80.02060812371461,32.849457202846665],[-80.0189994674162,32.84933345970195],[-80.01710078463843,32.849197040852395],[-80.01600900008987,32.84915400017697],[-80.01553600026185,32.849105999746904],[-80.01513299985574,32.849185999946094],[-80.01470222443933,32.84992352720394]]]}",saved_route_preserved,station_anchored_hifld_path,C:\Users\sebas\PycharmProjects\Git\Project_secret_project\data\processed\dominion\reference\dominion_route_resolution_v3_tagged.csv,Church Creek - Faber Place 115 kV; ,[],,,,,,,,,,,,,,,,"{""asset_key"": ""SC:scrtp_projects.pdf:16:6847:3"", ""project_key"": ""SC:scrtp_projects.pdf:16:6847"", ""project_id"": ""6847"", ""project_name"": ""Church Creek \u2013 Faber Place \u2013 Charleston Transmission: Add 230kV Line"", ""state"": ""SC"", ""action_type"": ""other"", ""asset_type"": ""line"", ""asset_name"": ""Church Creek - Faber Place 115 kV"", ""asset_stage"": ""existing"", ""endpoint_a"": ""Church Creek"", ""endpoint_b"": ""Faber Place"", ""voltage_kv"": ""115"", ""official_map_evidence"": ""[{\""title\"": \""Church Creek\"", \""purpose\"": \""At Dominion Energy, we are dedicated to finding the best solution for the long-term energy needs within the communities we serve. As we remain focused on reliability and resiliency, we have identified the need for a new transmission line in the greater Charleston area as well as the replacement of two existing transmission lines. Replacing the existing facilities will enhance wind resistance during severe weather and enhance the reliability and resiliency of our system.\"", \""url\"": \""https://www.dominionenergy.com/en/About/Delivering-Energy/Electric-Projects/Power-Line-Projects/Church-Creek\"", \""page\"": \""C:\\\\Users\\\\sebas\\\\PycharmProjects\\\\Git\\\\Project_secret_project\\\\data\\\\raw\\\\public_gis\\\\dominion_maps\\\\church-creek.html\"", \""maps\"": [{\""url\"": \""https://cdn-dominionenergy-prd-001.azureedge.net/-/media/content/about/power-line-projects/church-creek/images/church-creek-charleston-map.jpg?rev=a6df7afd65d740a78d5cd05c4a1f150a&hash=E749C6786787E8FC92FA837930F4E2EC\"", \""path\"": \""C:\\\\Users\\\\sebas\\\\PycharmProjects\\\\Git\\\\Project_secret_project\\\\data\\\\raw\\\\public_gis\\\\dominion_maps\\\\church-creek_church-creek-charleston-map.jpg\""}]}]"", ""route_status"": ""resolved"", ""route_method"": ""station_anchored_hifld_path"", ""route_length_km"": ""10.708395626989772"", ""route_hops"": ""2.0"", ""segment_count"": ""2"", ""segment_feature_ids"": ""[\""134884\"", \""144993\""]"", ""segment_names"": ""[\""UNKNOWN120998 - TAP142085\"", \""UNKNOWN120998 - UNKNOWN121120\""]"", ""segment_owners"": ""[\""SOUTH CAROLINA ELECTRIC&GAS CO\"", \""SOUTH CAROLINA ELECTRIC&GAS COMPANY\""]"", ""source_files"": ""[\""C:\\\\Users\\\\sebas\\\\PycharmProjects\\\\Git\\\\Project_secret_project\\\\data\\\\raw\\\\public_gis\\\\SC\\\\netl_lines_0.json\"", \""C:\\\\Users\\\\sebas\\\\PycharmProjects\\\\Git\\\\Project_secret_project\\\\data\\\\raw\\\\public_gis\\\\SC\\\\netl_lines_2000.json\""]"", ""endpoint_a_anchor"": ""Church Creek Substation [review_named_candidate]"", ""endpoint_b_anchor"": ""Faber Place Substation [review_named_candidate]"", ""endpoint_a_snap_km"": ""0.0343127990077051"", ""endpoint_b_snap_km"": ""0.0261845636264904"", ""geometry"": ""{\""type\"":\""MultiLineString\"",\""coordinates\"":[[[-80.10855422399081,32.81267855130492],[-80.10433306113198,32.8111271416843],[-80.10340983017512,32.81076070503475],[-80.09980256699832,32.81281180097158],[-80.08227069826542,32.82300541167059],[-80.07760219595467,32.825760827271594],[-80.07300507736966,32.82834492217592],[-80.07069699997756,32.82965362608177],[-80.07025981508161,32.83017205072088]],[[-80.07025981508161,32.83017205072088],[-80.06939090075842,32.83046305518366],[-80.06947963185061,32.8308350937008],[-80.0691166289325,32.830925844820726],[-80.06779570930782,32.83097370411624],[-80.06662408968333,32.83101180494001],[-80.06565286623244,32.83102132712408],[-80.06429244319312,32.831049868005906],[-80.06292270642095,32.831087915958925],[-80.06164822520486,32.83114498181921],[-80.06044326101535,32.831209863893804],[-80.06004485279695,32.83172598402717],[-80.05949336177268,32.83246762670957],[-80.05888475226936,32.833332993346204],[-80.05827611222335,32.834198402875714],[-80.05764818534819,32.83514029419728],[-80.05702935481357,32.83604473580829],[-80.05616323784417,32.83732011984009],[-80.05527821223636,32.83861434865637],[-80.05443152762321,32.83987961979541],[-80.05394567110685,32.84062269405548],[-80.05297498484849,32.84200259325198],[-80.05214647135689,32.843288217096024],[-80.05141112573665,32.844281409764974],[-80.05077182259673,32.845054299017534],[-80.0498390659046,32.846140913099404],[-80.04757985955891,32.847280088757074],[-80.046086894591,32.84800279775103],[-80.04470794110401,32.84877310981669],[-80.04253621539561,32.84992564782526],[-80.04055750081089,32.85089579508352],[-80.03924403899968,32.850799217256075],[-80.0378834425855,32.85069455612878],[-80.03646545460447,32.850608904858746],[-80.0352753808891,32.850523220300765],[-80.0340569976659,32.85043755301733],[-80.0326576964394,32.85033284316485],[-80.03114408369468,32.85021860778218],[-80.0297644313184,32.850104428852575],[-80.02840404241506,32.85001881097296],[-80.02690935358011,32.84992360719891],[-80.02511007567674,32.84979032793189],[-80.02372047805193,32.849685631654424],[-80.02204542457592,32.84956190618575],[-80.02060812371461,32.849457202846665],[-80.0189994674162,32.84933345970195],[-80.01710078463843,32.849197040852395],[-80.01600900008987,32.84915400017697],[-80.01553600026185,32.849105999746904],[-80.01513299985574,32.849185999946094],[-80.01470222443933,32.84992352720394]]]}"", ""review_note"": """", ""primary_source_reason"": """", ""resolution_requirement"": ""standard_public_gis"", ""route_file"": ""C:\\Users\\sebas\\PycharmProjects\\Git\\Project_secret_project\\data\\processed\\dominion\\reference\\dominion_route_resolution_v3_tagged.csv"", ""distance_km"": """", ""hops"": """", ""start_snap_km"": """", ""end_snap_km"": """", ""osm_way_ids"": """", ""way_names"": """", ""operators"": """", ""unknown_voltage_edge_count"": """", ""source"": """", ""attribution"": """", ""license"": """"}"
SC:scrtp_projects.pdf:16:6847,DESC,SC,6847,Church Creek – Faber Place – Charleston Transmission: Add 230kV Line,"Construct a 230 kV transmission line from Church Creek to Charleston Transmission. The Church Creek – Faber Place 230kV and 115kV lines will be rebuilt, and a 230kV line will be added between Faber Place and Charleston Transmission. Add 230/115kV transformer at Charleston Transmission. Add/upgrade terminals and bus work at impacted substations.",line,Faber Place - Charleston Transmission,Faber Place,Charleston Transmission,230,,proposed,work,Faber Place - Charleston Transmission; This notebook does not force future lines into the current network.,retained_DESC_asset_inventory,standard_public_gis,SC:scrtp_projects.pdf:16:6847:4,,scrtp_projects.pdf,16,,https://www.scrtp.com/assets/pdfs/home/2026-2030-2million-and-above-project-descriptions.pdf,,,other,,,proposed_asset_needs_source,,,Faber Place - Charleston Transmission; This notebook does not force future lines into the current network.,[],,,,,,,,,,,,,,,,
SC:scrtp_projects.pdf:16:6847,DESC,SC,6847,Church Creek – Faber Place – Charleston Transmission: Add 230kV Line,"Construct a 230 kV transmission line from Church Creek to Charleston Transmission. The Church Creek – Faber Place 230kV and 115kV lines will be rebuilt, and a 230kV line will be added between Faber Place and Charleston Transmission. Add 230/115kV transformer at Charleston Transmission. Add/upgrade terminals and bus work at impacted substations.",station,Charleston Transmission,,,230;115,,existing,work,Charleston Transmission; ,retained_DESC_asset_inventory,standard_public_gis,SC:scrtp_projects.pdf:16:6847:5,,scrtp_projects.pdf,16,,https://www.scrtp.com/assets/pdfs/home/2026-2030-2million-and-above-project-descriptions.pdf,,,other,,,facility_not_found_or_ambiguous,,,Charleston Transmission; ,[],,,,,,,,,,,,,,,,
SC:scrtp_projects.pdf:16:6847,DESC,SC,6847,Church Creek – Faber Place – Charleston Transmission: Add 230kV Line,"Construct a 230 kV transmission line from Church Creek to Charleston Transmission. The Church Creek – Faber Place 230kV and 115kV lines will be rebuilt, and a 230kV line will be added between Faber Place and Charleston Transmission. Add 230/115kV transformer at Charleston Transmission. Add/upgrade terminals and bus work at impacted substations.",station,Church Creek,,,230;115,,existing,work,Church Creek; ,retained_DESC_asset_inventory,standard_public_gis,SC:scrtp_projects.pdf:16:6847:6,,scrtp_projects.pdf,16,,https://www.scrtp.com/assets/pdfs/home/2026-2030-2million-and-above-project-descriptions.pdf,,,other,,"{""type"": ""Polygon"", ""coordinates"": [[[-80.0715407, 32.830642], [-80.0703813, 32.8292101], [-80.0690177, 32.8299632], [-80.0701899, 32.8314291], [-80.0715407, 32.830642]]]}",facility_candidate,exact_facility_name,C:\Users\sebas\PycharmProjects\Git\Project_secret_project\data\raw\osm\SC\power_substations_overpass.json,Church Creek; ,"[{""name"": ""Church Creek Substation"", ""names"": [""Church Creek Substation""], ""state"": ""SC"", ""geometry"": {""type"": ""Polygon"", ""coordinates"": [[[-80.0715407, 32.830642], [-80.0703813, 32.8292101], [-80.0690177, 32.8299632], [-80.0701899, 32.8314291], [-80.0715407, 32.830642]]]}, ""feature_id"": ""way/185330726"", ""kind"": ""substation"", ""voltage"": ""230000;115000"", ""source"": ""osm"", ""source_url"": ""https://www.openstreetmap.org/way/185330726"", ""source_file"": ""C:\\Users\\sebas\\PycharmProjects\\Git\\Project_secret_project\\data\\raw\\osm\\SC\\power_substations_overpass.json"", ""review_required"": false, ""coordinates"": [-80.0702792, 32.830319599999996]}]",,osm,,,,,,,,,,,,,,
SC:scrtp_projects.pdf:16:6847,DESC,SC,6847,Church Creek – Faber Place – Charleston Transmission: Add 230kV Line,"Construct a 230 kV transmission line from Church Creek to Charleston Transmission. The Church Creek – Faber Place 230kV and 115kV lines will be rebuilt, and a 230kV line will be added between Faber Place and Charleston Transmission. Add 230/115kV transformer at Charleston Transmission. Add/upgrade terminals and bus work at impacted substations.",station,Faber Place,,,230;115,,existing,work,Faber Place; ,retained_DESC_asset_inventory,standard_public_gis,SC:scrtp_projects.pdf:16:6847:7,,scrtp_projects.pdf,16,,https://www.scrtp.com/assets/pdfs/home/2026-2030-2million-and-above-project-descriptions.pdf,,,other,,"{""type"": ""Polygon"", ""coordinates"": [[[-80.0158734, 32.8498757], [-80.0153706, 32.8508995], [-80.0147415, 32.8506814], [-80.0148584, 32.8504435], [-80.014837, 32.8503765], [-80.014468, 32.8502485], [-80.0143204, 32.8505492], [-80.0133747, 32.8502297], [-80.0138324, 32.8493085], [-80.0140974, 32.8492601], [-80.0158734, 32.8498757]]]}",facility_candidate,exact_facility_name,C:\Users\sebas\PycharmProjects\Git\Project_secret_project\data\raw\osm\SC\power_substations_overpass.json,Faber Place; ,"[{""name"": ""Faber Place Substation"", ""names"": [""Faber Place Substation""], ""state"": ""SC"", ""geometry"": {""type"": ""Polygon"", ""coordinates"": [[[-80.0158734, 32.8498757], [-80.0153706, 32.8508995], [-80.0147415, 32.8506814], [-80.0148584, 32.8504435], [-80.014837, 32.8503765], [-80.014468, 32.8502485], [-80.0143204, 32.8505492], [-80.0133747, 32.8502297], [-80.0138324, 32.8493085], [-80.0140974, 32.8492601], [-80.0158734, 32.8498757]]]}, ""feature_id"": ""way/217507829"", ""kind"": ""substation"", ""voltage"": ""230000"", ""source"": ""osm"", ""source_url"": ""https://www.openstreetmap.org/way/217507829"", ""source_file"": ""C:\\Users\\sebas\\PycharmProjects\\Git\\Project_secret_project\\data\\raw\\osm\\SC\\power_substations_overpass.json"", ""review_required"": false, ""coordinates"": [-80.01462405000001, 32.8500798]}]",,osm,,,,,,,,,,,,,,
SC:scrtp_projects.pdf:17:6359,DESC,SC,6359,Yemassee– Ritter 230kV #1 & #2: Construct SPDC with B-1272,Construct Ritter – Yemassee 230kV #1 and #2 SPDC with B1272 ACSR on both sides. Convert the existing Ritter – Yemassee 230 kV to 115 kV operation. Convert and add terminals at Ritter and Yemassee. Add 230 kV bus tie at Ritter and upgrade the Yemassee 230 kV bus tie.,line,Ritter - Yemassee #1,Ritter,Yemassee,230,,proposed,work,Ritter - Yemassee #1; This notebook does not force future lines into the current network.,retained_DESC_asset_inventory,standard_public_gis,SC:scrtp_projects.pdf:17:6359:1,,scrtp_projects.pdf,17,,https://www.scrtp.com/assets/pdfs/home/2026-2030-2million-and-above-project-descriptions.pdf,,,construct,construct,,proposed_asset_needs_source,,,Ritter - Yemassee #1; This notebook does not force future lines into the current network.,[],,,,,,,,,,,,,,,,
SC:scrtp_projects.pdf:17:6359,DESC,SC,6359,Yemassee– Ritter 230kV #1 & #2: Construct SPDC with B-1272,Construct Ritter – Yemassee 230kV #1 and #2 SPDC with B1272 ACSR on both sides. Convert the existing Ritter – Yemassee 230 kV to 115 kV operation. Convert and add terminals at Ritter and Yemassee. Add 230 kV bus tie at Ritter and upgrade the Yemassee 230 kV bus tie.,line,Ritter - Yemassee #2,Ritter,Yemassee,230,,proposed,work,Ritter - Yemassee #2; This notebook does not force future lines into the current network.,retained_DESC_asset_inventory,standard_public_gis,SC:scrtp_projects.pdf:17:6359:2,,scrtp_projects.pdf,17,,https://www.scrtp.com/assets/pdfs/home/2026-2030-2million-and-above-project-descriptions.pdf,,,construct,construct,,proposed_asset_needs_source,,,Ritter - Yemassee #2; This notebook does not force future lines into the current network.,[],,,,,,,,,,,,,,,,
SC:scrtp_projects.pdf:17:6359,DESC,SC,6359,Yemassee– Ritter 230kV #1 & #2: Construct SPDC with B-1272,Construct Ritter – Yemassee 230kV #1 and #2 SPDC with B1272 ACSR on both sides. Convert the existing Ritter – Yemassee 230 kV to 115 kV operation. Convert and add terminals at Ritter and Yemassee. Add 230 kV bus tie at Ritter and upgrade the Yemassee 230 kV bus tie.,line,Ritter - Yemassee existing 230 kV,Ritter,Yemassee,230,,existing,work,"Ritter - Yemassee existing 230 kV; Endpoint anchors found: A=0, B=3. Need another public location source for the missing endpoint.",retained_DESC_asset_inventory,standard_public_gis,SC:scrtp_projects.pdf:17:6359:3,,scrtp_projects.pdf,17,,https://www.scrtp.com/assets/pdfs/home/2026-2030-2million-and-above-project-descriptions.pdf,,,construct,construct,,endpoint_anchor_missing,,,"Ritter - Yemassee existing 230 kV; Endpoint anchors found: A=0, B=3. Need another public location source for the missing endpoint.","[null, {""name"": ""Yemassee Substation"", ""names"": [""Yemassee Substation""], ""state"": ""SC"", ""geometry"": {""type"": ""Polygon"", ""coordinates"": [[[-80.8626355, 32.6980683], [-80.8638895, 32.6988192], [-80.8648443, 32.6976953], [-80.8644786, 32.6974593], [-80.8649503, 32.6967531], [-80.8637834, 32.6960326], [-80.8633496, 32.6965284], [-80.8633629, 32.6966479], [-80.8633212, 32.6966511], [-80.8633288, 32.696785], [-80.8633818, 32.6967866], [-80.8634121, 32.6971628], [-80.8626355, 32.6980683]]]}, ""feature_id"": ""way/185317032"", ""kind"": ""substation"", ""voltage"": ""230000"", ""source"": ""osm"", ""source_url"": ""https://www.openstreetmap.org/way/185317032"", ""source_file"": ""C:\\Users\\sebas\\PycharmProjects\\Git\\Project_secret_project\\data\\raw\\osm\\SC\\power_substations_overpass.json"", ""review_required"": false, ""coordinates"": [-80.86379289999999, 32.6974259]}]",,,,,,,,,,,,,,,,
SC:scrtp_projects.pdf:17:6359,DESC,SC,6359,Yemassee– Ritter 230kV #1 & #2: Construct SPDC with B-1272,Construct Ritter – Yemassee 230kV #1 and #2 SPDC with B1272 ACSR on both sides. Convert the existing Ritter – Yemassee 230 kV to 115 kV operation. Convert and add terminals at Ritter and Yemassee. Add 230 kV bus tie at Ritter and upgrade the Yemassee 230 kV bus tie.,station,Ritter,,,230,,existing,work,Ritter; ,retained_DESC_asset_inventory,standard_public_gis,SC:scrtp_projects.pdf:17:6359:4,,scrtp_projects.pdf,17,,https://www.scrtp.com/assets/pdfs/home/2026-2030-2million-and-above-project-descriptions.pdf,,,construct,construct,,facility_not_found_or_ambiguous,,,Ritter; ,[],,,,,,,,,,,,,,,,
SC:scrtp_projects.pdf:17:6359,DESC,SC,6359,Yemassee– Ritter 230kV #1 & #2: Construct SPDC with B-1272,Construct Ritter – Yemassee 230kV #1 and #2 SPDC with B1272 ACSR on both sides. Convert the existing Ritter – Yemassee 230 kV to 115 kV operation. Convert and add terminals at Ritter and Yemassee. Add 230 kV bus tie at Ritter and upgrade the Yemassee 230 kV bus tie.,station,Yemassee,,,230,,existing,work,Yemassee; ,retained_DESC_asset_inventory,standard_public_gis,SC:scrtp_projects.pdf:17:6359:5,,scrtp_projects.pdf,17,,https://www.scrtp.com/assets/pdfs/home/2026-2030-2million-and-above-project-descriptions.pdf,,,construct,construct,"{""type"": ""Polygon"", ""coordinates"": [[[-80.8626355, 32.6980683], [-80.8638895, 32.6988192], [-80.8648443, 32.6976953], [-80.8644786, 32.6974593], [-80.8649503, 32.6967531], [-80.8637834, 32.6960326], [-80.8633496, 32.6965284], [-80.8633629, 32.6966479], [-80.8633212, 32.6966511], [-80.8633288, 32.696785], [-80.8633818, 32.6967866], [-80.8634121, 32.6971628], [-80.8626355, 32.6980683]]]}",facility_candidate,exact_facility_name,C:\Users\sebas\PycharmProjects\Git\Project_secret_project\data\raw\osm\SC\power_substations_overpass.json,Yemassee; ,"[{""name"": ""Yemassee Substation"", ""names"": [""Yemassee Substation""], ""state"": ""SC"", ""geometry"": {""type"": ""Polygon"", ""coordinates"": [[[-80.8626355, 32.6980683], [-80.8638895, 32.6988192], [-80.8648443, 32.6976953], [-80.8644786, 32.6974593], [-80.8649503, 32.6967531], [-80.8637834, 32.6960326], [-80.8633496, 32.6965284], [-80.8633629, 32.6966479], [-80.8633212, 32.6966511], [-80.8633288, 32.696785], [-80.8633818, 32.6967866], [-80.8634121, 32.6971628], [-80.8626355, 32.6980683]]]}, ""feature_id"": ""way/185317032"", ""kind"": ""substation"", ""voltage"": ""230000"", ""source"": ""osm"", ""source_url"": ""https://www.openstreetmap.org/way/185317032"", ""source_file"": ""C:\\Users\\sebas\\PycharmProjects\\Git\\Project_secret_project\\data\\raw\\osm\\SC\\power_substations_overpass.json"", ""review_required"": false, ""coordinates"": [-80.86379289999999, 32.6974259]}]",,osm,,,,,,,,,,,,,,
SC:scrtp_projects.pdf:18:6238 H,DESC,SC,6238 H,Fairfax-Yemassee 115kV: Upgrade for DESCSQ #1151 Interconnection,Upgrade 336 ACSR portion of DESCSQ #1151 - Yemassee 115 kV line to 1272 ACSR.,line,DESCSQ #1151 - Yemassee,DESCSQ #1151,Yemassee,115,,existing,work,"DESCSQ #1151 - Yemassee; Endpoint anchors found: A=0, B=3. Need another public location source for the missing endpoint.",retained_DESC_asset_inventory,standard_public_gis,SC:scrtp_projects.pdf:18:6238 H:1,,scrtp_projects.pdf,18,,https://www.scrtp.com/assets/pdfs/home/2026-2030-2million-and-above-project-descriptions.pdf,,,upgrade,upgrade,,requires_primary_source,,,"DESCSQ #1151 - Yemassee; Endpoint anchors found: A=0, B=3. Need another public location source for the missing endpoint.","[null, {""name"": ""Yemassee Substation"", ""names"": [""Yemassee Substation""], ""state"": ""SC"", ""geometry"": {""type"": ""Polygon"", ""coordinates"": [[[-80.8626355, 32.6980683], [-80.8638895, 32.6988192], [-80.8648443, 32.6976953], [-80.8644786, 32.6974593], [-80.8649503, 32.6967531], [-80.8637834, 32.6960326], [-80.8633496, 32.6965284], [-80.8633629, 32.6966479], [-80.8633212, 32.6966511], [-80.8633288, 32.696785], [-80.8633818, 32.6967866], [-80.8634121, 32.6971628], [-80.8626355, 32.6980683]]]}, ""feature_id"": ""way/185317032"", ""kind"": ""substation"", ""voltage"": ""230000"", ""source"": ""osm"", ""source_url"": ""https://www.openstreetmap.org/way/185317032"", ""source_file"": ""C:\\Users\\sebas\\PycharmProjects\\Git\\Project_secret_project\\data\\raw\\osm\\SC\\power_substations_overpass.json"", ""review_required"": false, ""coordinates"": [-80.86379289999999, 32.6974259]}]",,,,,,,,,,,,,,,,
SC:scrtp_projects.pdf:19:6809 M,DESC,SC,6809 M,St George - Sumter 230kV Tie: Rebuild Line from Santee Substation - Duke/Progress Energy Tie,Rebuild Line from Santee Substation - Duke/Progress Energy Tie.,line,Santee - Duke/Progress Energy tie,Santee,Duke/Progress Energy Tie,230,,existing,work,"Santee - Duke/Progress Energy tie; Endpoint anchors found: A=1, B=0. Need another public location source for the missing endpoint.",retained_DESC_asset_inventory,standard_public_gis,SC:scrtp_projects.pdf:19:6809 M:1,,scrtp_projects.pdf,19,,https://www.scrtp.com/assets/pdfs/home/2026-2030-2million-and-above-project-descriptions.pdf,,,rebuild,rebuild,,endpoint_anchor_missing,,,"Santee - Duke/Progress Energy tie; Endpoint anchors found: A=1, B=0. Need another public location source for the missing endpoint.","[{""name"": ""Santee Substation"", ""names"": [""Santee Substation""], ""state"": ""SC"", ""geometry"": {""type"": ""Polygon"", ""coordinates"": [[[-80.1251465, 33.4238723], [-80.1259478, 33.4232684], [-80.125908, 33.4230721], [-80.1252023, 33.4229556], [-80.1246362, 33.4235545], [-80.1251465, 33.4238723]]]}, ""feature_id"": ""way/184966103"", ""kind"": ""substation"", ""voltage"": ""115000"", ""source"": ""osm"", ""source_url"": ""https://www.openstreetmap.org/way/184966103"", ""source_file"": ""C:\\Users\\sebas\\PycharmProjects\\Git\\Project_secret_project\\data\\raw\\osm\\SC\\power_substations_overpass.json"", ""review_required"": false, ""coordinates"": [-80.125292, 33.42341395]}, null]",,,,,,,,,,,,,,,,
SC:scrtp_projects.pdf:20:6809 G,DESC,SC,6809 G,Hooks - Modoc 115/46 kV Rebuild,Upgrade 6.5 miles of aging conductor with 1272 ACSR and rebuild with SPDC.,line,Hooks - Modoc 115 kV,Hooks,Modoc,115,,existing,work,"Hooks - Modoc 115 kV; Endpoint anchors found: A=0, B=1. Need another public location source for the missing endpoint.",retained_DESC_asset_inventory,standard_public_gis,SC:scrtp_projects.pdf:20:6809 G:1,,scrtp_projects.pdf,20,,https://www.scrtp.com/assets/pdfs/home/2026-2030-2million-and-above-project-descriptions.pdf,,,rebuild,rebuild,,endpoint_anchor_missing,,,"Hooks - Modoc 115 kV; Endpoint anchors found: A=0, B=1. Need another public location source for the missing endpoint.","[null, {""name"": ""Modoc Substation"", ""names"": [""Modoc Substation""], ""state"": ""SC"", ""geometry"": {""type"": ""Polygon"", ""coordinates"": [[[-82.2013846, 33.7364385], [-82.2013038, 33.7362204], [-82.2016239, 33.7361383], [-82.2017048, 33.7363564], [-82.2013846, 33.7364385]]]}, ""feature_id"": ""way/1074904620"", ""kind"": ""substation"", ""voltage"": ""46000"", ""source"": ""osm"", ""source_url"": ""https://www.openstreetmap.org/way/1074904620"", ""source_file"": ""C:\\Users\\sebas\\PycharmProjects\\Git\\Project_secret_project\\data\\raw\\osm\\SC\\power_substations_overpass.json"", ""review_required"": false, ""coordinates"": [-82.20150430000001, 33.7362884]}]",,,,,,,,,,,,,,,,
SC:scrtp_projects.pdf:20:6809 G,DESC,SC,6809 G,Hooks - Modoc 115/46 kV Rebuild,Upgrade 6.5 miles of aging conductor with 1272 ACSR and rebuild with SPDC.,line,Hooks - Modoc 46 kV,Hooks,Modoc,46,,existing,work,Hooks - Modoc 46 kV; No known-owner Dominion/SCE&G HIFLD lines were found at 46 kV. Use OSM or official project documentation.,retained_DESC_asset_inventory,standard_public_gis,SC:scrtp_projects.pdf:20:6809 G:2,,scrtp_projects.pdf,20,,https://www.scrtp.com/assets/pdfs/home/2026-2030-2million-and-above-project-descriptions.pdf,,,rebuild,rebuild,,endpoint_anchor_missing,,,Hooks - Modoc 46 kV; No known-owner Dominion/SCE&G HIFLD lines were found at 46 kV. Use OSM or official project documentation.,"[null, {""name"": ""Modoc Substation"", ""names"": [""Modoc Substation""], ""state"": ""SC"", ""geometry"": {""type"": ""Polygon"", ""coordinates"": [[[-82.2013846, 33.7364385], [-82.2013038, 33.7362204], [-82.2016239, 33.7361383], [-82.2017048, 33.7363564], [-82.2013846, 33.7364385]]]}, ""feature_id"": ""way/1074904620"", ""kind"": ""substation"", ""voltage"": ""46000"", ""source"": ""osm"", ""source_url"": ""https://www.openstreetmap.org/way/1074904620"", ""source_file"": ""C:\\Users\\sebas\\PycharmProjects\\Git\\Project_secret_project\\data\\raw\\osm\\SC\\power_substations_overpass.json"", ""review_required"": false, ""coordinates"": [-82.20150430000001, 33.7362884]}]",,,,,,,,,,,,,,,,
SC:scrtp_projects.pdf:21:6808 L,DESC,SC,6808 L,Burton-St Helena 115kV: Rebuild Frogmore Distribution – St. Helena Section,Replace wooden structures with Self Supporting Steel Structures and restring with 1272 ACSR conductor for the Frogmore Transmission – St. Helena section.,line,Frogmore Transmission - St Helena,Frogmore Transmission,St Helena,115,,existing,work,"Frogmore Transmission - St Helena; Endpoint anchors found: A=1, B=0. Need another public location source for the missing endpoint.",retained_DESC_asset_inventory,requires_primary_source,SC:scrtp_projects.pdf:21:6808 L:1,,scrtp_projects.pdf,21,,https://www.scrtp.com/assets/pdfs/home/2026-2030-2million-and-above-project-descriptions.pdf,,,rebuild,rebuild,,requires_primary_source,,,"Frogmore Transmission - St Helena; Endpoint anchors found: A=1, B=0. Need another public location source for the missing endpoint.","[null, null]",,,,,,,,,,,,,,,,
SC:scrtp_projects.pdf:22:06371 D,DESC,SC,06371 D,Wagener 115kV Tap: Construct Tap,Constructing a 115 kV Tap off the Edmund Switching Station- Owens Corning 115 kV Line to feed new Wagener Distribution substation.,line,Wagener 115 kV tap,,,115,,proposed,work,Wagener 115 kV tap; This notebook does not force future lines into the current network.,retained_DESC_asset_inventory,standard_public_gis,SC:scrtp_projects.pdf:22:06371 D:1,,scrtp_projects.pdf,22,,https://www.scrtp.com/assets/pdfs/home/2026-2030-2million-and-above-project-descriptions.pdf,,,construct,construct,,proposed_asset_needs_source,,,Wagener 115 kV tap; This notebook does not force future lines into the current network.,[],,,,,,,,,,,,,,,,
SC:scrtp_projects.pdf:22:06371 D,DESC,SC,06371 D,Wagener 115kV Tap: Construct Tap,Constructing a 115 kV Tap off the Edmund Switching Station- Owens Corning 115 kV Line to feed new Wagener Distribution substation.,station,Wagener,,,115,,proposed,work,Wagener; ,retained_DESC_asset_inventory,standard_public_gis,SC:scrtp_projects.pdf:22:06371 D:2,,scrtp_projects.pdf,22,,https://www.scrtp.com/assets/pdfs/home/2026-2030-2million-and-above-project-descriptions.pdf,,,construct,construct,,proposed_asset_needs_source,,,Wagener; ,[],,,,,,,,,,,,,,,,
SC:scrtp_projects.pdf:22:06371 D,DESC,SC,06371 D,Wagener 115kV Tap: Construct Tap,Constructing a 115 kV Tap off the Edmund Switching Station- Owens Corning 115 kV Line to feed new Wagener Distribution substation.,line,Edmund Switching Station - Owens Corning,Edmund Switching Station,Owens Corning,115,,existing,work,"Edmund Switching Station - Owens Corning; Both endpoint locations were found, but no same-voltage public HIFLD path connected their nearby Dominion/unknown-owner transmission features.",retained_DESC_asset_inventory,standard_public_gis,SC:scrtp_projects.pdf:22:06371 D:3,,scrtp_projects.pdf,22,,https://www.scrtp.com/assets/pdfs/home/2026-2030-2million-and-above-project-descriptions.pdf,,,construct,construct,,no_connected_voltage_path,,,"Edmund Switching Station - Owens Corning; Both endpoint locations were found, but no same-voltage public HIFLD path connected their nearby Dominion/unknown-owner transmission features.","[{""name"": ""Edmund Substation"", ""names"": [""Edmund Substation""], ""state"": ""SC"", ""geometry"": {""type"": ""Polygon"", ""coordinates"": [[[-81.2045202, 33.8558172], [-81.2047381, 33.8553628], [-81.203624, 33.8549945], [-81.2034061, 33.8554489], [-81.2045202, 33.8558172]]]}, ""feature_id"": ""way/552694024"", ""kind"": ""substation"", ""voltage"": ""115000"", ""source"": ""osm"", ""source_url"": ""https://www.openstreetmap.org/way/552694024"", ""source_file"": ""C:\\Users\\sebas\\PycharmProjects\\Git\\Project_secret_project\\data\\raw\\osm\\SC\\power_substations_overpass.json"", ""review_required"": false, ""coordinates"": [-81.20407209999999, 33.85540585]}, {""name"": ""Owens Corning Switching Station"", ""names"": [""Owens Corning Switching Station""], ""state"": ""SC"", ""geometry"": {""type"": ""Polygon"", ""coordinates"": [[[-82.6585858, 34.4385495], [-82.6584715, 34.4383023], [-82.6581796, 34.4383942], [-82.658294, 34.4386413], [-82.6585858, 34.4385495]]]}, ""feature_id"": ""way/329065758"", ""kind"": ""substation"", ""voltage"": ""100000"", ""source"": ""osm"", ""source_url"": ""https://www.openstreetmap.org/way/329065758"", ""source_file"": ""C:\\Users\\sebas\\PycharmProjects\\Git\\Project_secret_project\\data\\raw\\osm\\SC\\power_substations_overpass.json"", ""review_required"": false, ""coordinates"": [-82.6583827, 34.4384718]}]",,,,,,,,,,,,,,,,
SC:scrtp_projects.pdf:23:6810 U,DESC,SC,6810 U,Cameron Jct – Elloree 46 kV Rebuild,Rebuilding the Cameron Jct – Elloree 46 kV Line. 7.3 miles.,line,Cameron Jct - Elloree,Cameron Jct,Elloree,46,,existing,work,Cameron Jct - Elloree; No known-owner Dominion/SCE&G HIFLD lines were found at 46 kV. Use OSM or official project documentation.,retained_DESC_asset_inventory,standard_public_gis,SC:scrtp_projects.pdf:23:6810 U:1,,scrtp_projects.pdf,23,,https://www.scrtp.com/assets/pdfs/home/2026-2030-2million-and-above-project-descriptions.pdf,,,rebuild,rebuild,"{""type"":""LineString"",""coordinates"":[[-80.7087659,33.5637968],[-80.7086034,33.563091],[-80.7083923,33.5622046],[-80.7082172,33.5613724],[-80.7080705,33.5607078],[-80.7078772,33.5598954],[-80.7077166,33.5590773],[-80.7074751,33.5580223],[-80.7073431,33.5574691],[-80.7072215,33.5568343],[-80.7066772,33.5562759],[-80.7060533,33.5556208],[-80.7054536,33.5549912],[-80.7049981,33.5545129],[-80.7042608,33.5537386],[-80.7036725,33.5531209],[-80.703042,33.5524625],[-80.7024587,33.551817],[-80.7019183,33.5511496],[-80.7013377,33.5504613],[-80.700739,33.5497872],[-80.7001481,33.5490753],[-80.699608,33.5484245],[-80.6990199,33.547716],[-80.6984558,33.5470363],[-80.6979285,33.5463698],[-80.6973547,33.5456928],[-80.6967749,33.5450023],[-80.6962102,33.5443296],[-80.6956455,33.5436569],[-80.6950868,33.5429854],[-80.6945137,33.5422966],[-80.6939702,33.5416433],[-80.693419,33.5409808],[-80.6928534,33.5403009],[-80.6922874,33.5396206],[-80.6917298,33.5389504],[-80.6911651,33.5382716],[-80.690653,33.537656],[-80.6901845,33.5370928],[-80.6896872,33.5364951],[-80.6891631,33.5358651],[-80.6886664,33.5352681],[-80.687991,33.5344562],[-80.6873288,33.5336601],[-80.6867876,33.5330096],[-80.6862671,33.5323845],[-80.6857394,33.5317507],[-80.6851372,33.5310124],[-80.6845662,33.5303416],[-80.6840123,33.5296763],[-80.6834302,33.5289772],[-80.6828777,33.5283136],[-80.6823159,33.5276387],[-80.6817381,33.5269447],[-80.6805953,33.5255721],[-80.6800151,33.5248752],[-80.6794466,33.5241923],[-80.6788641,33.5234926],[-80.6783066,33.522823],[-80.6777492,33.5221534],[-80.6771877,33.5214763],[-80.6766282,33.5208017],[-80.6760613,33.5201182],[-80.6754897,33.5194291],[-80.6749203,33.5187445],[-80.674434,33.5181599],[-80.6739636,33.5175715],[-80.6732115,33.5173611],[-80.6723609,33.5171031],[-80.6714652,33.5168313],[-80.6705778,33.5165621],[-80.6694289,33.5162136],[-80.6683547,33.5158838],[-80.667263,33.5160454],[-80.6659698,33.5162368],[-80.6646749,33.516423],[-80.6633728,33.5166103],[-80.6620839,33.5167956],[-80.6608765,33.5169693],[-80.6593311,33.5171915],[-80.6578239,33.5174083],[-80.6565176,33.5175961],[-80.6552114,33.517784],[-80.6539477,33.5179657],[-80.6516001,33.5183033],[-80.6504534,33.5184682],[-80.6491676,33.5186531],[-80.6480213,33.5188272],[-80.6468749,33.5190012],[-80.6463093,33.5190827],[-80.6455078,33.5191982],[-80.6445032,33.5193429],[-80.6434883,33.5194915],[-80.6421774,33.5196892],[-80.6409772,33.5198652],[-80.6395902,33.5200519],[-80.6385444,33.5202041],[-80.6372464,33.5204355],[-80.6361571,33.5206371],[-80.6350111,33.5208492],[-80.6339119,33.5210527],[-80.632753,33.5212672],[-80.6316214,33.5214758],[-80.63035,33.5217102],[-80.6291218,33.5219367],[-80.6279818,33.5221468],[-80.6268024,33.5223643],[-80.6257136,33.522565],[-80.6245182,33.5227854],[-80.6235012,33.5229728],[-80.622409,33.5231742],[-80.6215332,33.5233356],[-80.6206222,33.5235036],[-80.6197076,33.5236722],[-80.6187901,33.5238414],[-80.6175269,33.5240736],[-80.616626,33.5242393],[-80.615725,33.524405],[-80.6148419,33.5243659],[-80.6139851,33.524314],[-80.613106,33.5246765],[-80.6122861,33.5250322],[-80.6113639,33.5252041],[-80.6102173,33.5254179],[-80.608801,33.525682],[-80.6078413,33.5258609],[-80.6066409,33.5260825],[-80.6055884,33.5262769],[-80.6045304,33.5264723],[-80.603553,33.5266528],[-80.6022705,33.5268896],[-80.6011493,33.5270966],[-80.5999921,33.5273103],[-80.5988315,33.5275247],[-80.5976713,33.5277389],[-80.596566,33.5279351],[-80.5952731,33.5281645],[-80.5940283,33.5283854],[-80.5929862,33.5285884],[-80.5921236,33.5283048],[-80.5914992,33.5280544],[-80.5914091,33.5279489],[-80.5910672,33.5281531],[-80.5912526,33.5291935],[-80.5909063,33.5293186],[-80.5900241,33.5296702],[-80.589142,33.5300218],[-80.5882212,33.5303647],[-80.5873282,33.5307262],[-80.5864231,33.5310475],[-80.5855259,33.5313957],[-80.5846144,33.531757],[-80.5837378,33.5321045],[-80.5828997,33.5324228],[-80.581873,33.5328126],[-80.5809495,33.5331633],[-80.5803485,33.5327301],[-80.5798316,33.5324648],[-80.5797485,33.5324259]]}",saved_route_preserved,osm_voltage_graph,C:\Users\sebas\PycharmProjects\Git\Project_secret_project\data\processed\dominion\reference\dominion_osm_low_voltage_routes.csv,Cameron Jct - Elloree; No known-owner Dominion/SCE&G HIFLD lines were found at 46 kV. Use OSM or official project documentation.,[],,,,,,,,,,,,,,,,"{""asset_key"": ""SC:scrtp_projects.pdf:23:6810 U:1"", ""project_key"": ""SC:scrtp_projects.pdf:23:6810 U"", ""project_id"": """", ""project_name"": ""Cameron Jct \u2013 Elloree 46 kV Rebuild"", ""state"": """", ""action_type"": """", ""asset_type"": """", ""asset_name"": ""Cameron Jct - Elloree"", ""asset_stage"": """", ""endpoint_a"": ""Cameron Jct"", ""endpoint_b"": ""Elloree"", ""voltage_kv"": ""46.0"", ""official_map_evidence"": """", ""route_status"": ""resolved"", ""route_method"": ""osm_voltage_graph"", ""route_length_km"": """", ""route_hops"": """", ""segment_count"": """", ""segment_feature_ids"": """", ""segment_names"": """", ""segment_owners"": """", ""source_files"": """", ""endpoint_a_anchor"": """", ""endpoint_b_anchor"": """", ""endpoint_a_snap_km"": """", ""endpoint_b_snap_km"": """", ""geometry"": ""{\""type\"":\""LineString\"",\""coordinates\"":[[-80.7087659,33.5637968],[-80.7086034,33.563091],[-80.7083923,33.5622046],[-80.7082172,33.5613724],[-80.7080705,33.5607078],[-80.7078772,33.5598954],[-80.7077166,33.5590773],[-80.7074751,33.5580223],[-80.7073431,33.5574691],[-80.7072215,33.5568343],[-80.7066772,33.5562759],[-80.7060533,33.5556208],[-80.7054536,33.5549912],[-80.7049981,33.5545129],[-80.7042608,33.5537386],[-80.7036725,33.5531209],[-80.703042,33.5524625],[-80.7024587,33.551817],[-80.7019183,33.5511496],[-80.7013377,33.5504613],[-80.700739,33.5497872],[-80.7001481,33.5490753],[-80.699608,33.5484245],[-80.6990199,33.547716],[-80.6984558,33.5470363],[-80.6979285,33.5463698],[-80.6973547,33.5456928],[-80.6967749,33.5450023],[-80.6962102,33.5443296],[-80.6956455,33.5436569],[-80.6950868,33.5429854],[-80.6945137,33.5422966],[-80.6939702,33.5416433],[-80.693419,33.5409808],[-80.6928534,33.5403009],[-80.6922874,33.5396206],[-80.6917298,33.5389504],[-80.6911651,33.5382716],[-80.690653,33.537656],[-80.6901845,33.5370928],[-80.6896872,33.5364951],[-80.6891631,33.5358651],[-80.6886664,33.5352681],[-80.687991,33.5344562],[-80.6873288,33.5336601],[-80.6867876,33.5330096],[-80.6862671,33.5323845],[-80.6857394,33.5317507],[-80.6851372,33.5310124],[-80.6845662,33.5303416],[-80.6840123,33.5296763],[-80.6834302,33.5289772],[-80.6828777,33.5283136],[-80.6823159,33.5276387],[-80.6817381,33.5269447],[-80.6805953,33.5255721],[-80.6800151,33.5248752],[-80.6794466,33.5241923],[-80.6788641,33.5234926],[-80.6783066,33.522823],[-80.6777492,33.5221534],[-80.6771877,33.5214763],[-80.6766282,33.5208017],[-80.6760613,33.5201182],[-80.6754897,33.5194291],[-80.6749203,33.5187445],[-80.674434,33.5181599],[-80.6739636,33.5175715],[-80.6732115,33.5173611],[-80.6723609,33.5171031],[-80.6714652,33.5168313],[-80.6705778,33.5165621],[-80.6694289,33.5162136],[-80.6683547,33.5158838],[-80.667263,33.5160454],[-80.6659698,33.5162368],[-80.6646749,33.516423],[-80.6633728,33.5166103],[-80.6620839,33.5167956],[-80.6608765,33.5169693],[-80.6593311,33.5171915],[-80.6578239,33.5174083],[-80.6565176,33.5175961],[-80.6552114,33.517784],[-80.6539477,33.5179657],[-80.6516001,33.5183033],[-80.6504534,33.5184682],[-80.6491676,33.5186531],[-80.6480213,33.5188272],[-80.6468749,33.5190012],[-80.6463093,33.5190827],[-80.6455078,33.5191982],[-80.6445032,33.5193429],[-80.6434883,33.5194915],[-80.6421774,33.5196892],[-80.6409772,33.5198652],[-80.6395902,33.5200519],[-80.6385444,33.5202041],[-80.6372464,33.5204355],[-80.6361571,33.5206371],[-80.6350111,33.5208492],[-80.6339119,33.5210527],[-80.632753,33.5212672],[-80.6316214,33.5214758],[-80.63035,33.5217102],[-80.6291218,33.5219367],[-80.6279818,33.5221468],[-80.6268024,33.5223643],[-80.6257136,33.522565],[-80.6245182,33.5227854],[-80.6235012,33.5229728],[-80.622409,33.5231742],[-80.6215332,33.5233356],[-80.6206222,33.5235036],[-80.6197076,33.5236722],[-80.6187901,33.5238414],[-80.6175269,33.5240736],[-80.616626,33.5242393],[-80.615725,33.524405],[-80.6148419,33.5243659],[-80.6139851,33.524314],[-80.613106,33.5246765],[-80.6122861,33.5250322],[-80.6113639,33.5252041],[-80.6102173,33.5254179],[-80.608801,33.525682],[-80.6078413,33.5258609],[-80.6066409,33.5260825],[-80.6055884,33.5262769],[-80.6045304,33.5264723],[-80.603553,33.5266528],[-80.6022705,33.5268896],[-80.6011493,33.5270966],[-80.5999921,33.5273103],[-80.5988315,33.5275247],[-80.5976713,33.5277389],[-80.596566,33.5279351],[-80.5952731,33.5281645],[-80.5940283,33.5283854],[-80.5929862,33.5285884],[-80.5921236,33.5283048],[-80.5914992,33.5280544],[-80.5914091,33.5279489],[-80.5910672,33.5281531],[-80.5912526,33.5291935],[-80.5909063,33.5293186],[-80.5900241,33.5296702],[-80.589142,33.5300218],[-80.5882212,33.5303647],[-80.5873282,33.5307262],[-80.5864231,33.5310475],[-80.5855259,33.5313957],[-80.5846144,33.531757],[-80.5837378,33.5321045],[-80.5828997,33.5324228],[-80.581873,33.5328126],[-80.5809495,33.5331633],[-80.5803485,33.5327301],[-80.5798316,33.5324648],[-80.5797485,33.5324259]]}"", ""review_note"": ""Route uses actual OSM line geometry."", ""primary_source_reason"": """", ""resolution_requirement"": ""standard_public_gis"", ""route_file"": ""C:\\Users\\sebas\\PycharmProjects\\Git\\Project_secret_project\\data\\processed\\dominion\\reference\\dominion_osm_low_voltage_routes.csv"", ""distance_km"": ""15.3391342071286"", ""hops"": ""159.0"", ""start_snap_km"": ""0.02427000460445681"", ""end_snap_km"": ""0.00256303436330285"", ""osm_way_ids"": ""[12139895, 1077428678]"", ""way_names"": ""[NaN]"", ""operators"": ""[NaN]"", ""unknown_voltage_edge_count"": ""0.0"", ""source"": ""OpenStreetMap"", ""attribution"": ""\u00a9 OpenStreetMap contributors"", ""license"": ""ODbL""}"
SC:scrtp_projects.pdf:24:7956B,DESC,SC,7956B,Atomic Road 115/12kV Sub: Construct,New 115-12kV Sub Construction. Transformer will be 28 MVA. Will construct 4 bays with 3 breakers put in service.,station,Atomic Road,,,115;12,,proposed,work,Atomic Road; ,retained_DESC_asset_inventory,standard_public_gis,SC:scrtp_projects.pdf:24:7956B:1,,scrtp_projects.pdf,24,,https://www.scrtp.com/assets/pdfs/home/2026-2030-2million-and-above-project-descriptions.pdf,,,construct,construct,,proposed_asset_needs_source,,,Atomic Road; ,[],,,,,,,,,,,,,,,,
SC:scrtp_projects.pdf:25:6810 J,DESC,SC,6810 J,Elloree – Santee City 46 kV: Rebuild,Rebuilding the 46 kV line between Elloree and Santee City. 8.35 miles.,line,Elloree - Santee City,Elloree,Santee City,46,,existing,work,Elloree - Santee City; No known-owner Dominion/SCE&G HIFLD lines were found at 46 kV. Use OSM or official project documentation.,retained_DESC_asset_inventory,standard_public_gis,SC:scrtp_projects.pdf:25:6810 J:1,,scrtp_projects.pdf,25,,https://www.scrtp.com/assets/pdfs/home/2026-2030-2million-and-above-project-descriptions.pdf,,,rebuild,rebuild,,endpoint_anchor_missing,,,Elloree - Santee City; No known-owner Dominion/SCE&G HIFLD lines were found at 46 kV. Use OSM or official project documentation.,"[{""name"": ""Elloree Substation"", ""names"": [""Elloree Substation""], ""state"": ""SC"", ""geometry"": {""type"": ""Polygon"", ""coordinates"": [[[-80.5797636, 33.5324985], [-80.5795827, 33.5323737], [-80.5796853, 33.5322703], [-80.5798663, 33.5323951], [-80.5797636, 33.5324985]]]}, ""feature_id"": ""way/1075509549"", ""kind"": ""substation"", ""voltage"": ""46000"", ""source"": ""osm"", ""source_url"": ""https://www.openstreetmap.org/way/1075509549"", ""source_file"": ""C:\\Users\\sebas\\PycharmProjects\\Git\\Project_secret_project\\data\\raw\\osm\\SC\\power_substations_overpass.json"", ""review_required"": false, ""coordinates"": [-80.5797245, 33.5323844]}, null]",,,,,,,,,,,,,,,,
SC:scrtp_projects.pdf:26:6810 O,DESC,SC,6810 O,Urquhart – Aiken PSA 46 kV: Rebuild,Rebuilding the section of 46 kV line from Urquhart to the Aiken PSA tap point. TBD if the scope of this project includes rebuilding the actual tap Aiken PSA. 4.5 miles.,line,Urquhart - Aiken PSA tap point,Urquhart,Aiken PSA,46,,existing,work,Urquhart - Aiken PSA tap point; No known-owner Dominion/SCE&G HIFLD lines were found at 46 kV. Use OSM or official project documentation.,retained_DESC_asset_inventory,standard_public_gis,SC:scrtp_projects.pdf:26:6810 O:1,,scrtp_projects.pdf,26,,https://www.scrtp.com/assets/pdfs/home/2026-2030-2million-and-above-project-descriptions.pdf,,,rebuild,rebuild,,endpoint_anchor_missing,,,Urquhart - Aiken PSA tap point; No known-owner Dominion/SCE&G HIFLD lines were found at 46 kV. Use OSM or official project documentation.,"[{""name"": ""Urquhart Substation"", ""names"": [""Urquhart Substation""], ""state"": ""SC"", ""geometry"": {""type"": ""GeometryCollection"", ""geometries"": [{""type"": ""LineString"", ""coordinates"": [[-81.9123207, 33.4323284], [-81.9121399, 33.4329875], [-81.912138, 33.4329947], [-81.9119289, 33.4334038], [-81.911734, 33.4335992], [-81.9112168, 33.433331], [-81.9112449, 33.4331628], [-81.9112124, 33.4331586], [-81.9111764, 33.4331418], [-81.9111424, 33.4331461], [-81.9111689, 33.4330431], [-81.9111983, 33.433], [-81.9113309, 33.4324822], [-81.9114181, 33.4321414], [-81.911847, 33.4322303], [-81.9121422, 33.4322914], [-81.9123207, 33.4323284]]}, {""type"": ""LineString"", ""coordinates"": [[-81.9107085, 33.4327596], [-81.9106092, 33.4329192], [-81.9106841, 33.4329793], [-81.910746, 33.4330604], [-81.9107251, 33.4331701], [-81.9104582, 33.4335126], [-81.9103886, 33.4334606], [-81.9098601, 33.4331667], [-81.9098406, 33.4330883], [-81.9100452, 33.4328383], [-81.9100741, 33.4327996], [-81.9101233, 33.4328241], [-81.9102814, 33.4326308], [-81.9103102, 33.4325723], [-81.9103266, 33.432539], [-81.9105484, 33.4326176], [-81.9105657, 33.4326568], [-81.9105876, 33.4327065], [-81.9107085, 33.4327596]]}]}, ""feature_id"": ""relation/14317637"", ""kind"": ""substation"", ""voltage"": ""230000"", ""source"": ""osm"", ""source_url"": ""https://www.openstreetmap.org/relation/14317637"", ""source_file"": ""C:\\Users\\sebas\\PycharmProjects\\Git\\Project_secret_project\\data\\raw\\osm\\SC\\power_substations_overpass.json"", ""review_required"": false, ""coordinates"": [-81.91108065, 33.432870300000005]}, null]",,,,,,,,,,,,,,,,
SC:scrtp_projects.pdf:26:6810 O,DESC,SC,6810 O,Urquhart – Aiken PSA 46 kV: Rebuild,Rebuilding the section of 46 kV line from Urquhart to the Aiken PSA tap point. TBD if the scope of this project includes rebuilding the actual tap Aiken PSA. 4.5 miles.,line,Aiken PSA tap,,,46,,uncertain,work,Aiken PSA tap; This notebook does not force future lines into the current network.,retained_DESC_asset_inventory,standard_public_gis,SC:scrtp_projects.pdf:26:6810 O:2,,scrtp_projects.pdf,26,,https://www.scrtp.com/assets/pdfs/home/2026-2030-2million-and-above-project-descriptions.pdf,,,rebuild,rebuild,,scope_review_needed,,,Aiken PSA tap; This notebook does not force future lines into the current network.,[],,,,,,,,,,,,,,,,
SC:scrtp_projects.pdf:27:6808 P,DESC,SC,6808 P,Wateree-Hopkins 230kV Line #1: Rebuild,Rebuilding the Wateree - Hopkins 230 kV Line #1. Line will be rebuilt SPSC with 1272 ACSR.,line,Wateree - Hopkins #1,Wateree,Hopkins,230,,existing,work,"Wateree - Hopkins #1; Endpoint anchors found: A=2, B=0. Need another public location source for the missing endpoint.",retained_DESC_asset_inventory,standard_public_gis,SC:scrtp_projects.pdf:27:6808 P:1,,scrtp_projects.pdf,27,,https://www.scrtp.com/assets/pdfs/home/2026-2030-2million-and-above-project-descriptions.pdf,,,rebuild,rebuild,,endpoint_anchor_missing,,,"Wateree - Hopkins #1; Endpoint anchors found: A=2, B=0. Need another public location source for the missing endpoint.","[{""name"": ""Wateree Substation"", ""names"": [""Wateree Substation""], ""state"": ""SC"", ""geometry"": {""type"": ""Polygon"", ""coordinates"": [[[-80.6244331, 33.8269273], [-80.6238375, 33.8269131], [-80.6236595, 33.8269401], [-80.6236355, 33.8267766], [-80.6236184, 33.8256035], [-80.6245341, 33.8256035], [-80.6244622, 33.8268477], [-80.6244331, 33.8269273]]]}, ""feature_id"": ""way/1082130490"", ""kind"": ""substation"", ""voltage"": ""230000"", ""source"": ""osm"", ""source_url"": ""https://www.openstreetmap.org/way/1082130490"", ""source_file"": ""C:\\Users\\sebas\\PycharmProjects\\Git\\Project_secret_project\\data\\raw\\osm\\SC\\power_substations_overpass.json"", ""review_required"": false, ""coordinates"": [-80.62407625, 33.8262718]}, null]",,,,,,,,,,,,,,,,
SC:scrtp_projects.pdf:28:6809 I2,DESC,SC,6809 I2,Adams Run – Red House Road 46 kV: Replace Dawhoo River Crossing and other Structures,"Set the 2 River Crossing structures on the Dawhoo River and replace the other structures in the marsh with Distribution Underbuild. In addition, replace other structures identified on the 46kV line. Str 2,6,9,12,18,25,38-40,47,48,81-83,95-110 (Dawhoo Marsh),125,130-134,167,168,184,203,206,218- 220,228,230,238,260-262,265,271-273,277,278,299,302. (58 Structures)",line,Adams Run - Red House Road listed structures,Adams Run,Red House Road,46,,existing,work,Adams Run - Red House Road listed structures; No known-owner Dominion/SCE&G HIFLD lines were found at 46 kV. Use OSM or official project documentation.,retained_DESC_asset_inventory,standard_public_gis,SC:scrtp_projects.pdf:28:6809 I2:1,,scrtp_projects.pdf,28,,https://www.scrtp.com/assets/pdfs/home/2026-2030-2million-and-above-project-descriptions.pdf,,,replace,replace,,endpoint_anchor_missing,,,Adams Run - Red House Road listed structures; No known-owner Dominion/SCE&G HIFLD lines were found at 46 kV. Use OSM or official project documentation.,"[{""name"": ""Adams Run Substation"", ""names"": [""Adams Run Substation""], ""state"": ""SC"", ""geometry"": {""type"": ""Polygon"", ""coordinates"": [[[-80.3543157, 32.7157944], [-80.3535709, 32.715816], [-80.3535506, 32.7153218], [-80.3536191, 32.7153198], [-80.3535963, 32.7147582], [-80.3542726, 32.7147386], [-80.3543157, 32.7157944]]]}, ""feature_id"": ""way/697675375"", ""kind"": ""substation"", ""voltage"": ""115000"", ""source"": ""osm"", ""source_url"": ""https://www.openstreetmap.org/way/697675375"", ""source_file"": ""C:\\Users\\sebas\\PycharmProjects\\Git\\Project_secret_project\\data\\raw\\osm\\SC\\power_substations_overpass.json"", ""review_required"": false, ""coordinates"": [-80.35393315, 32.7152773]}, null]",,,,,,,,,,,,,,,,
SC:scrtp_projects.pdf:29:6809 S,DESC,SC,6809 S,Lyles – Kilbourne Park 115kV: Replace Structure 67 – Kilbourne Park,Rebuild the section of 115kV line between Kilbourne Park and str# 67 on the Lyles - Kilbourne Park 115kV Line. Pull 1272 ACSR from Richland Mall GOAB to Kilbourne Park Sub. Most of this section of line is back lot construction (difficult access) along with distribution underbuilt throughout. 2.85 Miles,line,Lyles - Kilbourne Park structure 67 segment,Lyles,Kilbourne Park,115,,existing,work,"Lyles - Kilbourne Park structure 67 segment; Endpoint anchors found: A=0, B=0. Need another public location source for the missing endpoint.",retained_DESC_asset_inventory,requires_primary_source,SC:scrtp_projects.pdf:29:6809 S:1,,scrtp_projects.pdf,29,,https://www.scrtp.com/assets/pdfs/home/2026-2030-2million-and-above-project-descriptions.pdf,,,replace,replace,,requires_primary_source,,,"Lyles - Kilbourne Park structure 67 segment; Endpoint anchors found: A=0, B=0. Need another public location source for the missing endpoint.","[null, null]",,,,,,,,,,,,,,,,
SC:scrtp_projects.pdf:29:6809 S,DESC,SC,6809 S,Lyles – Kilbourne Park 115kV: Replace Structure 67 – Kilbourne Park,Rebuild the section of 115kV line between Kilbourne Park and str# 67 on the Lyles - Kilbourne Park 115kV Line. Pull 1272 ACSR from Richland Mall GOAB to Kilbourne Park Sub. Most of this section of line is back lot construction (difficult access) along with distribution underbuilt throughout. 2.85 Miles,line,Richland Mall GOAB - Kilbourne Park conductor,Richland Mall GOAB,Kilbourne Park,115,,existing,work,"Richland Mall GOAB - Kilbourne Park conductor; Endpoint anchors found: A=0, B=0. Need another public location source for the missing endpoint.",retained_DESC_asset_inventory,requires_primary_source,SC:scrtp_projects.pdf:29:6809 S:2,,scrtp_projects.pdf,29,,https://www.scrtp.com/assets/pdfs/home/2026-2030-2million-and-above-project-descriptions.pdf,,,replace,replace,,requires_primary_source,,,"Richland Mall GOAB - Kilbourne Park conductor; Endpoint anchors found: A=0, B=0. Need another public location source for the missing endpoint.","[null, null]",,,,,,,,,,,,,,,,
SC:scrtp_projects.pdf:30:6873,DESC,SC,6873,Winnsboro West 230-115 kV Sub and Fold-in: Construct,Construct new 230-115 kV substation and fold in the Parr – Winnsboro 115 kV #1 and VCS1 – Killian 230 kV lines into the new substation.,station,Winnsboro West,,,230;115,,proposed,work,Winnsboro West; ,retained_DESC_asset_inventory,standard_public_gis,SC:scrtp_projects.pdf:30:6873:1,,scrtp_projects.pdf,30,,https://www.scrtp.com/assets/pdfs/home/2026-2030-2million-and-above-project-descriptions.pdf,,,construct,construct,,proposed_asset_needs_source,,,Winnsboro West; ,[],,,,,,,,,,,,,,,,
SC:scrtp_projects.pdf:30:6873,DESC,SC,6873,Winnsboro West 230-115 kV Sub and Fold-in: Construct,Construct new 230-115 kV substation and fold in the Parr – Winnsboro 115 kV #1 and VCS1 – Killian 230 kV lines into the new substation.,line,Parr - Winnsboro #1 fold-in,Parr,Winnsboro,115,,existing,work,Parr - Winnsboro #1 fold-in; A route exists only when HIFLD segments with unknown ownership are allowed. Inspect the path before accepting it.,retained_DESC_asset_inventory,standard_public_gis,SC:scrtp_projects.pdf:30:6873:2,,scrtp_projects.pdf,30,,https://www.scrtp.com/assets/pdfs/home/2026-2030-2million-and-above-project-descriptions.pdf,,,construct,construct,"{""type"":""MultiLineString"",""coordinates"":[[[-81.33030207722675,34.2618759459494],[-81.33112728581641,34.26368192772206],[-81.33090616820417,34.26407141163835]],[[-81.08921800013695,34.36885599997797],[-81.09146427343752,34.36864652495613],[-81.09406502374581,34.36837526683009],[-81.09650159166456,34.3681230442115],[-81.09898812926933,34.36751390219373],[-81.10269532912318,34.36653118390518],[-81.10516996764369,34.36593393976577],[-81.10974805092783,34.36484414706553],[-81.11527553938126,34.363506888787754],[-81.11958474342613,34.36247896198448],[-81.12267090378809,34.36170563675567],[-81.12551436002153,34.3610489061398],[-81.12858386471981,34.360299376356615],[-81.1322125428347,34.35942135532108],[-81.1359578141886,34.35851953893382],[-81.13877033693522,34.357839013318596],[-81.1403859911097,34.35796512499888],[-81.14348404875929,34.35828873095755],[-81.1446452263669,34.358431499334515],[-81.14921617073946,34.35826017784624],[-81.14955881334166,34.358274454773905],[-81.15176219388403,34.35769862516681],[-81.15392274544861,34.35716324616034],[-81.15874353286125,34.355947342040515],[-81.16024021415949,34.35548810593143],[-81.16152750175827,34.3544030720464],[-81.16459462771768,34.35165241498653],[-81.16558210438701,34.35083625986086],[-81.16689080692385,34.35045554623175],[-81.17012925418435,34.34963939132037],[-81.17328679917037,34.34881133808811],[-81.17669894557251,34.347952352635915],[-81.17996832542151,34.347088607919986],[-81.18381591398797,34.34607971694966],[-81.18700201192529,34.34531115118137],[-81.19025949358836,34.34447358068101],[-81.1938738947784,34.343524176201534],[-81.19733363122936,34.342622360121794],[-81.20034840876392,34.34188472678289],[-81.20344884605066,34.341044778179],[-81.20774853244512,34.33997164110272],[-81.21102505030736,34.33915786529691],[-81.21435391569615,34.33831077666421],[-81.21749718375736,34.33749938064498],[-81.22064045181857,34.33671891684013],[-81.22321264917557,34.3360050790171],[-81.22631308736064,34.33522937469666],[-81.22930407031993,34.33354233688474],[-81.2296015016122,34.333366257060305],[-81.2311671878973,34.332533446141795],[-81.23399636720593,34.331186671153404],[-81.23761314713488,34.329490115143926],[-81.24102767407253,34.32789825484538],[-81.24343806777885,34.326491994147254],[-81.2464361887514,34.324695501263065],[-81.24906549290931,34.32313695370676],[-81.25091909283623,34.322054298922744],[-81.25225397138215,34.3210049568244],[-81.25514977514213,34.3188467861337],[-81.25888790758448,34.31609137029672],[-81.26180512718085,34.31390464528295],[-81.26456530240094,34.31186306827854],[-81.26733975364752,34.30979531619497],[-81.27144432416563,34.30671867271103],[-81.27410694144753,34.30477703308755],[-81.27732397197335,34.30221911218333],[-81.28052672737097,34.29966357120517],[-81.2829656740286,34.29776238228701],[-81.28746285503827,34.29440972100693],[-81.29015878544418,34.29228010426207],[-81.29380173958553,34.289389058672846],[-81.29645721795589,34.287321306932604],[-81.29824657306865,34.28596501419266],[-81.29919597823793,34.28517503306793],[-81.30181699992892,34.28324899993266],[-81.30198699980822,34.28337099963518],[-81.30481529337798,34.28113189693856],[-81.30884500009695,34.27813299988815],[-81.31189100037581,34.275886999668145],[-81.31452349355301,34.273860264870656],[-81.31690295467084,34.27212801666639],[-81.3180355784288,34.271261893285505],[-81.32139537730441,34.26877773566038],[-81.32421265932543,34.2666552570715],[-81.32637320909338,34.2649705979017],[-81.32770570800209,34.263971225034304],[-81.33010420442078,34.265151436692214],[-81.3306800002634,34.26453999978824],[-81.33090616820417,34.26407141163835]]]}",saved_route_preserved,station_anchored_hifld_path_with_unknown_owner,C:\Users\sebas\PycharmProjects\Git\Project_secret_project\data\processed\dominion\reference\dominion_route_resolution_v3_tagged.csv,Parr - Winnsboro #1 fold-in; A route exists only when HIFLD segments with unknown ownership are allowed. Inspect the path before accepting it.,[],,,,,,,,,,,,,,,,"{""asset_key"": ""SC:scrtp_projects.pdf:30:6873:2"", ""project_key"": ""SC:scrtp_projects.pdf:30:6873"", ""project_id"": ""6873"", ""project_name"": ""Winnsboro West 230-115 kV Sub and Fold-in: Construct"", ""state"": ""SC"", ""action_type"": ""construct"", ""asset_type"": ""line"", ""asset_name"": ""Parr - Winnsboro #1 fold-in"", ""asset_stage"": ""existing"", ""endpoint_a"": ""Parr"", ""endpoint_b"": ""Winnsboro"", ""voltage_kv"": ""115"", ""official_map_evidence"": """", ""route_status"": ""review_required"", ""route_method"": ""station_anchored_hifld_path_with_unknown_owner"", ""route_length_km"": ""26.23553612255906"", ""route_hops"": ""2.0"", ""segment_count"": ""2"", ""segment_feature_ids"": ""[\""145768\"", \""111467\""]"", ""segment_names"": ""[\""PARR GT - PARR HYDRO\"", \""PARR GT - TAP150287\""]"", ""segment_owners"": ""[\""NOT AVAILABLE\""]"", ""source_files"": ""[\""C:\\\\Users\\\\sebas\\\\PycharmProjects\\\\Git\\\\Project_secret_project\\\\data\\\\raw\\\\public_gis\\\\SC\\\\netl_lines_0.json\""]"", ""endpoint_a_anchor"": ""Parr Substation [osm]"", ""endpoint_b_anchor"": ""WINNESBORO [hifld_substation]"", ""endpoint_a_snap_km"": ""0.0014266132852311"", ""endpoint_b_snap_km"": ""0.4532565342492297"", ""geometry"": ""{\""type\"":\""MultiLineString\"",\""coordinates\"":[[[-81.33030207722675,34.2618759459494],[-81.33112728581641,34.26368192772206],[-81.33090616820417,34.26407141163835]],[[-81.08921800013695,34.36885599997797],[-81.09146427343752,34.36864652495613],[-81.09406502374581,34.36837526683009],[-81.09650159166456,34.3681230442115],[-81.09898812926933,34.36751390219373],[-81.10269532912318,34.36653118390518],[-81.10516996764369,34.36593393976577],[-81.10974805092783,34.36484414706553],[-81.11527553938126,34.363506888787754],[-81.11958474342613,34.36247896198448],[-81.12267090378809,34.36170563675567],[-81.12551436002153,34.3610489061398],[-81.12858386471981,34.360299376356615],[-81.1322125428347,34.35942135532108],[-81.1359578141886,34.35851953893382],[-81.13877033693522,34.357839013318596],[-81.1403859911097,34.35796512499888],[-81.14348404875929,34.35828873095755],[-81.1446452263669,34.358431499334515],[-81.14921617073946,34.35826017784624],[-81.14955881334166,34.358274454773905],[-81.15176219388403,34.35769862516681],[-81.15392274544861,34.35716324616034],[-81.15874353286125,34.355947342040515],[-81.16024021415949,34.35548810593143],[-81.16152750175827,34.3544030720464],[-81.16459462771768,34.35165241498653],[-81.16558210438701,34.35083625986086],[-81.16689080692385,34.35045554623175],[-81.17012925418435,34.34963939132037],[-81.17328679917037,34.34881133808811],[-81.17669894557251,34.347952352635915],[-81.17996832542151,34.347088607919986],[-81.18381591398797,34.34607971694966],[-81.18700201192529,34.34531115118137],[-81.19025949358836,34.34447358068101],[-81.1938738947784,34.343524176201534],[-81.19733363122936,34.342622360121794],[-81.20034840876392,34.34188472678289],[-81.20344884605066,34.341044778179],[-81.20774853244512,34.33997164110272],[-81.21102505030736,34.33915786529691],[-81.21435391569615,34.33831077666421],[-81.21749718375736,34.33749938064498],[-81.22064045181857,34.33671891684013],[-81.22321264917557,34.3360050790171],[-81.22631308736064,34.33522937469666],[-81.22930407031993,34.33354233688474],[-81.2296015016122,34.333366257060305],[-81.2311671878973,34.332533446141795],[-81.23399636720593,34.331186671153404],[-81.23761314713488,34.329490115143926],[-81.24102767407253,34.32789825484538],[-81.24343806777885,34.326491994147254],[-81.2464361887514,34.324695501263065],[-81.24906549290931,34.32313695370676],[-81.25091909283623,34.322054298922744],[-81.25225397138215,34.3210049568244],[-81.25514977514213,34.3188467861337],[-81.25888790758448,34.31609137029672],[-81.26180512718085,34.31390464528295],[-81.26456530240094,34.31186306827854],[-81.26733975364752,34.30979531619497],[-81.27144432416563,34.30671867271103],[-81.27410694144753,34.30477703308755],[-81.27732397197335,34.30221911218333],[-81.28052672737097,34.29966357120517],[-81.2829656740286,34.29776238228701],[-81.28746285503827,34.29440972100693],[-81.29015878544418,34.29228010426207],[-81.29380173958553,34.289389058672846],[-81.29645721795589,34.287321306932604],[-81.29824657306865,34.28596501419266],[-81.29919597823793,34.28517503306793],[-81.30181699992892,34.28324899993266],[-81.30198699980822,34.28337099963518],[-81.30481529337798,34.28113189693856],[-81.30884500009695,34.27813299988815],[-81.31189100037581,34.275886999668145],[-81.31452349355301,34.273860264870656],[-81.31690295467084,34.27212801666639],[-81.3180355784288,34.271261893285505],[-81.32139537730441,34.26877773566038],[-81.32421265932543,34.2666552570715],[-81.32637320909338,34.2649705979017],[-81.32770570800209,34.263971225034304],[-81.33010420442078,34.265151436692214],[-81.3306800002634,34.26453999978824],[-81.33090616820417,34.26407141163835]]]}"", ""review_note"": ""A route exists only when HIFLD segments with unknown ownership are allowed. Inspect the path before accepting it."", ""primary_source_reason"": """", ""resolution_requirement"": ""standard_public_gis"", ""route_file"": ""C:\\Users\\sebas\\PycharmProjects\\Git\\Project_secret_project\\data\\processed\\dominion\\reference\\dominion_route_resolution_v3_tagged.csv"", ""distance_km"": """", ""hops"": """", ""start_snap_km"": """", ""end_snap_km"": """", ""osm_way_ids"": """", ""way_names"": """", ""operators"": """", ""unknown_voltage_edge_count"": """", ""source"": """", ""attribution"": """", ""license"": """"}"
SC:scrtp_projects.pdf:30:6873,DESC,SC,6873,Winnsboro West 230-115 kV Sub and Fold-in: Construct,Construct new 230-115 kV substation and fold in the Parr – Winnsboro 115 kV #1 and VCS1 – Killian 230 kV lines into the new substation.,line,VCS1 - Killian fold-in,VCS1,Killian,230,,existing,work,"VCS1 - Killian fold-in; Endpoint anchors found: A=1, B=0. Need another public location source for the missing endpoint.",retained_DESC_asset_inventory,standard_public_gis,SC:scrtp_projects.pdf:30:6873:3,,scrtp_projects.pdf,30,,https://www.scrtp.com/assets/pdfs/home/2026-2030-2million-and-above-project-descriptions.pdf,,,construct,construct,,endpoint_anchor_missing,,,"VCS1 - Killian fold-in; Endpoint anchors found: A=1, B=0. Need another public location source for the missing endpoint.","[{""name"": ""Virgil C. Summer Nuclear #1 Substation"", ""names"": [""VCS1"", ""Virgil C. Summer Nuclear #1 Substation""], ""state"": ""SC"", ""geometry"": {""type"": ""Point"", ""coordinates"": [-81.31488655, 34.296250875]}, ""feature_id"": ""way/185039621"", ""kind"": ""substation"", ""voltage"": """", ""source"": ""saved_endpoint_registry"", ""source_file"": ""C:\\Users\\sebas\\PycharmProjects\\Git\\Project_secret_project\\data\\processed\\dominion\\reference\\dominion_endpoint_registry.csv"", ""source_url"": ""https://www.openstreetmap.org/way/185039621"", ""review_required"": true, ""coordinates"": [-81.31488655, 34.296250875]}, null]",,,,,,,,,,,,,,,,
SC:scrtp_projects.pdf:31:6388 A,DESC,SC,6388 A,Williams-Summerville 230kV: Upgrade to SPDC B1272 ACSR,Rebuild the section of the Williams - Summerville 230 kV line from Ladson Jct to Williams. Line to upgraded to B-1272 and designed for a future second circuit. Approximately 10 miles.,line,Ladson Jct - Williams,Ladson Jct,Williams,230,,existing,work,"Ladson Jct - Williams; Endpoint anchors found: A=0, B=1. Need another public location source for the missing endpoint.",retained_DESC_asset_inventory,standard_public_gis,SC:scrtp_projects.pdf:31:6388 A:1,,scrtp_projects.pdf,31,,https://www.scrtp.com/assets/pdfs/home/2026-2030-2million-and-above-project-descriptions.pdf,,,upgrade,upgrade,,endpoint_anchor_missing,,,"Ladson Jct - Williams; Endpoint anchors found: A=0, B=1. Need another public location source for the missing endpoint.","[null, {""name"": ""Williams Substation"", ""names"": [""Williams Substation""], ""state"": ""SC"", ""geometry"": {""type"": ""Polygon"", ""coordinates"": [[[-79.9317542, 33.0189941], [-79.9324789, 33.0189674], [-79.9324379, 33.018138], [-79.9327479, 33.0181228], [-79.932741, 33.0179183], [-79.9327843, 33.0179164], [-79.9327524, 33.0173775], [-79.9323946, 33.0173909], [-79.9323604, 33.0167583], [-79.932602, 33.0167526], [-79.9325792, 33.0164029], [-79.9315514, 33.0164296], [-79.9315628, 33.0165997], [-79.9316197, 33.016594], [-79.9317542, 33.0189941]]]}, ""feature_id"": ""way/184867924"", ""kind"": ""substation"", ""voltage"": ""230000;115000"", ""source"": ""osm"", ""source_url"": ""https://www.openstreetmap.org/way/184867924"", ""source_file"": ""C:\\Users\\sebas\\PycharmProjects\\Git\\Project_secret_project\\data\\raw\\osm\\SC\\power_substations_overpass.json"", ""review_required"": false, ""coordinates"": [-79.93216785, 33.0176985]}]",,,,,,,,,,,,,,,,
SC:scrtp_projects.pdf:32:06372 A,DESC,SC,06372 A,Church Creek - Ritter 230kV - Replace 38 Large Angles and Dead Ends,"Replacing approximately 38 guyed wooden structures due to recent failures in the fiberglass strain insulators along this line. Structures to be changed out are dead ends/large angles. We will also be adding a few in-line dead ends where there are tangents runs of greater than 15,000'. Replacement structures will be designed for B-1272 ACSR and be offset such that a future circuit could be added along this alignment. Estimated STRs to Replace: 38 structures total. 28 concrete foundations and 10 vibratory caisson foundations.",line,Church Creek - Ritter selected structures,Church Creek,Ritter,230,,existing,work,"Church Creek - Ritter selected structures; Endpoint anchors found: A=2, B=0. Need another public location source for the missing endpoint.",retained_DESC_asset_inventory,standard_public_gis,SC:scrtp_projects.pdf:32:06372 A:1,,scrtp_projects.pdf,32,,https://www.scrtp.com/assets/pdfs/home/2026-2030-2million-and-above-project-descriptions.pdf,,,replace,replace,,endpoint_anchor_missing,,,"Church Creek - Ritter selected structures; Endpoint anchors found: A=2, B=0. Need another public location source for the missing endpoint.","[{""name"": ""Church Creek Substation"", ""names"": [""Church Creek Substation""], ""state"": ""SC"", ""geometry"": {""type"": ""Polygon"", ""coordinates"": [[[-80.0715407, 32.830642], [-80.0703813, 32.8292101], [-80.0690177, 32.8299632], [-80.0701899, 32.8314291], [-80.0715407, 32.830642]]]}, ""feature_id"": ""way/185330726"", ""kind"": ""substation"", ""voltage"": ""230000;115000"", ""source"": ""osm"", ""source_url"": ""https://www.openstreetmap.org/way/185330726"", ""source_file"": ""C:\\Users\\sebas\\PycharmProjects\\Git\\Project_secret_project\\data\\raw\\osm\\SC\\power_substations_overpass.json"", ""review_required"": false, ""coordinates"": [-80.0702792, 32.830319599999996]}, null]",,,,,,,,,,,,,,,,
SC:scrtp_projects.pdf:33:6854 C,DESC,SC,6854 C,Jackson 115kV: Construct 115 – 12kV Distribution Substation,Construct 115 – 12kV distribution substation to replace Jackson 46kV Substation. Jackson 46kV has reverse power modifications for Aiken Schools #3936. Verify that Jackson 115-12kV will inherit this reverse power requirement.,station,Jackson,,,115;12,,proposed,work,Jackson; ,retained_DESC_asset_inventory,standard_public_gis,SC:scrtp_projects.pdf:33:6854 C:1,,scrtp_projects.pdf,33,,https://www.scrtp.com/assets/pdfs/home/2026-2030-2million-and-above-project-descriptions.pdf,,,construct,construct,,proposed_asset_needs_source,,,Jackson; ,[],,,,,,,,,,,,,,,,
SC:scrtp_projects.pdf:33:6854 C,DESC,SC,6854 C,Jackson 115kV: Construct 115 – 12kV Distribution Substation,Construct 115 – 12kV distribution substation to replace Jackson 46kV Substation. Jackson 46kV has reverse power modifications for Aiken Schools #3936. Verify that Jackson 115-12kV will inherit this reverse power requirement.,station,Jackson,,,46,,existing,work,Jackson; ,retained_DESC_asset_inventory,standard_public_gis,SC:scrtp_projects.pdf:33:6854 C:2,,scrtp_projects.pdf,33,,https://www.scrtp.com/assets/pdfs/home/2026-2030-2million-and-above-project-descriptions.pdf,,,construct,construct,,facility_not_found_or_ambiguous,,,Jackson; ,[],,,,,,,,,,,,,,,,
SC:scrtp_projects.pdf:34:06005 B,DESC,SC,06005 B,Harleyville 115KV Transmission Tap – Construct (1.4 miles),Extend the 115 kV line from the Blue Circle tap to the Harleyville substation to provide 115 kV service.,line,Blue Circle tap - Harleyville,Blue Circle,Harleyville,115,,proposed,work,Blue Circle tap - Harleyville; This notebook does not force future lines into the current network.,retained_DESC_asset_inventory,standard_public_gis,SC:scrtp_projects.pdf:34:06005 B:1,,scrtp_projects.pdf,34,,https://www.scrtp.com/assets/pdfs/home/2026-2030-2million-and-above-project-descriptions.pdf,,,construct,construct,,proposed_asset_needs_source,,,Blue Circle tap - Harleyville; This notebook does not force future lines into the current network.,[],,,,,,,,,,,,,,,,
SC:scrtp_projects.pdf:34:06005 B,DESC,SC,06005 B,Harleyville 115KV Transmission Tap – Construct (1.4 miles),Extend the 115 kV line from the Blue Circle tap to the Harleyville substation to provide 115 kV service.,station,Harleyville,,,115,,existing,work,Harleyville; ,retained_DESC_asset_inventory,standard_public_gis,SC:scrtp_projects.pdf:34:06005 B:2,,scrtp_projects.pdf,34,,https://www.scrtp.com/assets/pdfs/home/2026-2030-2million-and-above-project-descriptions.pdf,,,construct,construct,"{""type"": ""Polygon"", ""coordinates"": [[[-80.4515769, 33.2098242], [-80.4510795, 33.2096543], [-80.4510491, 33.2097138], [-80.450945, 33.2096841], [-80.4507547, 33.210028], [-80.4511125, 33.2101299], [-80.4514449, 33.2101596], [-80.4515769, 33.2098242]]]}",facility_candidate,exact_facility_name,C:\Users\sebas\PycharmProjects\Git\Project_secret_project\data\raw\osm\SC\power_substations_overpass.json,Harleyville; ,"[{""name"": ""Harleyville Substation"", ""names"": [""Harleyville Substation""], ""state"": ""SC"", ""geometry"": {""type"": ""Polygon"", ""coordinates"": [[[-80.4515769, 33.2098242], [-80.4510795, 33.2096543], [-80.4510491, 33.2097138], [-80.450945, 33.2096841], [-80.4507547, 33.210028], [-80.4511125, 33.2101299], [-80.4514449, 33.2101596], [-80.4515769, 33.2098242]]]}, ""feature_id"": ""way/1075801506"", ""kind"": ""substation"", ""voltage"": ""46000"", ""source"": ""osm"", ""source_url"": ""https://www.openstreetmap.org/way/1075801506"", ""source_file"": ""C:\\Users\\sebas\\PycharmProjects\\Git\\Project_secret_project\\data\\raw\\osm\\SC\\power_substations_overpass.json"", ""review_required"": false, ""coordinates"": [-80.45116580000001, 33.20990695]}]",,osm,,,,,,,,,,,,,,
SC:scrtp_projects.pdf:35:6809 F,DESC,SC,6809 F,Orangeburg #1 - Cameron Jct 46kV Line Rebuild,"Rebuilding the 7.5 mile Orangeburg #1 – Cameron Jct. 46 kV Line. The line will be rebuilt on existing R/W using steel poles, 115 kV insulation, and 1272 ACSR Conductor",line,Orangeburg #1 - Cameron Jct,Orangeburg #1,Cameron Jct,46,,existing,work,Orangeburg #1 - Cameron Jct; No known-owner Dominion/SCE&G HIFLD lines were found at 46 kV. Use OSM or official project documentation.,retained_DESC_asset_inventory,standard_public_gis,SC:scrtp_projects.pdf:35:6809 F:1,,scrtp_projects.pdf,35,,https://www.scrtp.com/assets/pdfs/home/2026-2030-2million-and-above-project-descriptions.pdf,,,rebuild,rebuild,,endpoint_anchor_missing,,,Orangeburg #1 - Cameron Jct; No known-owner Dominion/SCE&G HIFLD lines were found at 46 kV. Use OSM or official project documentation.,"[null, {""name"": ""Cameron Substation"", ""names"": [""Cameron Jct"", ""Cameron Substation""], ""state"": ""SC"", ""geometry"": {""type"": ""Point"", ""coordinates"": [-80.70899576000001, 33.56369214]}, ""feature_id"": ""way/318318141"", ""kind"": ""substation"", ""voltage"": """", ""source"": ""saved_endpoint_registry"", ""source_file"": ""C:\\Users\\sebas\\PycharmProjects\\Git\\Project_secret_project\\data\\processed\\dominion\\reference\\dominion_endpoint_registry.csv"", ""source_url"": ""https://www.openstreetmap.org/way/318318141"", ""review_required"": true, ""coordinates"": [-80.70899576000001, 33.56369214]}]",,,,,,,,,,,,,,,,
"SC:scrtp_projects.pdf:36:6808 N,O",DESC,SC,"6808 N,O",VCS1-Denny Terrace 230kV & VCS1-Pineland 230kV: Rebuild Single Circuit Sections,Replace wooden H-Frame structures with Self Supporting Steel Structures and restring with standard 1272 ACSR conductor.,line,VCS1 - Denny Terrace single-circuit sections,VCS1,Denny Terrace,230,,existing,work,VCS1 - Denny Terrace single-circuit sections; ,retained_DESC_asset_inventory,standard_public_gis,"SC:scrtp_projects.pdf:36:6808 N,O:1",,scrtp_projects.pdf,36,,https://www.scrtp.com/assets/pdfs/home/2026-2030-2million-and-above-project-descriptions.pdf,,,rebuild,rebuild,"{""type"":""MultiLineString"",""coordinates"":[[[-81.06145604687993,34.057562763126384],[-81.06068299986555,34.05665100025236],[-81.05978400006516,34.05690800010292],[-81.0586099999052,34.057261000298475],[-81.05729400035331,34.057686999928244],[-81.05604800022331,34.05807099991904],[-81.05376299965255,34.05874299980998],[-81.05318094524735,34.059476532811814],[-81.05257440276753,34.06014133770553],[-81.0517782259312,34.06102314687506],[-81.05093668417304,34.06194424030078],[-81.05010744933426,34.062875592730784],[-81.04941026684227,34.06364284517229],[-81.04859953729834,34.06451777227948],[-81.04794152135273,34.06520128984327],[-81.04737225895718,34.06582326066643],[-81.04663788621242,34.06661266068133],[-81.04577352724604,34.067574770864276],[-81.04510113825587,34.068307749685246],[-81.04425124216556,34.069223628691866],[-81.04337664240495,34.07017886331098],[-81.04255153981649,34.07107753381707],[-81.04180486015231,34.071890994668216],[-81.04099628656508,34.07277424417503],[-81.04025364931971,34.07357042581293],[-81.03945325040155,34.07445388103429],[-81.03857047597185,34.07542096113955],[-81.03770818313063,34.076352091772385],[-81.03684804624608,34.07728663484002],[-81.03617143517408,34.07803508032734],[-81.0357382684424,34.07850487362894],[-81.03545969997447,34.07951803792759],[-81.0351730475673,34.08043037393429],[-81.03485127103255,34.08154254525592],[-81.03446131236771,34.0827589357124],[-81.03424068613393,34.08356023226471],[-81.03404476357045,34.084289724779616],[-81.03484094040678,34.08506533768974],[-81.03569281279071,34.08589562776676],[-81.03656337013255,34.08671906363536],[-81.03743581393648,34.087554470879475],[-81.03830843740347,34.088384660663365],[-81.03916866411956,34.08920465236749],[-81.04004110792347,34.090041744675254],[-81.04091166526533,34.09086856308521],[-81.04177593440018,34.09169366163158],[-81.0426423585934,34.092564876961696],[-81.0434900097938,34.09337969365805],[-81.04339523842964,34.09446952569515],[-81.0432838464361,34.095538885750926],[-81.04315907044312,34.09678773402569],[-81.04467201304465,34.09782939326692],[-81.04675493669393,34.099308879953185],[-81.04836516684072,34.10042489374848],[-81.0473091073927,34.10142492720054],[-81.04537215997709,34.10328735014592],[-81.0442286046204,34.10435258289588],[-81.0435693310334,34.10628738794166],[-81.04285750600226,34.10821969424519],[-81.04206995299268,34.11041034172048],[-81.0415360842193,34.11197067766185],[-81.04073676327951,34.11425062487059],[-81.04010084588988,34.11598715074322],[-81.03933943385505,34.11820905628328],[-81.03977691339843,34.1192426430586],[-81.04026703421744,34.12037773033764],[-81.04156231502562,34.12225907129323],[-81.04244625726518,34.12350038536431],[-81.04346144336776,34.124987974242096],[-81.04474783085463,34.1268183487906],[-81.04573382171048,34.12822378466545],[-81.04709620667039,34.130752025263185],[-81.0479859879593,34.13234336475337],[-81.0487356320639,34.1337462557569],[-81.04946784885198,34.135105625779545],[-81.04823976202705,34.13672588122146],[-81.04715163272341,34.13806118673539],[-81.04779635360282,34.139488073361996],[-81.0487356320639,34.14189768697204],[-81.04938322755221,34.143544354293645],[-81.0498169997484,34.144740999894694],[-81.05077300034849,34.14519399979878],[-81.05234400016849,34.14602600004868],[-81.05420399969351,34.14701599974786],[-81.056307999616,34.14810099978628],[-81.05907299968747,34.149585999767865],[-81.0607849999728,34.15045100009992],[-81.06317000010267,34.15171300018929],[-81.06468800021923,34.15251799997848],[-81.06739100036643,34.153930999849145],[-81.06904699967694,34.1548730000101],[-81.0715509996325,34.15627200009981],[-81.07310467993385,34.1571467933255],[-81.07408891907488,34.15769332514318],[-81.07543093473572,34.15845475177757],[-81.07755341480022,34.15965399967034],[-81.07891243377277,34.16044893864769],[-81.08131772235333,34.16181455103597],[-81.08381650309708,34.16324718505081],[-81.08615754596518,34.1645604490159],[-81.08813725678158,34.16568355469262],[-81.09069755685094,34.16711599000674],[-81.0924535988397,34.16812964126651],[-81.0937860968501,34.16888630912469],[-81.09598638718788,34.17022773968907],[-81.09811671673134,34.171379984158825],[-81.10019625193537,34.171794478747934],[-81.10201427408548,34.173174097819185],[-81.10321828067089,34.174092570362085],[-81.1053074476114,34.17576295101513],[-81.10683982077252,34.17691461083289],[-81.10814328792789,34.17861673502519],[-81.11014727122325,34.18094065917697],[-81.11198421458816,34.18094065917697],[-81.11361375941189,34.18233427428979],[-81.11555816643762,34.183791253220285],[-81.11766160940464,34.18542832232184],[-81.11914163414087,34.186575222200695],[-81.12126887168313,34.18820753207228],[-81.12168949074693,34.189590494850684],[-81.12241284655305,34.19192236679376],[-81.1239799108538,34.193016542128746],[-81.12578592163024,34.19434071192006],[-81.12691378611386,34.19511879565798],[-81.12821297189858,34.195668451177866],[-81.1298726462169,34.196353736213126],[-81.13241034108047,34.19741378593311],[-81.1343484122885,34.198206146939675],[-81.1366398331186,34.19919481328971],[-81.13867070299044,34.20002643366069],[-81.1402697006029,34.200683165744564],[-81.1424540458444,34.20157903274838],[-81.14438497903919,34.20237853084284],[-81.14669424580073,34.203356489910696],[-81.14847527173417,34.20410245103953],[-81.15092016883226,34.2051018252468],[-81.15301885342319,34.20597270674062],[-81.15486412506912,34.20674365288336],[-81.1565416453189,34.207425368089126],[-81.15859036112218,34.20828911299347],[-81.16211672202449,34.20974177379184],[-81.1640655011507,34.210473458073096],[-81.16604640223487,34.211169450250445],[-81.16768466071684,34.211811905123554],[-81.17011527999178,34.21269349480258],[-81.17248879336411,34.213610777077214],[-81.17484089000178,34.21448165979054],[-81.17713944884513,34.21532755834807],[-81.17903112117042,34.216027119883776],[-81.18080857809724,34.21475648764561],[-81.18276092623009,34.215463188185375],[-81.18502022420395,34.216241270849864],[-81.18670488336528,34.216837326260496],[-81.18924257822884,34.21769750125799],[-81.19079874506689,34.21829712600579],[-81.19250481916627,34.21896813371305],[-81.19434652180557,34.21969267900141],[-81.19595265832962,34.220342271819916],[-81.19758377790001,34.220991864829124],[-81.19972529326539,34.221812779016204],[-81.20179899301336,34.22264797033956],[-81.20379417192062,34.22342605424251],[-81.20577150399816,34.22419342993139],[-81.20826993799223,34.22518923387446],[-81.20984751976832,34.225820981298725],[-81.21230312388627,34.22682035493265],[-81.21415553444378,34.22754846986297],[-81.21575810106287,34.228183786237835],[-81.21770688018908,34.228954731189404],[-81.21925947802049,34.22957934032694],[-81.22071927808643,34.23024320982244],[-81.22281082376583,34.231185475722754],[-81.22431345370786,34.23187433029327],[-81.22684400965987,34.23301290181982],[-81.22889986527301,34.233844524160794],[-81.23156961966986,34.23491885028827],[-81.23295803511175,34.23544709064294],[-81.23408589959537,34.236549970792964],[-81.2352280410038,34.237592174827924],[-81.23709472758777,34.239298247984046],[-81.23906135264542,34.241082844328936],[-81.24056755159411,34.24243556803273],[-81.24148483390714,34.24324934327473],[-81.24274118891742,34.2444200382864],[-81.24474707484457,34.24625460283845],[-81.24575001780813,34.24718259198748],[-81.24801288478862,34.24921703202923],[-81.24965114416891,34.25077676774366],[-81.25200680981318,34.25291114481496],[-81.2531632281464,34.25393907212128],[-81.25489785609544,34.25539173267381],[-81.25658251435846,34.25682297884146],[-81.2579138221011,34.25771170694178],[-81.26007675240454,34.25913938399773],[-81.26245383388517,34.26071339783938],[-81.26322834874672,34.261238069256805],[-81.26425270575005,34.26190193779616],[-81.26567324494651,34.262833496941596],[-81.2680824492834,34.264436063825535],[-81.2699634127922,34.26564601990807],[-81.27110912320724,34.26639198098033],[-81.27305433332684,34.26765547479848],[-81.27432853426856,34.26851921889735],[-81.27616666790122,34.269725606336905],[-81.27786203408246,34.27083562487442],[-81.27975370461111,34.2720634268712],[-81.28191663491454,34.27349824131398],[-81.28370479975955,34.274676075231895],[-81.28533949013321,34.27577181613485],[-81.28638169396628,34.27643211674304],[-81.28769158677086,34.276667683900655],[-81.28938695295206,34.27694607965478],[-81.29127114680263,34.277286226226074],[-81.29285263804684,34.278423726120934],[-81.29437668292694,34.279519467909125],[-81.2966895186951,34.28115415667235],[-81.29818728964977,34.282019818146985],[-81.3007095191174,34.28379965536319],[-81.30119492917107,34.28418036786514],[-81.30222285607933,34.2848656527027],[-81.30390751524068,34.28608393716314],[-81.30577301155691,34.28741643502892],[-81.3073720100677,34.28859664786777],[-81.30862836507796,34.28949132503437],[-81.31084602344346,34.29105225170115],[-81.31217852055555,34.29200403626843],[-81.31332800030152,34.292839999779545],[-81.31486599961126,34.293159000313345],[-81.31487207132426,34.29544949615642],[-81.31554913514717,34.29613620378007]]]}",saved_route_preserved,direct_hifld_named_feature,C:\Users\sebas\PycharmProjects\Git\Project_secret_project\data\processed\dominion\reference\dominion_route_resolution_v3_tagged.csv,VCS1 - Denny Terrace single-circuit sections; ,[],,,,,,,,,,,,,,,,"{""asset_key"": ""SC:scrtp_projects.pdf:36:6808 N,O:1"", ""project_key"": ""SC:scrtp_projects.pdf:36:6808 N,O"", ""project_id"": ""6808 N,O"", ""project_name"": ""VCS1-Denny Terrace 230kV & VCS1-Pineland 230kV: Rebuild Single Circuit Sections"", ""state"": ""SC"", ""action_type"": ""rebuild"", ""asset_type"": ""line"", ""asset_name"": ""VCS1 - Denny Terrace single-circuit sections"", ""asset_stage"": ""existing"", ""endpoint_a"": ""VCS1"", ""endpoint_b"": ""Denny Terrace"", ""voltage_kv"": ""230"", ""official_map_evidence"": """", ""route_status"": ""resolved"", ""route_method"": ""direct_hifld_named_feature"", ""route_length_km"": ""42.46161166293115"", ""route_hops"": ""1.0"", ""segment_count"": ""1"", ""segment_feature_ids"": ""[\""128275\""]"", ""segment_names"": ""[\""V C SUMMER - DENNY TERRACE\""]"", ""segment_owners"": ""[\""SOUTH CAROLINA ELECTRIC&GAS COMPANY\""]"", ""source_files"": ""[\""C:\\\\Users\\\\sebas\\\\PycharmProjects\\\\Git\\\\Project_secret_project\\\\data\\\\raw\\\\public_gis\\\\SC\\\\netl_lines_2000.json\""]"", ""endpoint_a_anchor"": """", ""endpoint_b_anchor"": """", ""endpoint_a_snap_km"": """", ""endpoint_b_snap_km"": """", ""geometry"": ""{\""type\"":\""MultiLineString\"",\""coordinates\"":[[[-81.06145604687993,34.057562763126384],[-81.06068299986555,34.05665100025236],[-81.05978400006516,34.05690800010292],[-81.0586099999052,34.057261000298475],[-81.05729400035331,34.057686999928244],[-81.05604800022331,34.05807099991904],[-81.05376299965255,34.05874299980998],[-81.05318094524735,34.059476532811814],[-81.05257440276753,34.06014133770553],[-81.0517782259312,34.06102314687506],[-81.05093668417304,34.06194424030078],[-81.05010744933426,34.062875592730784],[-81.04941026684227,34.06364284517229],[-81.04859953729834,34.06451777227948],[-81.04794152135273,34.06520128984327],[-81.04737225895718,34.06582326066643],[-81.04663788621242,34.06661266068133],[-81.04577352724604,34.067574770864276],[-81.04510113825587,34.068307749685246],[-81.04425124216556,34.069223628691866],[-81.04337664240495,34.07017886331098],[-81.04255153981649,34.07107753381707],[-81.04180486015231,34.071890994668216],[-81.04099628656508,34.07277424417503],[-81.04025364931971,34.07357042581293],[-81.03945325040155,34.07445388103429],[-81.03857047597185,34.07542096113955],[-81.03770818313063,34.076352091772385],[-81.03684804624608,34.07728663484002],[-81.03617143517408,34.07803508032734],[-81.0357382684424,34.07850487362894],[-81.03545969997447,34.07951803792759],[-81.0351730475673,34.08043037393429],[-81.03485127103255,34.08154254525592],[-81.03446131236771,34.0827589357124],[-81.03424068613393,34.08356023226471],[-81.03404476357045,34.084289724779616],[-81.03484094040678,34.08506533768974],[-81.03569281279071,34.08589562776676],[-81.03656337013255,34.08671906363536],[-81.03743581393648,34.087554470879475],[-81.03830843740347,34.088384660663365],[-81.03916866411956,34.08920465236749],[-81.04004110792347,34.090041744675254],[-81.04091166526533,34.09086856308521],[-81.04177593440018,34.09169366163158],[-81.0426423585934,34.092564876961696],[-81.0434900097938,34.09337969365805],[-81.04339523842964,34.09446952569515],[-81.0432838464361,34.095538885750926],[-81.04315907044312,34.09678773402569],[-81.04467201304465,34.09782939326692],[-81.04675493669393,34.099308879953185],[-81.04836516684072,34.10042489374848],[-81.0473091073927,34.10142492720054],[-81.04537215997709,34.10328735014592],[-81.0442286046204,34.10435258289588],[-81.0435693310334,34.10628738794166],[-81.04285750600226,34.10821969424519],[-81.04206995299268,34.11041034172048],[-81.0415360842193,34.11197067766185],[-81.04073676327951,34.11425062487059],[-81.04010084588988,34.11598715074322],[-81.03933943385505,34.11820905628328],[-81.03977691339843,34.1192426430586],[-81.04026703421744,34.12037773033764],[-81.04156231502562,34.12225907129323],[-81.04244625726518,34.12350038536431],[-81.04346144336776,34.124987974242096],[-81.04474783085463,34.1268183487906],[-81.04573382171048,34.12822378466545],[-81.04709620667039,34.130752025263185],[-81.0479859879593,34.13234336475337],[-81.0487356320639,34.1337462557569],[-81.04946784885198,34.135105625779545],[-81.04823976202705,34.13672588122146],[-81.04715163272341,34.13806118673539],[-81.04779635360282,34.139488073361996],[-81.0487356320639,34.14189768697204],[-81.04938322755221,34.143544354293645],[-81.0498169997484,34.144740999894694],[-81.05077300034849,34.14519399979878],[-81.05234400016849,34.14602600004868],[-81.05420399969351,34.14701599974786],[-81.056307999616,34.14810099978628],[-81.05907299968747,34.149585999767865],[-81.0607849999728,34.15045100009992],[-81.06317000010267,34.15171300018929],[-81.06468800021923,34.15251799997848],[-81.06739100036643,34.153930999849145],[-81.06904699967694,34.1548730000101],[-81.0715509996325,34.15627200009981],[-81.07310467993385,34.1571467933255],[-81.07408891907488,34.15769332514318],[-81.07543093473572,34.15845475177757],[-81.07755341480022,34.15965399967034],[-81.07891243377277,34.16044893864769],[-81.08131772235333,34.16181455103597],[-81.08381650309708,34.16324718505081],[-81.08615754596518,34.1645604490159],[-81.08813725678158,34.16568355469262],[-81.09069755685094,34.16711599000674],[-81.0924535988397,34.16812964126651],[-81.0937860968501,34.16888630912469],[-81.09598638718788,34.17022773968907],[-81.09811671673134,34.171379984158825],[-81.10019625193537,34.171794478747934],[-81.10201427408548,34.173174097819185],[-81.10321828067089,34.174092570362085],[-81.1053074476114,34.17576295101513],[-81.10683982077252,34.17691461083289],[-81.10814328792789,34.17861673502519],[-81.11014727122325,34.18094065917697],[-81.11198421458816,34.18094065917697],[-81.11361375941189,34.18233427428979],[-81.11555816643762,34.183791253220285],[-81.11766160940464,34.18542832232184],[-81.11914163414087,34.186575222200695],[-81.12126887168313,34.18820753207228],[-81.12168949074693,34.189590494850684],[-81.12241284655305,34.19192236679376],[-81.1239799108538,34.193016542128746],[-81.12578592163024,34.19434071192006],[-81.12691378611386,34.19511879565798],[-81.12821297189858,34.195668451177866],[-81.1298726462169,34.196353736213126],[-81.13241034108047,34.19741378593311],[-81.1343484122885,34.198206146939675],[-81.1366398331186,34.19919481328971],[-81.13867070299044,34.20002643366069],[-81.1402697006029,34.200683165744564],[-81.1424540458444,34.20157903274838],[-81.14438497903919,34.20237853084284],[-81.14669424580073,34.203356489910696],[-81.14847527173417,34.20410245103953],[-81.15092016883226,34.2051018252468],[-81.15301885342319,34.20597270674062],[-81.15486412506912,34.20674365288336],[-81.1565416453189,34.207425368089126],[-81.15859036112218,34.20828911299347],[-81.16211672202449,34.20974177379184],[-81.1640655011507,34.210473458073096],[-81.16604640223487,34.211169450250445],[-81.16768466071684,34.211811905123554],[-81.17011527999178,34.21269349480258],[-81.17248879336411,34.213610777077214],[-81.17484089000178,34.21448165979054],[-81.17713944884513,34.21532755834807],[-81.17903112117042,34.216027119883776],[-81.18080857809724,34.21475648764561],[-81.18276092623009,34.215463188185375],[-81.18502022420395,34.216241270849864],[-81.18670488336528,34.216837326260496],[-81.18924257822884,34.21769750125799],[-81.19079874506689,34.21829712600579],[-81.19250481916627,34.21896813371305],[-81.19434652180557,34.21969267900141],[-81.19595265832962,34.220342271819916],[-81.19758377790001,34.220991864829124],[-81.19972529326539,34.221812779016204],[-81.20179899301336,34.22264797033956],[-81.20379417192062,34.22342605424251],[-81.20577150399816,34.22419342993139],[-81.20826993799223,34.22518923387446],[-81.20984751976832,34.225820981298725],[-81.21230312388627,34.22682035493265],[-81.21415553444378,34.22754846986297],[-81.21575810106287,34.228183786237835],[-81.21770688018908,34.228954731189404],[-81.21925947802049,34.22957934032694],[-81.22071927808643,34.23024320982244],[-81.22281082376583,34.231185475722754],[-81.22431345370786,34.23187433029327],[-81.22684400965987,34.23301290181982],[-81.22889986527301,34.233844524160794],[-81.23156961966986,34.23491885028827],[-81.23295803511175,34.23544709064294],[-81.23408589959537,34.236549970792964],[-81.2352280410038,34.237592174827924],[-81.23709472758777,34.239298247984046],[-81.23906135264542,34.241082844328936],[-81.24056755159411,34.24243556803273],[-81.24148483390714,34.24324934327473],[-81.24274118891742,34.2444200382864],[-81.24474707484457,34.24625460283845],[-81.24575001780813,34.24718259198748],[-81.24801288478862,34.24921703202923],[-81.24965114416891,34.25077676774366],[-81.25200680981318,34.25291114481496],[-81.2531632281464,34.25393907212128],[-81.25489785609544,34.25539173267381],[-81.25658251435846,34.25682297884146],[-81.2579138221011,34.25771170694178],[-81.26007675240454,34.25913938399773],[-81.26245383388517,34.26071339783938],[-81.26322834874672,34.261238069256805],[-81.26425270575005,34.26190193779616],[-81.26567324494651,34.262833496941596],[-81.2680824492834,34.264436063825535],[-81.2699634127922,34.26564601990807],[-81.27110912320724,34.26639198098033],[-81.27305433332684,34.26765547479848],[-81.27432853426856,34.26851921889735],[-81.27616666790122,34.269725606336905],[-81.27786203408246,34.27083562487442],[-81.27975370461111,34.2720634268712],[-81.28191663491454,34.27349824131398],[-81.28370479975955,34.274676075231895],[-81.28533949013321,34.27577181613485],[-81.28638169396628,34.27643211674304],[-81.28769158677086,34.276667683900655],[-81.28938695295206,34.27694607965478],[-81.29127114680263,34.277286226226074],[-81.29285263804684,34.278423726120934],[-81.29437668292694,34.279519467909125],[-81.2966895186951,34.28115415667235],[-81.29818728964977,34.282019818146985],[-81.3007095191174,34.28379965536319],[-81.30119492917107,34.28418036786514],[-81.30222285607933,34.2848656527027],[-81.30390751524068,34.28608393716314],[-81.30577301155691,34.28741643502892],[-81.3073720100677,34.28859664786777],[-81.30862836507796,34.28949132503437],[-81.31084602344346,34.29105225170115],[-81.31217852055555,34.29200403626843],[-81.31332800030152,34.292839999779545],[-81.31486599961126,34.293159000313345],[-81.31487207132426,34.29544949615642],[-81.31554913514717,34.29613620378007]]]}"", ""review_note"": """", ""primary_source_reason"": """", ""resolution_requirement"": ""standard_public_gis"", ""route_file"": ""C:\\Users\\sebas\\PycharmProjects\\Git\\Project_secret_project\\data\\processed\\dominion\\reference\\dominion_route_resolution_v3_tagged.csv"", ""distance_km"": """", ""hops"": """", ""start_snap_km"": """", ""end_snap_km"": """", ""osm_way_ids"": """", ""way_names"": """", ""operators"": """", ""unknown_voltage_edge_count"": """", ""source"": """", ""attribution"": """", ""license"": """"}"
"SC:scrtp_projects.pdf:36:6808 N,O",DESC,SC,"6808 N,O",VCS1-Denny Terrace 230kV & VCS1-Pineland 230kV: Rebuild Single Circuit Sections,Replace wooden H-Frame structures with Self Supporting Steel Structures and restring with standard 1272 ACSR conductor.,line,VCS1 - Pineland single-circuit sections,VCS1,Pineland,230,,existing,work,"VCS1 - Pineland single-circuit sections; Both endpoint locations were found, but no same-voltage public HIFLD path connected their nearby Dominion/unknown-owner transmission features.",retained_DESC_asset_inventory,standard_public_gis,"SC:scrtp_projects.pdf:36:6808 N,O:2",,scrtp_projects.pdf,36,,https://www.scrtp.com/assets/pdfs/home/2026-2030-2million-and-above-project-descriptions.pdf,,,rebuild,rebuild,,no_connected_voltage_path,,,"VCS1 - Pineland single-circuit sections; Both endpoint locations were found, but no same-voltage public HIFLD path connected their nearby Dominion/unknown-owner transmission features.","[{""name"": ""Virgil C. Summer Nuclear #1 Substation"", ""names"": [""VCS1"", ""Virgil C. Summer Nuclear #1 Substation""], ""state"": ""SC"", ""geometry"": {""type"": ""Point"", ""coordinates"": [-81.31488655, 34.296250875]}, ""feature_id"": ""way/185039621"", ""kind"": ""substation"", ""voltage"": """", ""source"": ""saved_endpoint_registry"", ""source_file"": ""C:\\Users\\sebas\\PycharmProjects\\Git\\Project_secret_project\\data\\processed\\dominion\\reference\\dominion_endpoint_registry.csv"", ""source_url"": ""https://www.openstreetmap.org/way/185039621"", ""review_required"": true, ""coordinates"": [-81.31488655, 34.296250875]}, {""name"": ""Pineland Substation"", ""names"": [""Pineland Substation""], ""state"": ""SC"", ""geometry"": {""type"": ""Polygon"", ""coordinates"": [[[-81.150631, 32.6119703], [-81.1500433, 32.6122495], [-81.1499955, 32.6117269], [-81.1503346, 32.6115513], [-81.1505984, 32.6115344], [-81.150631, 32.6119703]]]}, ""feature_id"": ""way/917253712"", ""kind"": ""substation"", ""voltage"": ""69000"", ""source"": ""osm"", ""source_url"": ""https://www.openstreetmap.org/way/917253712"", ""source_file"": ""C:\\Users\\sebas\\PycharmProjects\\Git\\Project_secret_project\\data\\raw\\osm\\SC\\power_substations_overpass.json"", ""review_required"": false, ""coordinates"": [-81.15031325000001, 32.61189195]}]",,,,,,,,,,,,,,,,
"SC:scrtp_projects.pdf:37:6842 C,D",DESC,SC,"6842 C,D",Coast Guard 115kV Substation and Tap: Construct,Construct a 115-23.9kV substation at the Coast Guard substation site with 37.3MVA transformer and 4 feeder bays. There is room in the substation for a future transformer. Construct a 115kV transmission line between Clemson Wind Turbine & Coast Guard Sub. The Coast Guard Substation will be served radially from this new line.,station,Coast Guard,,,115;23.9,,proposed,work,Coast Guard; ,retained_DESC_asset_inventory,standard_public_gis,"SC:scrtp_projects.pdf:37:6842 C,D:1",,scrtp_projects.pdf,37,,https://www.scrtp.com/assets/pdfs/home/2026-2030-2million-and-above-project-descriptions.pdf,,,construct,construct,,proposed_asset_needs_source,,,Coast Guard; ,[],,,,,,,,,,,,,,,,
"SC:scrtp_projects.pdf:37:6842 C,D",DESC,SC,"6842 C,D",Coast Guard 115kV Substation and Tap: Construct,Construct a 115-23.9kV substation at the Coast Guard substation site with 37.3MVA transformer and 4 feeder bays. There is room in the substation for a future transformer. Construct a 115kV transmission line between Clemson Wind Turbine & Coast Guard Sub. The Coast Guard Substation will be served radially from this new line.,line,Clemson Wind Turbine - Coast Guard,Clemson Wind Turbine,Coast Guard,115,,proposed,work,Clemson Wind Turbine - Coast Guard; This notebook does not force future lines into the current network.,retained_DESC_asset_inventory,standard_public_gis,"SC:scrtp_projects.pdf:37:6842 C,D:2",,scrtp_projects.pdf,37,,https://www.scrtp.com/assets/pdfs/home/2026-2030-2million-and-above-project-descriptions.pdf,,,construct,construct,,proposed_asset_needs_source,,,Clemson Wind Turbine - Coast Guard; This notebook does not force future lines into the current network.,[],,,,,,,,,,,,,,,,
"SC:scrtp_projects.pdf:38:6864 D, E",DESC,SC,"6864 D, E",Millrace 115 kV Tap: Construct,"Construct Millrace 115kV tap from the existing Dunbar Road – Lyles 115kV line. Due to added load on the Dunbar Road – Lyles 115kV line, rebuild with 1272 ACSR.",line,Millrace 115 kV tap,,,115,,proposed,work,Millrace 115 kV tap; This notebook does not force future lines into the current network.,retained_DESC_asset_inventory,standard_public_gis,"SC:scrtp_projects.pdf:38:6864 D, E:1",,scrtp_projects.pdf,38,,https://www.scrtp.com/assets/pdfs/home/2026-2030-2million-and-above-project-descriptions.pdf,,,construct,construct,,proposed_asset_needs_source,,,Millrace 115 kV tap; This notebook does not force future lines into the current network.,[],,,,,,,,,,,,,,,,
"SC:scrtp_projects.pdf:38:6864 D, E",DESC,SC,"6864 D, E",Millrace 115 kV Tap: Construct,"Construct Millrace 115kV tap from the existing Dunbar Road – Lyles 115kV line. Due to added load on the Dunbar Road – Lyles 115kV line, rebuild with 1272 ACSR.",line,Dunbar Road - Lyles,Dunbar Road,Lyles,115,,existing,work,"Dunbar Road - Lyles; Endpoint anchors found: A=1, B=0. Need another public location source for the missing endpoint.",retained_DESC_asset_inventory,standard_public_gis,"SC:scrtp_projects.pdf:38:6864 D, E:2",,scrtp_projects.pdf,38,,https://www.scrtp.com/assets/pdfs/home/2026-2030-2million-and-above-project-descriptions.pdf,,,construct,construct,,endpoint_anchor_missing,,,"Dunbar Road - Lyles; Endpoint anchors found: A=1, B=0. Need another public location source for the missing endpoint.","[{""name"": ""Dunbar Road Substation"", ""names"": [""Dunbar Road Substation""], ""state"": ""SC"", ""geometry"": {""type"": ""Polygon"", ""coordinates"": [[[-81.0850246, 33.9420647], [-81.085479, 33.9421324], [-81.0855875, 33.9420488], [-81.08587, 33.9420963], [-81.0859668, 33.9417005], [-81.085887, 33.9415073], [-81.0851684, 33.9414002], [-81.0850246, 33.9420647]]]}, ""feature_id"": ""way/185400354"", ""kind"": ""substation"", ""voltage"": ""115000"", ""source"": ""osm"", ""source_url"": ""https://www.openstreetmap.org/way/185400354"", ""source_file"": ""C:\\Users\\sebas\\PycharmProjects\\Git\\Project_secret_project\\data\\raw\\osm\\SC\\power_substations_overpass.json"", ""review_required"": false, ""coordinates"": [-81.0854957, 33.9417663]}, null]",,,,,,,,,,,,,,,,
"SC:scrtp_projects.pdf:39:1060A, I, L",DESC,SC,"1060A, I, L","Williams St Sub: Replace Sw House & Relays, AM Williams Sub: Replace Sw House, and McMeekin Sub: Add Sw House","Replace switch house, switch house equipment, and relay panels at Williams Street substation. Replace the switch house at AM Williams substation. Add Switching House at McMeekin Substation to move relays from plant relay room.",station,Williams Street,,,,,existing,work,Williams Street; ,retained_DESC_asset_inventory,standard_public_gis,"SC:scrtp_projects.pdf:39:1060A, I, L:1",,scrtp_projects.pdf,39,,https://www.scrtp.com/assets/pdfs/home/2026-2030-2million-and-above-project-descriptions.pdf,,,replace,replace,,facility_not_found_or_ambiguous,,,Williams Street; ,[],,,,,,,,,,,,,,,,
"SC:scrtp_projects.pdf:39:1060A, I, L",DESC,SC,"1060A, I, L","Williams St Sub: Replace Sw House & Relays, AM Williams Sub: Replace Sw House, and McMeekin Sub: Add Sw House","Replace switch house, switch house equipment, and relay panels at Williams Street substation. Replace the switch house at AM Williams substation. Add Switching House at McMeekin Substation to move relays from plant relay room.",station,AM Williams,,,,,existing,work,AM Williams; ,retained_DESC_asset_inventory,standard_public_gis,"SC:scrtp_projects.pdf:39:1060A, I, L:2",,scrtp_projects.pdf,39,,https://www.scrtp.com/assets/pdfs/home/2026-2030-2million-and-above-project-descriptions.pdf,,,replace,replace,,facility_not_found_or_ambiguous,,,AM Williams; ,[],,,,,,,,,,,,,,,,
"SC:scrtp_projects.pdf:39:1060A, I, L",DESC,SC,"1060A, I, L","Williams St Sub: Replace Sw House & Relays, AM Williams Sub: Replace Sw House, and McMeekin Sub: Add Sw House","Replace switch house, switch house equipment, and relay panels at Williams Street substation. Replace the switch house at AM Williams substation. Add Switching House at McMeekin Substation to move relays from plant relay room.",station,McMeekin,,,,,existing,work,McMeekin; ,retained_DESC_asset_inventory,standard_public_gis,"SC:scrtp_projects.pdf:39:1060A, I, L:3",,scrtp_projects.pdf,39,,https://www.scrtp.com/assets/pdfs/home/2026-2030-2million-and-above-project-descriptions.pdf,,,replace,replace,"{""type"": ""Polygon"", ""coordinates"": [[[-81.2172472, 34.0546445], [-81.2185179, 34.0559364], [-81.2185627, 34.0559796], [-81.2173913, 34.0566908], [-81.2172736, 34.0565721], [-81.2164716, 34.0571464], [-81.215162, 34.0558899], [-81.215696, 34.0555677], [-81.216183, 34.0552738], [-81.2168921, 34.0548458], [-81.2172472, 34.0546445]]]}",facility_candidate,exact_facility_name,C:\Users\sebas\PycharmProjects\Git\Project_secret_project\data\raw\osm\SC\power_plants_switchyards_overpass.json,McMeekin; ,"[{""name"": ""McMeekin Station"", ""names"": [""McMeekin Station""], ""state"": ""SC"", ""geometry"": {""type"": ""Polygon"", ""coordinates"": [[[-81.2172472, 34.0546445], [-81.2185179, 34.0559364], [-81.2185627, 34.0559796], [-81.2173913, 34.0566908], [-81.2172736, 34.0565721], [-81.2164716, 34.0571464], [-81.215162, 34.0558899], [-81.215696, 34.0555677], [-81.216183, 34.0552738], [-81.2168921, 34.0548458], [-81.2172472, 34.0546445]]]}, ""feature_id"": ""way/186840912"", ""kind"": ""plant"", ""voltage"": """", ""source"": ""osm"", ""source_url"": ""https://www.openstreetmap.org/way/186840912"", ""source_file"": ""C:\\Users\\sebas\\PycharmProjects\\Git\\Project_secret_project\\data\\raw\\osm\\SC\\power_plants_switchyards_overpass.json"", ""review_required"": true, ""coordinates"": [-81.21686235000001, 34.05589545]}]",,osm,,,,,,,,,,,,,,
SC:scrtp_projects.pdf:40:6810 T,DESC,SC,6810 T,Cameron Jct – Cameron – St Matthews 46 kV Rebuild,Rebuilding the 46 kV line between Cameron Jct and St Matthews. 9.8 miles.,line,Cameron Jct - Cameron,Cameron Jct,Cameron,46,,existing,work,Cameron Jct - Cameron; No known-owner Dominion/SCE&G HIFLD lines were found at 46 kV. Use OSM or official project documentation.,retained_DESC_asset_inventory,standard_public_gis,SC:scrtp_projects.pdf:40:6810 T:1,,scrtp_projects.pdf,40,,https://www.scrtp.com/assets/pdfs/home/2026-2030-2million-and-above-project-descriptions.pdf,,,rebuild,rebuild,"{""type"":""LineString"",""coordinates"":[[-80.7087659,33.5637968]]}",saved_route_preserved,osm_voltage_graph,C:\Users\sebas\PycharmProjects\Git\Project_secret_project\data\processed\dominion\reference\dominion_osm_low_voltage_routes.csv,Cameron Jct - Cameron; No known-owner Dominion/SCE&G HIFLD lines were found at 46 kV. Use OSM or official project documentation.,[],,,,,,,,,,,,,,,,"{""asset_key"": ""SC:scrtp_projects.pdf:40:6810 T:1"", ""project_key"": ""SC:scrtp_projects.pdf:40:6810 T"", ""project_id"": """", ""project_name"": ""Cameron Jct \u2013 Cameron \u2013 St Matthews 46 kV Rebuild"", ""state"": """", ""action_type"": """", ""asset_type"": """", ""asset_name"": ""Cameron Jct - Cameron"", ""asset_stage"": """", ""endpoint_a"": ""Cameron Jct"", ""endpoint_b"": ""Cameron"", ""voltage_kv"": ""46.0"", ""official_map_evidence"": """", ""route_status"": ""resolved"", ""route_method"": ""osm_voltage_graph"", ""route_length_km"": """", ""route_hops"": """", ""segment_count"": """", ""segment_feature_ids"": """", ""segment_names"": """", ""segment_owners"": """", ""source_files"": """", ""endpoint_a_anchor"": """", ""endpoint_b_anchor"": """", ""endpoint_a_snap_km"": """", ""endpoint_b_snap_km"": """", ""geometry"": ""{\""type\"":\""LineString\"",\""coordinates\"":[[-80.7087659,33.5637968]]}"", ""review_note"": ""Route uses actual OSM line geometry."", ""primary_source_reason"": """", ""resolution_requirement"": ""standard_public_gis"", ""route_file"": ""C:\\Users\\sebas\\PycharmProjects\\Git\\Project_secret_project\\data\\processed\\dominion\\reference\\dominion_osm_low_voltage_routes.csv"", ""distance_km"": ""0.0"", ""hops"": ""0.0"", ""start_snap_km"": ""0.02427000460445681"", ""end_snap_km"": ""0.02427000460445681"", ""osm_way_ids"": ""[]"", ""way_names"": ""[]"", ""operators"": ""[]"", ""unknown_voltage_edge_count"": ""0.0"", ""source"": ""OpenStreetMap"", ""attribution"": ""\u00a9 OpenStreetMap contributors"", ""license"": ""ODbL""}"
SC:scrtp_projects.pdf:40:6810 T,DESC,SC,6810 T,Cameron Jct – Cameron – St Matthews 46 kV Rebuild,Rebuilding the 46 kV line between Cameron Jct and St Matthews. 9.8 miles.,line,Cameron - St Matthews,Cameron,St Matthews,46,,existing,work,Cameron - St Matthews; No known-owner Dominion/SCE&G HIFLD lines were found at 46 kV. Use OSM or official project documentation.,retained_DESC_asset_inventory,standard_public_gis,SC:scrtp_projects.pdf:40:6810 T:2,,scrtp_projects.pdf,40,,https://www.scrtp.com/assets/pdfs/home/2026-2030-2million-and-above-project-descriptions.pdf,,,rebuild,rebuild,,endpoint_anchor_missing,,,Cameron - St Matthews; No known-owner Dominion/SCE&G HIFLD lines were found at 46 kV. Use OSM or official project documentation.,"[{""name"": ""Cameron Substation"", ""names"": [""Cameron Substation""], ""state"": ""SC"", ""geometry"": {""type"": ""Polygon"", ""coordinates"": [[[-80.7089952, 33.5637952], [-80.7088436, 33.563644], [-80.7089966, 33.5635375], [-80.7091482, 33.5636888], [-80.7089952, 33.5637952]]]}, ""feature_id"": ""way/318318141"", ""kind"": ""substation"", ""voltage"": ""46000"", ""source"": ""osm"", ""source_url"": ""https://www.openstreetmap.org/way/318318141"", ""source_file"": ""C:\\Users\\sebas\\PycharmProjects\\Git\\Project_secret_project\\data\\raw\\osm\\SC\\power_substations_overpass.json"", ""review_required"": false, ""coordinates"": [-80.70899589999999, 33.563666350000005]}, null]",,,,,,,,,,,,,,,,
SC:scrtp_projects.pdf:41:6888,DESC,SC,6888,Okatie – McIntosh 115kV Tie: Add Series Reactor,Construct Deerfield Switching Station and Install a 9% series reactor on the Okatie – McIntosh 115kV Tie Line.,station,Deerfield Switching Station,,,115,,proposed,work,Deerfield Switching Station; ,retained_DESC_asset_inventory,standard_public_gis,SC:scrtp_projects.pdf:41:6888:1,,scrtp_projects.pdf,41,,https://www.scrtp.com/assets/pdfs/home/2026-2030-2million-and-above-project-descriptions.pdf,,,other,,,proposed_asset_needs_source,,,Deerfield Switching Station; ,[],,,,,,,,,,,,,,,,
SC:scrtp_projects.pdf:41:6888,DESC,SC,6888,Okatie – McIntosh 115kV Tie: Add Series Reactor,Construct Deerfield Switching Station and Install a 9% series reactor on the Okatie – McIntosh 115kV Tie Line.,line,Okatie - McIntosh reactor location,Okatie,McIntosh,115,,existing,work,"Okatie - McIntosh reactor location; Endpoint anchors found: A=0, B=2. Need another public location source for the missing endpoint.",retained_DESC_asset_inventory,standard_public_gis,SC:scrtp_projects.pdf:41:6888:2,,scrtp_projects.pdf,41,,https://www.scrtp.com/assets/pdfs/home/2026-2030-2million-and-above-project-descriptions.pdf,,,other,,,endpoint_anchor_missing,,,"Okatie - McIntosh reactor location; Endpoint anchors found: A=0, B=2. Need another public location source for the missing endpoint.","[null, {""name"": ""MCINTOSH"", ""names"": [""McIntosh"", ""MCINTOSH""], ""state"": ""SC"", ""geometry"": {""type"": ""Point"", ""coordinates"": [-81.1753871788822, 32.3518954822055]}, ""feature_id"": ""151753"", ""kind"": ""SUBSTATION"", ""voltage"": """", ""source"": ""saved_endpoint_registry"", ""source_file"": ""C:\\Users\\sebas\\PycharmProjects\\Git\\Project_secret_project\\data\\processed\\dominion\\reference\\dominion_endpoint_registry.csv"", ""source_url"": """", ""review_required"": true, ""coordinates"": [-81.1753871788822, 32.3518954822055]}]",,,,,,,,,,,,,,,,
SC:scrtp_projects.pdf:42:6809 R,DESC,SC,6809 R,CAE Industrial Park - Springdale Sub 115kV: Replace Laminated Wood Polls.,"There are 28 laminated wood poles on the CAE Industrial Park - Springdale Sub 115kV line, and 5 have been identified as ""rotten"" by OSMOSE inspections. Replace all 28 laminated wood poles.",line,CAE Industrial Park - Springdale laminated poles,CAE Industrial Park,Springdale,115,,existing,work,"CAE Industrial Park - Springdale laminated poles; Endpoint anchors found: A=0, B=1. Need another public location source for the missing endpoint.",retained_DESC_asset_inventory,requires_primary_source,SC:scrtp_projects.pdf:42:6809 R:1,,scrtp_projects.pdf,42,,https://www.scrtp.com/assets/pdfs/home/2026-2030-2million-and-above-project-descriptions.pdf,,,replace,replace,,requires_primary_source,,,"CAE Industrial Park - Springdale laminated poles; Endpoint anchors found: A=0, B=1. Need another public location source for the missing endpoint.","[null, {""name"": ""Springdale Substation"", ""names"": [""Springdale Substation""], ""state"": ""SC"", ""geometry"": {""type"": ""Polygon"", ""coordinates"": [[[-81.1177634, 33.982298], [-81.1184252, 33.9821712], [-81.1182334, 33.9817419], [-81.1172583, 33.9819269], [-81.1177634, 33.982298]]]}, ""feature_id"": ""way/185230439"", ""kind"": ""substation"", ""voltage"": ""115000;24000"", ""source"": ""osm"", ""source_url"": ""https://www.openstreetmap.org/way/185230439"", ""source_file"": ""C:\\Users\\sebas\\PycharmProjects\\Git\\Project_secret_project\\data\\raw\\osm\\SC\\power_substations_overpass.json"", ""review_required"": false, ""coordinates"": [-81.11784175, 33.98201995]}]",,,,,,,,,,,,,,,,
SC:scrtp_projects.pdf:43:6809 O,DESC,SC,6809 O,St. George- Holly Hill 115kV: Rebuild Structures 83-108,"Rebuild Structures 83-108 on existing St. George – Holly Hill 115 kV transmission line. Total length, 3.4 miles. Replace flat switches at Don's Car Crushing with new flat switches. Distribution wants to be underbuilt when we rebuild.",line,St George - Holly Hill structures 83-108,St George,Holly Hill,115,,existing,work,St George - Holly Hill structures 83-108; ,retained_DESC_asset_inventory,standard_public_gis,SC:scrtp_projects.pdf:43:6809 O:1,,scrtp_projects.pdf,43,,https://www.scrtp.com/assets/pdfs/home/2026-2030-2million-and-above-project-descriptions.pdf,,,rebuild,rebuild,"{""type"":""MultiLineString"",""coordinates"":[[[-80.44891040357807,33.29023434664254],[-80.44956101201586,33.28943442898668],[-80.45089945777174,33.28569272611408],[-80.45172037241436,33.282319840269764],[-80.45332650893839,33.279214643682096],[-80.45760359012702,33.26889373131134],[-80.4621602575748,33.25750206206893],[-80.46571160332012,33.24879323524242],[-80.4669370257419,33.24675879465346],[-80.47208855936744,33.24418302927017],[-80.48201686026178,33.23904934209249],[-80.48529456659516,33.234802004252884],[-80.48603814886822,33.23382047577624],[-80.49073163602195,33.23224408325034],[-80.49943451359619,33.22996574866566],[-80.50603157036285,33.227883720908686],[-80.52002280126861,33.223404386071486],[-80.53814239636941,33.21767583299503],[-80.56458415673882,33.2092882326963],[-80.56796299091528,33.2079795299683],[-80.56952153828883,33.20751553529201],[-80.57363800609455,33.20436274864746],[-80.57571408458138,33.20276851018682],[-80.57806380337847,33.20102555510344],[-80.58402435256237,33.20051991918992],[-80.58833117697006,33.20012730785663],[-80.58912234839362,33.19857471034626],[-80.58908665563243,33.19798579275733],[-80.58794451512232,33.19655811674462],[-80.58626699487255,33.19435116678005],[-80.5889081972164,33.19350645797861],[-80.58899742687356,33.19363732798971],[-80.58954712216558,33.193819062962]],[[-80.42143714729379,33.325911985870526],[-80.42335023365882,33.324655630228015],[-80.42482550001901,33.322894829097706],[-80.42927985115256,33.31791699673503],[-80.43458604861887,33.31199689819368],[-80.4392307572527,33.303468909286686],[-80.44221935967647,33.29804849716366],[-80.44383739258984,33.29615444568943],[-80.44891040357807,33.29023434664254]]]}",saved_route_preserved,station_anchored_hifld_path,C:\Users\sebas\PycharmProjects\Git\Project_secret_project\data\processed\dominion\reference\dominion_route_resolution_v3_tagged.csv,St George - Holly Hill structures 83-108; ,[],,,,,,,,,,,,,,,,"{""asset_key"": ""SC:scrtp_projects.pdf:43:6809 O:1"", ""project_key"": ""SC:scrtp_projects.pdf:43:6809 O"", ""project_id"": ""6809 O"", ""project_name"": ""St. George- Holly Hill 115kV: Rebuild Structures 83-108"", ""state"": ""SC"", ""action_type"": ""rebuild"", ""asset_type"": ""line"", ""asset_name"": ""St George - Holly Hill structures 83-108"", ""asset_stage"": ""existing"", ""endpoint_a"": ""St George"", ""endpoint_b"": ""Holly Hill"", ""voltage_kv"": ""115"", ""official_map_evidence"": """", ""route_status"": ""resolved"", ""route_method"": ""station_anchored_hifld_path"", ""route_length_km"": ""23.620038813915315"", ""route_hops"": ""2.0"", ""segment_count"": ""2"", ""segment_feature_ids"": ""[\""103067\"", \""103364\""]"", ""segment_names"": ""[\""UNKNOWN122843 - TAP142321\"", \""UNKNOWN123114 - TAP142321\""]"", ""segment_owners"": ""[\""SOUTH CAROLINA ELECTRIC&GAS COMPANY\""]"", ""source_files"": ""[\""C:\\\\Users\\\\sebas\\\\PycharmProjects\\\\Git\\\\Project_secret_project\\\\data\\\\raw\\\\public_gis\\\\SC\\\\netl_lines_0.json\""]"", ""endpoint_a_anchor"": ""Saint George Switching Station [osm]"", ""endpoint_b_anchor"": ""Holly Hill Substation [osm]"", ""endpoint_a_snap_km"": ""0.0845842166978903"", ""endpoint_b_snap_km"": ""0.0143012750785242"", ""geometry"": ""{\""type\"":\""MultiLineString\"",\""coordinates\"":[[[-80.44891040357807,33.29023434664254],[-80.44956101201586,33.28943442898668],[-80.45089945777174,33.28569272611408],[-80.45172037241436,33.282319840269764],[-80.45332650893839,33.279214643682096],[-80.45760359012702,33.26889373131134],[-80.4621602575748,33.25750206206893],[-80.46571160332012,33.24879323524242],[-80.4669370257419,33.24675879465346],[-80.47208855936744,33.24418302927017],[-80.48201686026178,33.23904934209249],[-80.48529456659516,33.234802004252884],[-80.48603814886822,33.23382047577624],[-80.49073163602195,33.23224408325034],[-80.49943451359619,33.22996574866566],[-80.50603157036285,33.227883720908686],[-80.52002280126861,33.223404386071486],[-80.53814239636941,33.21767583299503],[-80.56458415673882,33.2092882326963],[-80.56796299091528,33.2079795299683],[-80.56952153828883,33.20751553529201],[-80.57363800609455,33.20436274864746],[-80.57571408458138,33.20276851018682],[-80.57806380337847,33.20102555510344],[-80.58402435256237,33.20051991918992],[-80.58833117697006,33.20012730785663],[-80.58912234839362,33.19857471034626],[-80.58908665563243,33.19798579275733],[-80.58794451512232,33.19655811674462],[-80.58626699487255,33.19435116678005],[-80.5889081972164,33.19350645797861],[-80.58899742687356,33.19363732798971],[-80.58954712216558,33.193819062962]],[[-80.42143714729379,33.325911985870526],[-80.42335023365882,33.324655630228015],[-80.42482550001901,33.322894829097706],[-80.42927985115256,33.31791699673503],[-80.43458604861887,33.31199689819368],[-80.4392307572527,33.303468909286686],[-80.44221935967647,33.29804849716366],[-80.44383739258984,33.29615444568943],[-80.44891040357807,33.29023434664254]]]}"", ""review_note"": """", ""primary_source_reason"": """", ""resolution_requirement"": ""standard_public_gis"", ""route_file"": ""C:\\Users\\sebas\\PycharmProjects\\Git\\Project_secret_project\\data\\processed\\dominion\\reference\\dominion_route_resolution_v3_tagged.csv"", ""distance_km"": """", ""hops"": """", ""start_snap_km"": """", ""end_snap_km"": """", ""osm_way_ids"": """", ""way_names"": """", ""operators"": """", ""unknown_voltage_edge_count"": """", ""source"": """", ""attribution"": """", ""license"": """"}"
SC:scrtp_projects.pdf:43:6809 O,DESC,SC,6809 O,St. George- Holly Hill 115kV: Rebuild Structures 83-108,"Rebuild Structures 83-108 on existing St. George – Holly Hill 115 kV transmission line. Total length, 3.4 miles. Replace flat switches at Don's Car Crushing with new flat switches. Distribution wants to be underbuilt when we rebuild.",station,Don's Car Crushing switches,,,115,,existing,work,Don's Car Crushing switches; ,retained_DESC_asset_inventory,standard_public_gis,SC:scrtp_projects.pdf:43:6809 O:2,,scrtp_projects.pdf,43,,https://www.scrtp.com/assets/pdfs/home/2026-2030-2million-and-above-project-descriptions.pdf,,,rebuild,rebuild,,facility_not_found_or_ambiguous,,,Don's Car Crushing switches; ,[],,,,,,,,,,,,,,,,
SC:scrtp_projects.pdf:44:06076 A,DESC,SC,06076 A,Canadys-Ritter 115KV: Rebuild SPDC 230/115KV 1272 (Approx 18 Miles),Rebuild Canadys-Ritter 115 kV line as SPDC with 1272 ACSR. Project includes the rebuild of the Canadys - Ritter 115kV only. No 230kV work associated with this project. 17.5 miles,line,Canadys - Ritter 115 kV,Canadys,Ritter,115,,existing,work,"Canadys - Ritter 115 kV; Endpoint anchors found: A=2, B=0. Need another public location source for the missing endpoint.",retained_DESC_asset_inventory,standard_public_gis,SC:scrtp_projects.pdf:44:06076 A:1,,scrtp_projects.pdf,44,,https://www.scrtp.com/assets/pdfs/home/2026-2030-2million-and-above-project-descriptions.pdf,,,rebuild,rebuild,,endpoint_anchor_missing,,,"Canadys - Ritter 115 kV; Endpoint anchors found: A=2, B=0. Need another public location source for the missing endpoint.","[{""name"": ""Canadys Substation"", ""names"": [""Canadys Substation""], ""state"": ""SC"", ""geometry"": {""type"": ""Polygon"", ""coordinates"": [[[-80.6201285, 33.0643901], [-80.6200593, 33.0646556], [-80.6205808, 33.0647939], [-80.6211156, 33.0645951], [-80.6211554, 33.0644148], [-80.6211937, 33.0644222], [-80.6212187, 33.0642765], [-80.6213042, 33.0642852], [-80.6215252, 33.0634616], [-80.621232, 33.0633987], [-80.621123, 33.0634308], [-80.620871, 33.0636765], [-80.6205779, 33.0638617], [-80.6205469, 33.0639753], [-80.6198943, 33.063895], [-80.6198368, 33.0639345], [-80.6197867, 33.0639802], [-80.6197455, 33.0640358], [-80.6196747, 33.0643049], [-80.6201285, 33.0643901]]]}, ""feature_id"": ""way/185032900"", ""kind"": ""substation"", ""voltage"": ""230000;115000"", ""source"": ""osm"", ""source_url"": ""https://www.openstreetmap.org/way/185032900"", ""source_file"": ""C:\\Users\\sebas\\PycharmProjects\\Git\\Project_secret_project\\data\\raw\\osm\\SC\\power_substations_overpass.json"", ""review_required"": false, ""coordinates"": [-80.62059995, 33.0640963]}, null]",,,,,,,,,,,,,,,,
SC:scrtp_projects.pdf:45:6808 R,DESC,SC,6808 R,Wateree-Killian 230kV: Rebuild,Rebuilding the Wateree - Killian 230 kV Line. Line will be rebuilt SPSC with 1272 ACSR Length - 35 miles,line,Wateree - Killian,Wateree,Killian,230,,existing,work,"Wateree - Killian; Endpoint anchors found: A=2, B=0. Need another public location source for the missing endpoint.",retained_DESC_asset_inventory,standard_public_gis,SC:scrtp_projects.pdf:45:6808 R:1,,scrtp_projects.pdf,45,,https://www.scrtp.com/assets/pdfs/home/2026-2030-2million-and-above-project-descriptions.pdf,,,rebuild,rebuild,,endpoint_anchor_missing,,,"Wateree - Killian; Endpoint anchors found: A=2, B=0. Need another public location source for the missing endpoint.","[{""name"": ""Wateree Substation"", ""names"": [""Wateree Substation""], ""state"": ""SC"", ""geometry"": {""type"": ""Polygon"", ""coordinates"": [[[-80.6244331, 33.8269273], [-80.6238375, 33.8269131], [-80.6236595, 33.8269401], [-80.6236355, 33.8267766], [-80.6236184, 33.8256035], [-80.6245341, 33.8256035], [-80.6244622, 33.8268477], [-80.6244331, 33.8269273]]]}, ""feature_id"": ""way/1082130490"", ""kind"": ""substation"", ""voltage"": ""230000"", ""source"": ""osm"", ""source_url"": ""https://www.openstreetmap.org/way/1082130490"", ""source_file"": ""C:\\Users\\sebas\\PycharmProjects\\Git\\Project_secret_project\\data\\raw\\osm\\SC\\power_substations_overpass.json"", ""review_required"": false, ""coordinates"": [-80.62407625, 33.8262718]}, null]",,,,,,,,,,,,,,,,
SC:scrtp_projects.pdf:46:6877 A,DESC,SC,6877 A,Church Creek – Dawson 230 kV: Rebuild from Long Savannah to Dawson,"Rebuild Dawson – Long Savannah 230kV Line SPSC B1272 (Designed SPDC B1272). Approximately 13.6 miles. 6869C includes rebuild from Long Savannah – Church Creek 230kV (3.0 miles). For 8 miles (Dawson – Mateeba), include the rebuild of Dawson – Faber Place SPSC B1272 (Designed SPDC B1272)",line,Dawson - Long Savannah,Dawson,Long Savannah,230,,existing,work,"Dawson - Long Savannah; Endpoint anchors found: A=0, B=0. Need another public location source for the missing endpoint.",retained_DESC_asset_inventory,standard_public_gis,SC:scrtp_projects.pdf:46:6877 A:1,,scrtp_projects.pdf,46,,https://www.scrtp.com/assets/pdfs/home/2026-2030-2million-and-above-project-descriptions.pdf,,,rebuild,rebuild,,endpoint_anchor_missing,,,"Dawson - Long Savannah; Endpoint anchors found: A=0, B=0. Need another public location source for the missing endpoint.","[null, null]",,,,,,,,,,,,,,,,
SC:scrtp_projects.pdf:46:6877 A,DESC,SC,6877 A,Church Creek – Dawson 230 kV: Rebuild from Long Savannah to Dawson,"Rebuild Dawson – Long Savannah 230kV Line SPSC B1272 (Designed SPDC B1272). Approximately 13.6 miles. 6869C includes rebuild from Long Savannah – Church Creek 230kV (3.0 miles). For 8 miles (Dawson – Mateeba), include the rebuild of Dawson – Faber Place SPSC B1272 (Designed SPDC B1272)",line,Dawson - Mateeba on Dawson - Faber Place,Dawson,Mateeba,230,,existing,work,"Dawson - Mateeba on Dawson - Faber Place; Endpoint anchors found: A=0, B=0. Need another public location source for the missing endpoint.",retained_DESC_asset_inventory,standard_public_gis,SC:scrtp_projects.pdf:46:6877 A:2,,scrtp_projects.pdf,46,,https://www.scrtp.com/assets/pdfs/home/2026-2030-2million-and-above-project-descriptions.pdf,,,rebuild,rebuild,,endpoint_anchor_missing,,,"Dawson - Mateeba on Dawson - Faber Place; Endpoint anchors found: A=0, B=0. Need another public location source for the missing endpoint.","[null, null]",,,,,,,,,,,,,,,,
SC:scrtp_projects.pdf:47:6869 D,DESC,SC,6869 D,Long Savannah 115 kV Tap: Construct,Rebuild Church Creek - Dawson 230kV line from Long Savannah to Church Creek. Include Long Savannah 115kV Tap SPDC with Church Creek - Dawson 230kV from Long Savannah to tap point with Church Creek - Ravenel (BEC) 115kV Line and SPSC from Tap Point to Church Creek. Long Savannah will be fed from Church Creek – Ravenel (BEC) 115 kV.,line,Long Savannah - Church Creek 230 kV,Long Savannah,Church Creek,230,,existing,work,"Long Savannah - Church Creek 230 kV; Endpoint anchors found: A=0, B=2. Need another public location source for the missing endpoint.",retained_DESC_asset_inventory,standard_public_gis,SC:scrtp_projects.pdf:47:6869 D:1,,scrtp_projects.pdf,47,,https://www.scrtp.com/assets/pdfs/home/2026-2030-2million-and-above-project-descriptions.pdf,,,construct,construct,,endpoint_anchor_missing,,,"Long Savannah - Church Creek 230 kV; Endpoint anchors found: A=0, B=2. Need another public location source for the missing endpoint.","[null, {""name"": ""Church Creek Substation"", ""names"": [""Church Creek Substation""], ""state"": ""SC"", ""geometry"": {""type"": ""Polygon"", ""coordinates"": [[[-80.0715407, 32.830642], [-80.0703813, 32.8292101], [-80.0690177, 32.8299632], [-80.0701899, 32.8314291], [-80.0715407, 32.830642]]]}, ""feature_id"": ""way/185330726"", ""kind"": ""substation"", ""voltage"": ""230000;115000"", ""source"": ""osm"", ""source_url"": ""https://www.openstreetmap.org/way/185330726"", ""source_file"": ""C:\\Users\\sebas\\PycharmProjects\\Git\\Project_secret_project\\data\\raw\\osm\\SC\\power_substations_overpass.json"", ""review_required"": false, ""coordinates"": [-80.0702792, 32.830319599999996]}]",,,,,,,,,,,,,,,,
SC:scrtp_projects.pdf:47:6869 D,DESC,SC,6869 D,Long Savannah 115 kV Tap: Construct,Rebuild Church Creek - Dawson 230kV line from Long Savannah to Church Creek. Include Long Savannah 115kV Tap SPDC with Church Creek - Dawson 230kV from Long Savannah to tap point with Church Creek - Ravenel (BEC) 115kV Line and SPSC from Tap Point to Church Creek. Long Savannah will be fed from Church Creek – Ravenel (BEC) 115 kV.,line,Long Savannah 115 kV tap,,,115,,proposed,work,Long Savannah 115 kV tap; This notebook does not force future lines into the current network.,retained_DESC_asset_inventory,standard_public_gis,SC:scrtp_projects.pdf:47:6869 D:2,,scrtp_projects.pdf,47,,https://www.scrtp.com/assets/pdfs/home/2026-2030-2million-and-above-project-descriptions.pdf,,,construct,construct,,proposed_asset_needs_source,,,Long Savannah 115 kV tap; This notebook does not force future lines into the current network.,[],,,,,,,,,,,,,,,,
SC:scrtp_projects.pdf:47:6869 D,DESC,SC,6869 D,Long Savannah 115 kV Tap: Construct,Rebuild Church Creek - Dawson 230kV line from Long Savannah to Church Creek. Include Long Savannah 115kV Tap SPDC with Church Creek - Dawson 230kV from Long Savannah to tap point with Church Creek - Ravenel (BEC) 115kV Line and SPSC from Tap Point to Church Creek. Long Savannah will be fed from Church Creek – Ravenel (BEC) 115 kV.,line,Church Creek - Ravenel (BEC) tap point,Church Creek,Ravenel,115,,existing,work,"Church Creek - Ravenel (BEC) tap point; Endpoint anchors found: A=2, B=0. Need another public location source for the missing endpoint.",retained_DESC_asset_inventory,standard_public_gis,SC:scrtp_projects.pdf:47:6869 D:3,,scrtp_projects.pdf,47,,https://www.scrtp.com/assets/pdfs/home/2026-2030-2million-and-above-project-descriptions.pdf,,,construct,construct,,endpoint_anchor_missing,,,"Church Creek - Ravenel (BEC) tap point; Endpoint anchors found: A=2, B=0. Need another public location source for the missing endpoint.","[{""name"": ""Church Creek Substation"", ""names"": [""Church Creek Substation""], ""state"": ""SC"", ""geometry"": {""type"": ""Polygon"", ""coordinates"": [[[-80.0715407, 32.830642], [-80.0703813, 32.8292101], [-80.0690177, 32.8299632], [-80.0701899, 32.8314291], [-80.0715407, 32.830642]]]}, ""feature_id"": ""way/185330726"", ""kind"": ""substation"", ""voltage"": ""230000;115000"", ""source"": ""osm"", ""source_url"": ""https://www.openstreetmap.org/way/185330726"", ""source_file"": ""C:\\Users\\sebas\\PycharmProjects\\Git\\Project_secret_project\\data\\raw\\osm\\SC\\power_substations_overpass.json"", ""review_required"": false, ""coordinates"": [-80.0702792, 32.830319599999996]}, null]",,,,,,,,,,,,,,,,
SC:scrtp_projects.pdf:48:6809 M,DESC,SC,6809 M,Modoc – McCormick 115/46 kV Rebuild,Rebuilding the section of 115/46kV line between Modoc and McCormick. Lines will be SPDC with 115 kV insulation on both sides.,line,Modoc - McCormick 115 kV,Modoc,McCormick,115,,existing,work,"Modoc - McCormick 115 kV; Both endpoint locations were found, but no same-voltage public HIFLD path connected their nearby Dominion/unknown-owner transmission features.",retained_DESC_asset_inventory,standard_public_gis,SC:scrtp_projects.pdf:48:6809 M:1,,scrtp_projects.pdf,48,,https://www.scrtp.com/assets/pdfs/home/2026-2030-2million-and-above-project-descriptions.pdf,,,rebuild,rebuild,,no_connected_voltage_path,,,"Modoc - McCormick 115 kV; Both endpoint locations were found, but no same-voltage public HIFLD path connected their nearby Dominion/unknown-owner transmission features.","[{""name"": ""Modoc Substation"", ""names"": [""Modoc Substation""], ""state"": ""SC"", ""geometry"": {""type"": ""Polygon"", ""coordinates"": [[[-82.2013846, 33.7364385], [-82.2013038, 33.7362204], [-82.2016239, 33.7361383], [-82.2017048, 33.7363564], [-82.2013846, 33.7364385]]]}, ""feature_id"": ""way/1074904620"", ""kind"": ""substation"", ""voltage"": ""46000"", ""source"": ""osm"", ""source_url"": ""https://www.openstreetmap.org/way/1074904620"", ""source_file"": ""C:\\Users\\sebas\\PycharmProjects\\Git\\Project_secret_project\\data\\raw\\osm\\SC\\power_substations_overpass.json"", ""review_required"": false, ""coordinates"": [-82.20150430000001, 33.7362884]}, {""name"": ""McCormick Substation"", ""names"": [""McCormick Substation""], ""state"": ""SC"", ""geometry"": {""type"": ""Polygon"", ""coordinates"": [[[-82.293153, 33.9068169], [-82.2929355, 33.9061476], [-82.2924545, 33.9062552], [-82.2926721, 33.9069246], [-82.293153, 33.9068169]]]}, ""feature_id"": ""way/1044493458"", ""kind"": ""substation"", ""voltage"": ""115000"", ""source"": ""osm"", ""source_url"": ""https://www.openstreetmap.org/way/1044493458"", ""source_file"": ""C:\\Users\\sebas\\PycharmProjects\\Git\\Project_secret_project\\data\\raw\\osm\\SC\\power_substations_overpass.json"", ""review_required"": false, ""coordinates"": [-82.29280375, 33.9065361]}]",,,,,,,,,,,,,,,,
SC:scrtp_projects.pdf:48:6809 M,DESC,SC,6809 M,Modoc – McCormick 115/46 kV Rebuild,Rebuilding the section of 115/46kV line between Modoc and McCormick. Lines will be SPDC with 115 kV insulation on both sides.,line,Modoc - McCormick 46 kV,Modoc,McCormick,46,,existing,work,Modoc - McCormick 46 kV; No known-owner Dominion/SCE&G HIFLD lines were found at 46 kV. Use OSM or official project documentation.,retained_DESC_asset_inventory,standard_public_gis,SC:scrtp_projects.pdf:48:6809 M:2,,scrtp_projects.pdf,48,,https://www.scrtp.com/assets/pdfs/home/2026-2030-2million-and-above-project-descriptions.pdf,,,rebuild,rebuild,,no_connected_voltage_path,,,Modoc - McCormick 46 kV; No known-owner Dominion/SCE&G HIFLD lines were found at 46 kV. Use OSM or official project documentation.,"[{""name"": ""Modoc Substation"", ""names"": [""Modoc Substation""], ""state"": ""SC"", ""geometry"": {""type"": ""Polygon"", ""coordinates"": [[[-82.2013846, 33.7364385], [-82.2013038, 33.7362204], [-82.2016239, 33.7361383], [-82.2017048, 33.7363564], [-82.2013846, 33.7364385]]]}, ""feature_id"": ""way/1074904620"", ""kind"": ""substation"", ""voltage"": ""46000"", ""source"": ""osm"", ""source_url"": ""https://www.openstreetmap.org/way/1074904620"", ""source_file"": ""C:\\Users\\sebas\\PycharmProjects\\Git\\Project_secret_project\\data\\raw\\osm\\SC\\power_substations_overpass.json"", ""review_required"": false, ""coordinates"": [-82.20150430000001, 33.7362884]}, {""name"": ""McCormick Substation"", ""names"": [""McCormick Substation""], ""state"": ""SC"", ""geometry"": {""type"": ""Polygon"", ""coordinates"": [[[-82.293153, 33.9068169], [-82.2929355, 33.9061476], [-82.2924545, 33.9062552], [-82.2926721, 33.9069246], [-82.293153, 33.9068169]]]}, ""feature_id"": ""way/1044493458"", ""kind"": ""substation"", ""voltage"": ""115000"", ""source"": ""osm"", ""source_url"": ""https://www.openstreetmap.org/way/1044493458"", ""source_file"": ""C:\\Users\\sebas\\PycharmProjects\\Git\\Project_secret_project\\data\\raw\\osm\\SC\\power_substations_overpass.json"", ""review_required"": false, ""coordinates"": [-82.29280375, 33.9065361]}]",,,,,,,,,,,,,,,,
SC:scrtp_projects.pdf:49:6809 T,DESC,SC,6809 T,Stevens Creek - Graniteville 115 kV: Rebuild,"Rebuilding the 15 mile section of 115 kv line between Stevens Creek and Graniteville. This line was built in the early 1960s, has small wire, and is in rough shape, as noted by the extensive damage during the hurricane.",line,Stevens Creek - Graniteville,Stevens Creek,Graniteville,115,,existing,work,"Stevens Creek - Graniteville; Endpoint anchors found: A=1, B=0. Need another public location source for the missing endpoint.",retained_DESC_asset_inventory,standard_public_gis,SC:scrtp_projects.pdf:49:6809 T:1,,scrtp_projects.pdf,49,,https://www.scrtp.com/assets/pdfs/home/2026-2030-2million-and-above-project-descriptions.pdf,,,rebuild,rebuild,,endpoint_anchor_missing,,,"Stevens Creek - Graniteville; Endpoint anchors found: A=1, B=0. Need another public location source for the missing endpoint.","[null, {""name"": ""Graniteville Substation"", ""names"": [""Graniteville Substation""], ""state"": ""SC"", ""geometry"": {""type"": ""GeometryCollection"", ""geometries"": [{""type"": ""LineString"", ""coordinates"": [[-81.8065644, 33.5844703], [-81.8062546, 33.5845378], [-81.8056755, 33.5845466], [-81.805496, 33.5844175], [-81.8053957, 33.5834454], [-81.8058638, 33.5834029], [-81.8058128, 33.5831052], [-81.8059237, 33.5829542], [-81.8058603, 33.5825011], [-81.8061754, 33.5824703], [-81.8061595, 33.5823442], [-81.8062951, 33.5823266], [-81.8063831, 33.5824351], [-81.8064482, 33.5829029], [-81.8064904, 33.5829029], [-81.8065485, 33.5833017], [-81.806413, 33.5833178], [-81.8065644, 33.5844703]]}, {""type"": ""LineString"", ""coordinates"": [[-81.8043784, 33.5830974], [-81.8043344, 33.5830681], [-81.8024722, 33.5832166], [-81.8024476, 33.5832575], [-81.8025519, 33.5841993], [-81.8025928, 33.5842249], [-81.8043244, 33.584092], [-81.8044634, 33.583765], [-81.8043784, 33.5830974]]}]}, ""feature_id"": ""relation/14294792"", ""kind"": ""substation"", ""voltage"": ""230000;115000;46000"", ""source"": ""osm"", ""source_url"": ""https://www.openstreetmap.org/relation/14294792"", ""source_file"": ""C:\\Users\\sebas\\PycharmProjects\\Git\\Project_secret_project\\data\\raw\\osm\\SC\\power_substations_overpass.json"", ""review_required"": false, ""coordinates"": [-81.804506, 33.5834366]}]",,,,,,,,,,,,,,,,
SC:scrtp_projects.pdf:50:6810 N,DESC,SC,6810 N,Calhoun County - North 46 kV Rebuild,System Hardening project – Rebuilding the 46 kV line between North and Calhoun County. 9.5 miles,line,Calhoun County - North,Calhoun County,North,46,,existing,work,Calhoun County - North; No known-owner Dominion/SCE&G HIFLD lines were found at 46 kV. Use OSM or official project documentation.,retained_DESC_asset_inventory,standard_public_gis,SC:scrtp_projects.pdf:50:6810 N:1,,scrtp_projects.pdf,50,,https://www.scrtp.com/assets/pdfs/home/2026-2030-2million-and-above-project-descriptions.pdf,,,rebuild,rebuild,,endpoint_anchor_missing,,,Calhoun County - North; No known-owner Dominion/SCE&G HIFLD lines were found at 46 kV. Use OSM or official project documentation.,"[null, null]",,,,,,,,,,,,,,,,
SC:scrtp_projects.pdf:51:0167 C-D,DESC,SC,0167 C-D,Union Pier 115-13.8 kV Sub: Tap,Installing a 115 kV Tap (or possibly dedicated feed from Charlotte St) to feed the Union Pier 115 kV Sub.,line,Union Pier 115 kV supply tap,,,115,,uncertain,work,Union Pier 115 kV supply tap; This notebook does not force future lines into the current network.,retained_DESC_asset_inventory,standard_public_gis,SC:scrtp_projects.pdf:51:0167 C-D:1,,scrtp_projects.pdf,51,,https://www.scrtp.com/assets/pdfs/home/2026-2030-2million-and-above-project-descriptions.pdf,,,other,,,scope_review_needed,,,Union Pier 115 kV supply tap; This notebook does not force future lines into the current network.,[],,,,,,,,,,,,,,,,
SC:scrtp_projects.pdf:51:0167 C-D,DESC,SC,0167 C-D,Union Pier 115-13.8 kV Sub: Tap,Installing a 115 kV Tap (or possibly dedicated feed from Charlotte St) to feed the Union Pier 115 kV Sub.,station,Union Pier,,,115;13.8,,proposed,work,Union Pier; ,retained_DESC_asset_inventory,standard_public_gis,SC:scrtp_projects.pdf:51:0167 C-D:2,,scrtp_projects.pdf,51,,https://www.scrtp.com/assets/pdfs/home/2026-2030-2million-and-above-project-descriptions.pdf,,,other,,,proposed_asset_needs_source,,,Union Pier; ,[],,,,,,,,,,,,,,,,
SC:scrtp_projects.pdf:52:6808 V,DESC,SC,6808 V,Faber Place-Bayfront 115kV: Rebuild North Bridge Terrace to Bayfront Section,Rebuild Faber Place - Bayfront 115kV from N. Bridge Terrace Sub - Bayfront Sub. Line will be rebuilt SPSC with 1272 ACSR. String 1272 ACSR from Across the Ashley River - N. Bridge Terrace. String 1272 ACSR from Bayfront - Camp Rd. Scope modified to include Camp Rd. - James Island section as well.,line,North Bridge Terrace - Bayfront,North Bridge Terrace,Bayfront,115,,existing,work,"North Bridge Terrace - Bayfront; Endpoint anchors found: A=0, B=0. Need another public location source for the missing endpoint.",retained_DESC_asset_inventory,standard_public_gis,SC:scrtp_projects.pdf:52:6808 V:1,,scrtp_projects.pdf,52,,https://www.scrtp.com/assets/pdfs/home/2026-2030-2million-and-above-project-descriptions.pdf,,,rebuild,rebuild,,endpoint_anchor_missing,,,"North Bridge Terrace - Bayfront; Endpoint anchors found: A=0, B=0. Need another public location source for the missing endpoint.","[null, null]",,,,,,,,,,,,,,,,
SC:scrtp_projects.pdf:52:6808 V,DESC,SC,6808 V,Faber Place-Bayfront 115kV: Rebuild North Bridge Terrace to Bayfront Section,Rebuild Faber Place - Bayfront 115kV from N. Bridge Terrace Sub - Bayfront Sub. Line will be rebuilt SPSC with 1272 ACSR. String 1272 ACSR from Across the Ashley River - N. Bridge Terrace. String 1272 ACSR from Bayfront - Camp Rd. Scope modified to include Camp Rd. - James Island section as well.,line,Across Ashley River - North Bridge Terrace,Ashley River,North Bridge Terrace,115,,existing,work,"Across Ashley River - North Bridge Terrace; Endpoint anchors found: A=0, B=0. Need another public location source for the missing endpoint.",retained_DESC_asset_inventory,standard_public_gis,SC:scrtp_projects.pdf:52:6808 V:2,,scrtp_projects.pdf,52,,https://www.scrtp.com/assets/pdfs/home/2026-2030-2million-and-above-project-descriptions.pdf,,,rebuild,rebuild,,endpoint_anchor_missing,,,"Across Ashley River - North Bridge Terrace; Endpoint anchors found: A=0, B=0. Need another public location source for the missing endpoint.","[null, null]",,,,,,,,,,,,,,,,
SC:scrtp_projects.pdf:52:6808 V,DESC,SC,6808 V,Faber Place-Bayfront 115kV: Rebuild North Bridge Terrace to Bayfront Section,Rebuild Faber Place - Bayfront 115kV from N. Bridge Terrace Sub - Bayfront Sub. Line will be rebuilt SPSC with 1272 ACSR. String 1272 ACSR from Across the Ashley River - N. Bridge Terrace. String 1272 ACSR from Bayfront - Camp Rd. Scope modified to include Camp Rd. - James Island section as well.,line,Bayfront - Camp Road,Bayfront,Camp Road,115,,existing,work,"Bayfront - Camp Road; Endpoint anchors found: A=0, B=0. Need another public location source for the missing endpoint.",retained_DESC_asset_inventory,standard_public_gis,SC:scrtp_projects.pdf:52:6808 V:3,,scrtp_projects.pdf,52,,https://www.scrtp.com/assets/pdfs/home/2026-2030-2million-and-above-project-descriptions.pdf,,,rebuild,rebuild,,endpoint_anchor_missing,,,"Bayfront - Camp Road; Endpoint anchors found: A=0, B=0. Need another public location source for the missing endpoint.","[null, null]",,,,,,,,,,,,,,,,
SC:scrtp_projects.pdf:52:6808 V,DESC,SC,6808 V,Faber Place-Bayfront 115kV: Rebuild North Bridge Terrace to Bayfront Section,Rebuild Faber Place - Bayfront 115kV from N. Bridge Terrace Sub - Bayfront Sub. Line will be rebuilt SPSC with 1272 ACSR. String 1272 ACSR from Across the Ashley River - N. Bridge Terrace. String 1272 ACSR from Bayfront - Camp Rd. Scope modified to include Camp Rd. - James Island section as well.,line,Camp Road - James Island,Camp Road,James Island,115,,existing,work,"Camp Road - James Island; Endpoint anchors found: A=0, B=0. Need another public location source for the missing endpoint.",retained_DESC_asset_inventory,standard_public_gis,SC:scrtp_projects.pdf:52:6808 V:4,,scrtp_projects.pdf,52,,https://www.scrtp.com/assets/pdfs/home/2026-2030-2million-and-above-project-descriptions.pdf,,,rebuild,rebuild,,endpoint_anchor_missing,,,"Camp Road - James Island; Endpoint anchors found: A=0, B=0. Need another public location source for the missing endpoint.","[null, null]",,,,,,,,,,,,,,,,
SC:scrtp_projects.pdf:53:0147 A-I,DESC,SC,0147 A-I,Clements Ferry Rd Sub: 115kV Tap from Cainhoy,Construct a 115 kV tap from Cainhoy to Clements Ferry. Approximately 2.8 miles. Construct terminal at Cainhoy.,line,Cainhoy - Clements Ferry tap,Cainhoy,Clements Ferry,115,,proposed,work,Cainhoy - Clements Ferry tap; This notebook does not force future lines into the current network.,retained_DESC_asset_inventory,standard_public_gis,SC:scrtp_projects.pdf:53:0147 A-I:1,,scrtp_projects.pdf,53,,https://www.scrtp.com/assets/pdfs/home/2026-2030-2million-and-above-project-descriptions.pdf,,,other,,,proposed_asset_needs_source,,,Cainhoy - Clements Ferry tap; This notebook does not force future lines into the current network.,[],,,,,,,,,,,,,,,,
SC:scrtp_projects.pdf:53:0147 A-I,DESC,SC,0147 A-I,Clements Ferry Rd Sub: 115kV Tap from Cainhoy,Construct a 115 kV tap from Cainhoy to Clements Ferry. Approximately 2.8 miles. Construct terminal at Cainhoy.,station,Cainhoy,,,115,,existing,work,Cainhoy; ,retained_DESC_asset_inventory,standard_public_gis,SC:scrtp_projects.pdf:53:0147 A-I:2,,scrtp_projects.pdf,53,,https://www.scrtp.com/assets/pdfs/home/2026-2030-2million-and-above-project-descriptions.pdf,,,other,,"{""type"": ""Polygon"", ""coordinates"": [[[-79.843229, 32.9417865], [-79.8418861, 32.9422273], [-79.8413223, 32.9410174], [-79.842665, 32.9405767], [-79.843229, 32.9417865]]]}",facility_candidate,exact_facility_name,C:\Users\sebas\PycharmProjects\Git\Project_secret_project\data\raw\osm\SC\power_substations_overpass.json,Cainhoy; ,"[{""name"": ""Cainhoy Substation"", ""names"": [""Cainhoy Substation""], ""state"": ""SC"", ""geometry"": {""type"": ""Polygon"", ""coordinates"": [[[-79.843229, 32.9417865], [-79.8418861, 32.9422273], [-79.8413223, 32.9410174], [-79.842665, 32.9405767], [-79.843229, 32.9417865]]]}, ""feature_id"": ""way/229116275"", ""kind"": ""substation"", ""voltage"": ""230000;115000;23900"", ""source"": ""osm"", ""source_url"": ""https://www.openstreetmap.org/way/229116275"", ""source_file"": ""C:\\Users\\sebas\\PycharmProjects\\Git\\Project_secret_project\\data\\raw\\osm\\SC\\power_substations_overpass.json"", ""review_required"": false, ""coordinates"": [-79.84227565, 32.941402]}]",,osm,,,,,,,,,,,,,,
SC:scrtp_projects.pdf:54:06810 F,DESC,SC,06810 F,VCS2-Ward 230kV: Rebuild Line,Rebuild 40 miles of 230 kV line.,line,VCS2 - Ward,VCS2,Ward,230,,existing,work,VCS2 - Ward; ,retained_DESC_asset_inventory,standard_public_gis,SC:scrtp_projects.pdf:54:06810 F:1,,scrtp_projects.pdf,54,,https://www.scrtp.com/assets/pdfs/home/2026-2030-2million-and-above-project-descriptions.pdf,,,rebuild,rebuild,"{""type"":""MultiLineString"",""coordinates"":[[[-81.31554913514717,34.29613620378007],[-81.31454370474859,34.29547566909531],[-81.31448927582551,34.29330413792667],[-81.31330227614507,34.29300513763412],[-81.31214520832987,34.29207779876597],[-81.31082222796991,34.291116496637855],[-81.30858553430353,34.28955556968018],[-81.30735773224457,34.28866089319764],[-81.30574921698165,34.287471163193956],[-81.3038551659175,34.28614818218743],[-81.30218954295533,34.28491086268731],[-81.30116161604708,34.28422557821839],[-81.3006952421926,34.283882934630725],[-81.29814445887536,34.28207454463072],[-81.29667494442795,34.281202132097874],[-81.29436193528493,34.279567320307336],[-81.29283772241986,34.278471458150165],[-81.29126541016122,34.277340558662914],[-81.28939273630586,34.27700249297803],[-81.28769738719265,34.27672409963761],[-81.28637748176591,34.27648673180761],[-81.28532646186663,34.275820845743674],[-81.28369140408203,34.274724858287165],[-81.28190333895002,34.27354708963542],[-81.27974054968209,34.272112368819144],[-81.27784900491757,34.27088464919597],[-81.27615353183684,34.269774560038734],[-81.27431506403087,34.26856795430105],[-81.27304096100552,34.26770427603238],[-81.27109613985644,34.266441035361105],[-81.26995052286617,34.2656951348583],[-81.26806935184653,34.26448504584851],[-81.26565996515166,34.262882356655375],[-81.26423967568685,34.261950960643894],[-81.26321500517152,34.26128688906332],[-81.26244028639239,34.26076207985591],[-81.26006345374508,34.25918823100822],[-81.2579004452882,34.25776050280838],[-81.25656662226275,34.2568700957393],[-81.25487989428133,34.25543709067138],[-81.25314483693761,34.25398407004554],[-81.25198769007068,34.2529554950759],[-81.2496313902158,34.25082054366806],[-81.24799320090412,34.249260874851515],[-81.24573059892666,34.24722667274714],[-81.24472749965622,34.246298539282876],[-81.24272154905037,34.24446391479641],[-81.2414654707212,34.243293478076296],[-81.2405485315646,34.24248000772882],[-81.23904212420676,34.24112709611467],[-81.23707533835068,34.239342353666665],[-81.2352085996644,34.23763623387496],[-81.23406583572348,34.23659346225323],[-81.23294479933433,34.23549725775652],[-81.2315656715742,34.234972551344285],[-81.2288954329854,34.23389802983437],[-81.22683864581931,34.23306603073657],[-81.22430705410979,34.231926992771584],[-81.22280441338795,34.23123813417563],[-81.22071293598053,34.23029589931575],[-81.21925406387429,34.229632451356636],[-81.21770262936116,34.22900830978602],[-81.21575396701591,34.22823741063145],[-81.21415145070247,34.22760211620047],[-81.21229882993921,34.226873917804035],[-81.20984307759923,34.225874483157405],[-81.20826566380809,34.2252428037252],[-81.20576747864736,34.224247099203275],[-81.20379031994469,34.22347979011011],[-81.20179484459337,34.22270159082998],[-81.1997212795927,34.221866454261644],[-81.19757985495717,34.22104557476609],[-81.19594831138195,34.22039581207004],[-81.19434227187595,34.21974625903305],[-81.19250079201885,34.21902180185723],[-81.19079488231115,34.21835085771691],[-81.18923983297734,34.21775166418864],[-81.18670279388394,34.216891711107515],[-81.18501801973825,34.21629561596851],[-81.18275855108449,34.21551747363567],[-81.18083054999077,34.214819585963376],[-81.17905291340091,34.21609034724656],[-81.17713641882767,34.21538160617577],[-81.17483785100117,34.214535703703774],[-81.17248537617279,34.21366468114871],[-81.170112018209,34.21274745889014],[-81.16768128305137,34.211865826688935],[-81.16604325813138,34.21122346434412],[-81.16406270020366,34.21052759296043],[-81.1621126840973,34.20979544409828],[-81.15858540242179,34.2083424038573],[-81.15653679621299,34.2074787048168],[-81.1548593514217,34.206797019759215],[-81.15301390909586,34.206026004269575],[-81.15091540416797,34.20515519613388],[-81.14847042981478,34.2041557898699],[-81.14668911462384,34.20340970811239],[-81.1443799421854,34.20243178903868],[-81.14244927219698,34.20163239992217],[-81.14026499343082,34.200736560232485],[-81.13866600659813,34.20007983302245],[-81.13663472978948,34.19924804526338],[-81.13434332063747,34.19825938399556],[-81.13240551982233,34.1974671341965],[-81.12986774500871,34.196407050225694],[-81.12820796468917,34.19572172178575],[-81.12690387500133,34.195169992096574],[-81.12577121261577,34.1943885978958],[-81.12396467722321,34.193064043218605],[-81.12231766915039,34.19197947390519],[-81.12160383099469,34.18960001284461],[-81.12124155840692,34.18824578003326],[-81.11912537732918,34.1866219548407],[-81.11764521694732,34.18547495007602],[-81.11554209378056,34.18383813008194],[-81.11359676328671,34.18238045935985],[-81.111980025744,34.18099779676117],[-81.11013864020998,34.18099779676117],[-81.10811875044588,34.17865542580339],[-81.10681857202279,34.17695759724115],[-81.1052910847985,34.17580960863661],[-81.10320177772081,34.174139115939695],[-81.10199827419194,34.17322102814552],[-81.10018946875667,34.17184840286578],[-81.09811383224095,34.17143468521767],[-81.09597573855851,34.1702782421834],[-81.09377500804621,34.16893654336415],[-81.09244303195702,34.16818017103029],[-81.09068712741049,34.16716659916377],[-81.08812698993619,34.16573425464541],[-81.0861468560133,34.164610908817004],[-81.08378794924747,34.16329715282732],[-81.0813070063503,34.161865007275104],[-81.07886246498508,34.160498907337036],[-81.0775437929452,34.159705063761216],[-81.07542057626218,34.158505400320664],[-81.07407872139979,34.15774406408852],[-81.07309468258305,34.15719764410265],[-81.07134302077962,34.156420313034175],[-81.06744784306267,34.15425485410393],[-81.06389768668679,34.152341767798426],[-81.05897220332271,34.14973387764726],[-81.05401816521069,34.147130748288475],[-81.04987790282972,34.14498923308019],[-81.0485070000443,34.14401600020602],[-81.0466270004278,34.14300199998581],[-81.04497700006677,34.14211800010169],[-81.04351900022465,34.14133300012422],[-81.0414949997698,34.140166999674605],[-81.03838813773211,34.13835413786744],[-81.03634713755882,34.13939813810533],[-81.03457213842262,34.14014713765286],[-81.03233513843075,34.14055813794665],[-81.02936713796969,34.14110813771577],[-81.02755813759998,34.14146213780127],[-81.02576213764907,34.14038813814534],[-81.02310013840807,34.138871138328994],[-81.01926313828388,34.136676137886084],[-81.01714513811768,34.135472138145815],[-81.01285013823407,34.13302713779317],[-81.01115213819247,34.13205113784983],[-81.01071513834945,34.1290351377925],[-81.01041113767754,34.126924138082174],[-81.01014113823909,34.12481813795536],[-81.00985213763578,34.12284613807715],[-81.0095371379915,34.12063913794634],[-81.00919813805781,34.11832213789599],[-81.00732838103217,34.1167735849874],[-81.00595727612583,34.11563913801801],[-81.00481527575289,34.11467813769374],[-81.00401927588469,34.114141138234764],[-81.00274827564033,34.11305113783924],[-81.00155327556396,34.11206613769221],[-81.00023527636225,34.11099013792153],[-80.99862627600909,34.1102921383505],[-80.99712727615909,34.1096241376385],[-80.99579627564029,34.10903913826075],[-80.99404166736272,34.10827880892736],[-80.99236413812979,34.10753013766785],[-80.99078627607933,34.106869138095384],[-80.98906127627353,34.10680913805073],[-80.98696927604661,34.10670213797699],[-80.98561813799408,34.10662613791195],[-80.98395927575275,34.10642313801027],[-80.9826812758357,34.105462137859426],[-80.9828572755628,34.10484413780292],[-80.9832738162752,34.103861191749964]],[[-80.9832738162752,34.103861191749964],[-80.98283747310067,34.10429033026258],[-80.98254004091011,34.10546816273021],[-80.98139195085787,34.10585482614131],[-80.98016057979227,34.106235538837616],[-80.9789470546581,34.10662814989362],[-80.97753127473602,34.10709809395368],[-80.97599652283604,34.107573985744864],[-80.97469971668852,34.107978494191556],[-80.97318280982167,34.108460335028674],[-80.97195143875607,34.10884104864457],[-80.97060704435637,34.10926340318994],[-80.96931153537611,34.10960364664444],[-80.96887666094706,34.11080438894892],[-80.9684893226679,34.11213660307007],[-80.96783497184866,34.113159771324725],[-80.96713897872608,34.114266220226746],[-80.96616340024269,34.115777177869845],[-80.96520566679241,34.11724054619615],[-80.96331399626375,34.117883000838184],[-80.96160673279493,34.118460020167],[-80.95962583081246,34.11892401514116],[-80.95809107891247,34.1192749861336],[-80.9565146856075,34.11963190516269],[-80.9551821875971,34.11994718309187],[-80.95434937566687,34.1208632761852],[-80.95329051617011,34.121856700765655],[-80.95227329718004,34.12277279325051],[-80.95114900080475,34.12376621770609],[-80.95003065486986,34.124795334943585],[-80.94916637675186,34.12554786529024],[-80.94783387874146,34.12484354519105],[-80.94643475627973,34.12402500984033],[-80.94513081211895,34.12335876106546],[-80.94438842011364,34.122987564678205],[-80.94405820839835,34.122957201895616],[-80.94405257596152,34.12230770836218]],[[-80.94405257596152,34.12230770836218],[-80.94333234719089,34.12273203923892],[-80.94248775116075,34.1223405760344],[-80.9411195729656,34.12210059570047],[-80.94001907296217,34.12330817176492],[-80.93871631817085,34.124735848829474],[-80.93734381818085,34.12609658479908],[-80.93644393174328,34.12715695035319],[-80.93471287369921,34.12753766383794],[-80.9324880782188,34.128001658821525],[-80.93060235633395,34.128388321097525],[-80.92808012686632,34.128917750905785],[-80.92628958328244,34.129274670128694],[-80.92533184893385,34.12967917889116],[-80.92393986538366,34.13029783923776],[-80.92226234513389,34.13064880912093],[-80.92038257099452,34.13111280413032],[-80.91794957208238,34.131457825686724],[-80.91539114859366,34.13177817162952],[-80.91324404930046,34.13211944804802],[-80.91209505015316,34.13311838925337],[-80.91045427010019,34.134372666172986],[-80.90865182833036,34.13603233970471],[-80.90605821513702,34.13668669164561],[-80.90447587408654,34.13710904616097],[-80.90257825401574,34.137596835057465],[-80.90064494208208,34.138114368054346],[-80.89827142870973,34.13874492466807],[-80.89667124172784,34.13931004666657],[-80.89521382219739,34.139797836984805],[-80.89379209363152,34.14026778036626],[-80.89209672834863,34.141832276115366],[-80.89115693784784,34.14301313881828],[-80.89000664512652,34.14452395296706],[-80.88884876433599,34.14613910021085],[-80.88722438302855,34.14573936516161],[-80.88507633241947,34.14528384784909],[-80.88304021009817,34.144854944122784],[-80.88099753097362,34.14442968121465],[-80.87811852031956,34.143817580642946],[-80.87667187158937,34.143569282306295],[-80.87411395115717,34.144360453117514],[-80.87238884175692,34.14488988324151],[-80.86994394555717,34.145627515703985],[-80.86823073434283,34.14616289517868],[-80.86743361517378,34.1463829949674],[-80.8672939451134,34.14607495799663],[-80.86703505514011,34.145782180837536]],[[-80.62479769124418,33.83391683088055],[-80.62479603564911,33.83420854519397],[-80.62479523704681,33.83515526615457],[-80.62513074073745,33.83618319282961],[-80.62590311940525,33.83718406625096],[-80.62725084026646,33.83903140803923],[-80.62860713285208,33.84087667967814],[-80.6295208461585,33.842165157731415],[-80.63121264333309,33.84439590305929],[-80.6332792050678,33.84706922730486],[-80.63358218794849,33.848618152056545],[-80.63398947421685,33.8499888258285],[-80.6341089600311,33.850332957749664],[-80.63436780778358,33.85147004033808],[-80.63506023100122,33.8543539469785],[-80.63543846665159,33.85592626021615],[-80.63590256058188,33.8579516921403],[-80.63630022140197,33.85950063365605],[-80.63679842795686,33.861585129320716],[-80.63713036264085,33.86303778971164],[-80.63797269222154,33.864040733276425],[-80.63879493187918,33.864952656270134],[-80.63897206528016,33.86676402615061],[-80.63921120130038,33.86893052532111],[-80.63949673710164,33.87119696165407],[-80.64032478885917,33.87214993621754],[-80.64176317308875,33.87383459387879],[-80.64304167067246,33.87540520517163],[-80.64429016093243,33.87685056082328],[-80.64567000824313,33.87835897567408],[-80.64624964707853,33.88000215686445],[-80.64707056082281,33.88199733524216],[-80.6477701220537,33.88375337683269],[-80.64849466812758,33.885559387821985],[-80.64919423025677,33.887361830325894],[-80.64991877633064,33.88911787186373],[-80.65061119864994,33.89082751529791],[-80.6513464517437,33.89264423283617],[-80.65212096660525,33.8946215649681],[-80.65296329618592,33.89675594231881],[-80.65375922598554,33.898683305072524],[-80.65369498027304,33.900467900723676],[-80.65367992630551,33.90175694316993],[-80.65368562791262,33.90216467732912],[-80.65577632468406,33.903066276635506],[-80.65769889905513,33.90390997672772],[-80.65959694941895,33.90471288720981],[-80.66118804455186,33.905405743995395],[-80.662948563744,33.90615369197073],[-80.66458101371934,33.906856754101604],[-80.66440969331656,33.90884479431339],[-80.66427447710336,33.91098932367859],[-80.66420624915922,33.91246038523303],[-80.66410988059049,33.91409507363212],[-80.66398852897538,33.915765456072975],[-80.6638850223934,33.917917678093445],[-80.66378151581141,33.91925612488641],[-80.66369942416749,33.92061955618653],[-80.66281069480577,33.92197584913892],[-80.66182916767856,33.92353558625043],[-80.66071201111313,33.92517384504993],[-80.65982036043012,33.92640745029186],[-80.65917368930822,33.92759375728705],[-80.65910944359574,33.92932838419906],[-80.65904162887662,33.931441345054424],[-80.65898809108232,33.933043911796304],[-80.65894169219956,33.93553520831607],[-80.65887744558877,33.93741974128668],[-80.65875966298029,33.93948987210684],[-80.6589202772615,33.94111742327343],[-80.65865258739167,33.94273426703491],[-80.6588667385689,33.94417621964802],[-80.65884889263747,33.94580734095624],[-80.65888458539865,33.94735636980474],[-80.65894169219956,33.94848780365],[-80.65903449086336,33.95016532405003],[-80.65916298228834,33.95231397714055],[-80.65927005697864,33.95377734603671],[-80.65938784138375,33.95539062008512],[-80.65952703893029,33.95743576696203],[-80.6595989858997,33.95910134367952],[-80.66048715201772,33.96020189030822],[-80.6619790740416,33.96217208389332],[-80.66320687610057,33.96379963493904],[-80.66299629303167,33.96547358573004],[-80.6627036201155,33.9678827901855],[-80.66245020717045,33.97020990287794],[-80.66221464015688,33.972115852138195],[-80.66200762699292,33.97386832484456],[-80.6617934758157,33.975827811314566],[-80.66155790880211,33.97754459223104],[-80.66129378883723,33.97962186132862],[-80.66106892974183,33.98154922477434],[-80.66097970008467,33.98313751528994],[-80.66090474735229,33.984754359057604],[-80.66079053285213,33.98663889172654],[-80.66071558011976,33.987998753790954],[-80.6606299185709,33.98976550365541],[-80.66050856695581,33.99168215909868],[-80.66042647621018,33.99298491422815],[-80.66034795267458,33.99466243366902],[-80.6612116980916,33.996604074321596],[-80.66216467226751,33.99873131270776],[-80.66308552268885,34.000787166850714],[-80.66387074457027,34.002607454933596],[-80.66455246076804,34.00410294566916],[-80.66522703805423,34.005626991194255],[-80.66594444611485,34.00728309514819],[-80.66665828427054,34.00886067824911],[-80.66738996835767,34.01047395268373],[-80.66833223461539,34.012608328689964],[-80.6690781956273,34.01431083398463],[-80.66977692771319,34.015958023283716],[-80.67076642289695,34.01803350001713],[-80.67143029316327,34.019568253287716],[-80.67210486955115,34.02113512781593],[-80.67285832880077,34.02290922277188],[-80.67377525178767,34.025021977300725],[-80.6750486011265,34.02781572272249],[-80.6758987667114,34.029762326672305],[-80.6765352230902,34.031191486122125],[-80.67709244806093,34.03244738682868],[-80.67787532983104,34.03422668415236],[-80.67880230137273,34.03632634173626],[-80.67978460913591,34.03850954492567],[-80.6805892301359,34.04033449468576],[-80.68132656732111,34.042000184866026],[-80.68200937676856,34.04363174197679],[-80.68347793630684,34.04567860991919],[-80.68490491642386,34.04748667532657],[-80.68649205986786,34.049651279931986],[-80.6876661579442,34.05126185872245],[-80.6890355497633,34.05304753423342],[-80.69079328327975,34.055362337269685],[-80.69227307804728,34.05730027132304],[-80.69375278298328,34.059236150938595],[-80.69471541764173,34.0605305583452],[-80.69578611962888,34.061880165207505],[-80.6969250280006,34.063347955669414],[-80.69803792655158,34.06487995878761],[-80.69913162541,34.06629423792812],[-80.70053348144515,34.06821633306161],[-80.70265714908247,34.06839479217332],[-80.70420728642833,34.06980583374691],[-80.70583638119606,34.07126765531867],[-80.7078330665781,34.07308527677093],[-80.70911056074362,34.07424233776528],[-80.71059484708759,34.075574686943916],[-80.71220094498405,34.07711803093744],[-80.71459971628725,34.07813627063182],[-80.71683077212688,34.079110674717796],[-80.71950523639077,34.08026393398492],[-80.72296330107699,34.081788293698665],[-80.72470261913008,34.08253238487381],[-80.72672463700313,34.08341537535862],[-80.72857426817312,34.08418035710287],[-80.73103744868219,34.085853071916475],[-80.73248490409948,34.086814070057954],[-80.73466547462016,34.0882754478124],[-80.73615434237205,34.08928217235266],[-80.73849112992063,34.09084245080432],[-80.74067628184926,34.09229245133362],[-80.74310721283962,34.092480739047296],[-80.74558647319225,34.09266344691426],[-80.74762214455927,34.092806131366764],[-80.75012431284999,34.09407912194768],[-80.75184764089104,34.09494674124477],[-80.75454395397927,34.09635482685016],[-80.75655104005564,34.09732519103031],[-80.75870394156725,34.0984096907657],[-80.76007333428467,34.09909464572316],[-80.76194288829103,34.10007392487775],[-80.76477325696911,34.101508740089244],[-80.76666849740272,34.102472422046105],[-80.76792128430468,34.10309702977744],[-80.76953223490032,34.10387147810959],[-80.7714605575909,34.10483725526702],[-80.77374620405035,34.106023767035275],[-80.7759091343538,34.10711237113314],[-80.77796903238573,34.10811608465322],[-80.78081651217332,34.10953395565809],[-80.78239646909503,34.11040483783904],[-80.7847821438597,34.1116559508706],[-80.78740906927874,34.11315144288391],[-80.78799476994567,34.11475145384227],[-80.78845551585489,34.11615627294988],[-80.78951858216213,34.11725964535083],[-80.78970058083868,34.11904958089616],[-80.78989831081249,34.120921969291345],[-80.79080336974947,34.12209940583653],[-80.7927664258005,34.123173732343844],[-80.79452354576759,34.12410824409008],[-80.79612362495166,34.125036683361586],[-80.7982475117779,34.12621058316875],[-80.80053318518684,34.12749058170741],[-80.80268168585187,34.128677461309834],[-80.80428520109189,34.1295810796319],[-80.80618658600204,34.130704727051224],[-80.80791050513456,34.13127579720695],[-80.80997223303471,34.13194235389212],[-80.81231638676863,34.13274043278401],[-80.81438394922654,34.13344912766134],[-80.8164942705937,34.13417655427786],[-80.81873994471795,34.13494327731245],[-80.820199822039,34.13608524793349],[-80.82183754063348,34.13733528136017],[-80.82344660297038,34.13856514690418],[-80.82528437637863,34.13998258173122],[-80.82649566470774,34.140904972257935],[-80.82804750436107,34.14210935927396],[-80.82967866525397,34.14194742574677],[-80.83211211242543,34.141730921826685],[-80.83427255439554,34.141547930343954],[-80.8355538933505,34.1417942048887],[-80.83724068331568,34.142012927963535],[-80.83845564575431,34.142236784255566],[-80.8399761216278,34.143728705728584],[-80.84178213330253,34.14544191791335],[-80.84376272177298,34.147292581180835],[-80.84632813056136,34.146670466280874],[-80.84842439778588,34.146198586874306],[-80.8511548297869,34.14553114788576],[-80.85285933632613,34.14605082770626],[-80.8543849478681,34.147979612925766],[-80.85529250861313,34.14922826232067],[-80.85754350705207,34.14861337222031],[-80.85953956361338,34.14804397598138],[-80.86241205968501,34.14730860535619],[-80.86454094204255,34.146673504755945],[-80.86648093834025,34.14668042775043],[-80.86715194572152,34.14646627634141],[-80.86699847125016,34.146127202724465],[-80.86703505514011,34.145782180837536]],[[-80.62479769124418,33.83391683088055],[-80.62479801194274,33.83386015026181],[-80.62480115604623,33.83333908303569],[-80.62482361392833,33.83130799034725],[-80.62475597617733,33.828202481019915],[-80.62477214675077,33.82670345533493],[-80.62446837694586,33.826703639659456],[-80.6239993072472,33.82624299505992]],[[-80.59190061209024,33.19944735015757],[-80.59233683219558,33.20006664674371],[-80.59358702655966,33.200814440238716],[-80.60287898426293,33.21451756375559],[-80.60766645855158,33.22152270003433],[-80.61233496176065,33.228499276286286],[-80.62114372555405,33.241405470142915],[-80.62213834113496,33.24287121819798],[-80.62252381361326,33.24564567001216],[-80.62571704956382,33.268431389227764],[-80.6270543077469,33.27781122178834],[-80.62703051317166,33.28120909199424],[-80.62697340637072,33.303238141321515],[-80.62696864709636,33.30685967676882],[-80.62690202174669,33.334737441199316],[-80.62949087566567,33.348695359334975],[-80.63216539023522,33.362734176955236],[-80.63577265341202,33.38184600700887],[-80.63681009797072,33.387366356162076],[-80.64001285157171,33.40424625098383],[-80.64255411723852,33.417761584109314],[-80.64441961355476,33.42760779615502],[-80.64644215604392,33.43830109200933],[-80.64429588230247,33.44535857366579],[-80.64071241370091,33.457289188173604],[-80.64078855580271,33.458969088213415],[-80.64130727898036,33.483544158163475],[-80.64185455510933,33.50986099487593],[-80.64128348440511,33.51214052132308],[-80.63859945218515,33.52567013314031],[-80.6361295720407,33.53809567505708],[-80.63444015360498,33.54630006018981],[-80.64007947692139,33.551620533732496],[-80.64273971366781,33.55426173295043],[-80.64048874397494,33.555932115157475],[-80.63702424914791,33.55850669095179],[-80.63634372321792,33.560143761988556],[-80.63292681664306,33.56802453614798],[-80.63285067543958,33.57031357603191],[-80.63162763175669,33.59896228406477],[-80.6313896851059,33.60525357935971],[-80.63102800720286,33.6136245218714],[-80.63146582810602,33.61655601637346],[-80.63486845685773,33.642068596139076],[-80.63677678484672,33.656283494066514],[-80.63903727308832,33.67383439671052],[-80.63960358541647,33.67806983712015],[-80.64085518115239,33.68790176767569],[-80.64319657077016,33.691989680974665],[-80.64840283155944,33.70102211522383],[-80.65138667560717,33.70615223398029],[-80.65094409632795,33.708569762161254],[-80.64836951933377,33.723093993644554],[-80.64678003937173,33.73242623906419],[-80.64549037123746,33.74004527436471],[-80.64431491760335,33.74663161932175],[-80.64197828725995,33.75468847568225],[-80.64343451742093,33.75660631921249],[-80.64293958881854,33.75841946775473],[-80.63418793182605,33.78984738729461],[-80.63068536460064,33.80231576131123],[-80.6312802298801,33.806622586220705],[-80.62826783288106,33.81043448069114],[-80.6251507390323,33.8144557700225],[-80.62783952962833,33.82590573395408],[-80.62490803400546,33.82587242090003],[-80.62446069455355,33.82586766199787],[-80.6239993072472,33.82624299505992]],[[-80.59190061209024,33.19944735015757],[-80.59115556376666,33.19861479873826],[-80.59004667260014,33.197333329187956],[-80.59042819967773,33.19662402269409],[-80.59087367422713,33.19581736203241],[-80.59107806970036,33.19544594082226],[-80.59123155495146,33.19516703222423],[-80.59143188734467,33.19480299318078],[-80.59188850100361,33.193427630373115],[-80.59228034613052,33.192292954831416],[-80.59292030593893,33.1903962833501],[-80.59185750912629,33.18945492365654],[-80.59193135064264,33.18807233494962],[-80.59196961887375,33.186688972627834],[-80.5920197448666,33.18538693364763],[-80.59207570990881,33.1840306687019],[-80.59214353271277,33.18217862821762],[-80.59221126568518,33.180395643298326],[-80.59226723072737,33.17825495923857],[-80.59280945383287,33.17629437465664],[-80.5933486226664,33.17415366635008],[-80.59384952326883,33.17219532095731],[-80.59431512008058,33.170382581223265],[-80.59521083025038,33.166976336750885],[-80.59599766460775,33.163875943685696],[-80.59640136659812,33.16233187433027],[-80.59678431930205,33.160854328797505],[-80.5971762542605,33.15932246277261],[-80.597565134947,33.157810348646436],[-80.59795706990546,33.15629339530732],[-80.59834011244092,33.154820637210214],[-80.59871722429888,33.15336763404319],[-80.59912982140719,33.15172966825514],[-80.59967491822329,33.14958587664598],[-80.60012281822397,33.14786382786927],[-80.60053819921131,33.14626517066039],[-80.60097433128176,33.14458269370093],[-80.60147235727527,33.14261624210363],[-80.60190255956654,33.14096573899688],[-80.60233860270375,33.13925344930911],[-80.60286600360706,33.137200674277146],[-80.60306938218739,33.136411067942745],[-80.6035967830907,33.13441005508171],[-80.60400937930068,33.13279633335031],[-80.60442476028807,33.1311949936287],[-80.60493149993984,33.129223352198245],[-80.60542368688402,33.12734796035336],[-80.6058656580038,33.12560832162703],[-80.60632236059593,33.12383893135036],[-80.60675256468382,33.12211156233223],[-80.6071768389925,33.120514842830865],[-80.60764836468512,33.11863196694013],[-80.60812860403603,33.116830384230646],[-80.60857353959625,33.11508068137605],[-80.60908036907954,33.113069173628055],[-80.60945451739539,33.111652575032394],[-80.60999377606045,33.10956454103844],[-80.61049764110331,33.107585038991196],[-80.61098973821593,33.10564018201577],[-80.61147887088813,33.10376676983454],[-80.61196207467948,33.101883459711246],[-80.61244824291123,33.10001734229117],[-80.6129255178217,33.09813643524084],[-80.6134029723952,33.09626286310259],[-80.61387431842478,33.09446082169824],[-80.61433991523653,33.09265385071143],[-80.61482617329983,33.09071348080782],[-80.61535357420314,33.0887410797254],[-80.61583677799447,33.08684758872626],[-80.61605479911393,33.08597857691387],[-80.61662352341862,33.08381082692649],[-80.61715981674492,33.081675389284115],[-80.61778154075306,33.07929278528936],[-80.61822054743241,33.07758425973516],[-80.61874210928637,33.07558183228146],[-80.61922531307769,33.07369295015687],[-80.61978514316276,33.0715571923547],[-80.62044809984245,33.06908548168236],[-80.61977921428188,33.068295339891925],[-80.62043015599464,33.06474669710714],[-80.6203929908947,33.06433632909527]],[[-81.55813529420666,33.23864785064866],[-81.55763985895445,33.23939365775781],[-81.55389815570884,33.237400860252514],[-81.55031706674446,33.23549729103636],[-81.54409477723284,33.23371864389994],[-81.53175727110332,33.23023868231319],[-81.52750993403204,33.23136297670377],[-81.51411951704956,33.23474181199114],[-81.50234713298043,33.23769829189905],[-81.49015834384448,33.24074995081672],[-81.48558977910908,33.23885827992826],[-81.4725562816536,33.233320083953984],[-81.46989128473449,33.231000110117776],[-81.46646486140752,33.23000668531054],[-81.4590171476775,33.227811632358666],[-81.45081395708175,33.22542622183507],[-81.44572190989433,33.225842628021994],[-81.44362203593393,33.226015138908636],[-81.44043950700323,33.22334419423144],[-81.42913111804971,33.222005747351545],[-81.41451527864542,33.22036391892813],[-81.40468810469588,33.219132548057274],[-81.40174947105977,33.2177405626905],[-81.40082743037068,33.21730631119837],[-81.39942354773625,33.21743718170709],[-81.39796800568475,33.21846808702461],[-81.39781333555577,33.21842125080857],[-81.39701624064124,33.21817987878938],[-81.39502323835187,33.217580237283094],[-81.39292522300582,33.2169394828375],[-81.39064502932014,33.216247845299236],[-81.38865328467217,33.21565465307747],[-81.38666306716023,33.21504792970581],[-81.38377031228228,33.21418108884246],[-81.38151904434876,33.213501528903215],[-81.37933703742195,33.21283744598789],[-81.37746602455157,33.21227602293319],[-81.37565331503804,33.211728274987884],[-81.3736239309797,33.21111618815678],[-81.37170863296242,33.21055475406017],[-81.36967224204486,33.209915376198836],[-81.36753335335337,33.20925645210283],[-81.3653920392106,33.20861503467422],[-81.36353746730656,33.20804772273465],[-81.36161282681032,33.207462968921156],[-81.3591127264414,33.20669489110665],[-81.35698785057004,33.20603977606079],[-81.35538471711398,33.2055796292205],[-81.35275885170698,33.20438467926587],[-81.35142611115145,33.20380553832397],[-81.34943867841687,33.20291265408145],[-81.34791486620043,33.20222834636486],[-81.34619063984408,33.20145045096748],[-81.34430795067162,33.20091233182508],[-81.3428098302723,33.20048154774209],[-81.34104607804346,33.19996875496345],[-81.3389746528298,33.19937605525895],[-81.3369685351373,33.19880289394084],[-81.33467118362971,33.198138022983514],[-81.33260676527526,33.19755117263718],[-81.33119946455118,33.197135859350766],[-81.32935872670248,33.19661913734919],[-81.32753900943145,33.19609474408786],[-81.32573330587883,33.19559365163703],[-81.32446811863268,33.19455244436982],[-81.32248760292578,33.19298876737119],[-81.32183120933756,33.192469291321444],[-81.32137387163652,33.19210734895963],[-81.31967300057926,33.19076006030526],[-81.31673955291727,33.188426046986464],[-81.31507120177162,33.18711568897004],[-81.31351253492215,33.18588139272864],[-81.31168572096036,33.18444424204081],[-81.30974724640875,33.18290767583325],[-81.30793687161668,33.181472355205464],[-81.3064642633714,33.18031203718343],[-81.30485421288769,33.1790367447693],[-81.30359603339906,33.17805383517401],[-81.30206296763686,33.17683693075452],[-81.30043890343471,33.17555376813109],[-81.29898030890789,33.17437773225963],[-81.29756833694431,33.173898095172135],[-81.29566714157868,33.17323686990173],[-81.29379613140323,33.17257188007519],[-81.29131705071363,33.17170988213553],[-81.28923403723283,33.17097066628336],[-81.28717195359981,33.17025482782613],[-81.28490721183535,33.169447473181016],[-81.2832389514195,33.16887998195546],[-81.28150304606616,33.16787357268726],[-81.27993961814568,33.16697829185089],[-81.27817586591684,33.16597186075076],[-81.27644705815256,33.164988879832556],[-81.27461332716308,33.16394535291623],[-81.2727027003853,33.16286286015229],[-81.27093427691696,33.16184525212815],[-81.26825478208751,33.1603199459766],[-81.26651887763246,33.15933487122051],[-81.26469215440052,33.1582562321276],[-81.26232257744574,33.157316031251945],[-81.26101777359725,33.15678546231902],[-81.25917245523893,33.15602664164064],[-81.25690995836436,33.15510018037581],[-81.25422812791516,33.15399215836065],[-81.25190283880218,33.1530402537648],[-81.24958680233668,33.152090295022525],[-81.24759002712314,33.15127487610659],[-81.24558390943064,33.150439894925356],[-81.24354051165386,33.14962837164157],[-81.24149477825733,33.14882075186033],[-81.2394047579173,33.14798386700897],[-81.23721457542308,33.14712546320801],[-81.23527601103997,33.14633549564321],[-81.23325120838955,33.145531680738266],[-81.23127311813394,33.14473763795333],[-81.22916216704778,33.14390078936949],[-81.22693236884953,33.14300729464124],[-81.22499371463486,33.14223075390915],[-81.22297133743574,33.14145623719211],[-81.22141725199421,33.14086893278778],[-81.2198771802711,33.14028568628115],[-81.21925033586585,33.13881453994409],[-81.21852575475768,33.13715223074625],[-81.2178523776207,33.135581662260456],[-81.21577403537937,33.136038265124874],[-81.21361170065896,33.13649862672846],[-81.21130743212368,33.13701577767553],[-81.20890758284214,33.137554289955],[-81.20619547916786,33.13815124481399],[-81.20384764234129,33.13867748769452],[-81.2018725174244,33.13835118166025],[-81.19964891670331,33.138026979847865],[-81.19830952861469,33.137804626357955],[-81.19587168059664,33.13741513028761],[-81.19316343967807,33.136995091666066],[-81.19140750279222,33.13672384196666],[-81.18930095255263,33.13633434109994],[-81.18709208599883,33.13591016080476],[-81.18484414183185,33.135846973637335],[-81.18275690626919,33.135767387830775],[-81.18079166192213,33.13569193921594],[-81.1786849329178,33.13558173673127],[-81.17585748556104,33.13544927030464],[-81.17388963609966,33.13534313032454],[-81.17201925384657,33.13527384890665],[-81.17086734415776,33.13487418565691],[-81.16930382640575,33.134727273688625],[-81.16760870456629,33.13454372816458],[-81.16599164812166,33.1343703367601],[-81.16420894144034,33.134176633708414],[-81.16146171363845,33.13387272785567],[-81.15955971068738,33.13366473176327],[-81.15748963294665,33.133438380302074],[-81.15586035941416,33.133281385775234],[-81.1540605838441,33.13268582708027],[-81.1517445473786,33.131963883712366],[-81.14965731181594,33.13130512564181],[-81.14764319911743,33.13067908725046],[-81.1456584613287,33.13004273667951],[-81.14389273280622,33.12948793126236],[-81.14206861379029,33.12890679000864],[-81.13997410187383,33.12926367467656],[-81.13800158117296,33.129581740143664],[-81.13619686576716,33.12987347467481],[-81.1342047617931,33.129634851247054],[-81.13248044560524,33.12942473871963],[-81.13071965781683,33.12921266974752],[-81.1286739244203,33.12896584534342],[-81.12650880492252,33.128706831649524],[-81.124341349805,33.128449849131705],[-81.1219497650241,33.12816029227577],[-81.12017433469656,33.12786855129955],[-81.11823082957936,33.12754837318709],[-81.11661134678513,33.127277168773894],[-81.11478722776921,33.12697527025789],[-81.11291684641446,33.12666727626404],[-81.11075666675244,33.12630834905226],[-81.10880345983016,33.12597996503885],[-81.10665531759295,33.125606741763],[-81.10500663955199,33.12533545612062],[-81.10321908286645,33.12504378174251],[-81.10114406439165,33.1247031301203],[-81.09914944513478,33.124444179836125],[-81.09703795505948,33.1241647647015],[-81.09508232268594,33.12390363182269],[-81.09345062280387,33.12366702271611],[-81.09141216576116,33.12342635186839],[-81.08969521575861,33.123191774290135],[-81.08792463633361,33.122945081923355],[-81.08609081641092,33.12278385627814],[-81.08395731671283,33.12258606501453],[-81.08183612483244,33.122404448695164],[-81.07952251381818,33.122204626749316],[-81.07860899364955,33.12210927519993],[-81.07803696983282,33.12204956823525],[-81.07514367596575,33.12179662891692],[-81.07256218733376,33.12157024685688],[-81.07034101296226,33.12135402097443],[-81.0680931586268,33.12115825935177],[-81.06581368359333,33.120950157148876],[-81.06374836692362,33.120764550703],[-81.06170757426116,33.12058308184081],[-81.06013183942129,33.12047496775085],[-81.05812500307655,33.12031998066668],[-81.05648117593817,33.12020577286933],[-81.0548080637215,33.12008735093574],[-81.05309830024123,33.11994462671317],[-81.05094306221157,33.12007726926436],[-81.04890217971756,33.12017515171126],[-81.04595283097673,33.12031787480683],[-81.04396315155563,33.12042598909012],[-81.0423094438474,33.120458642286],[-81.0399374423397,33.12053207186924],[-81.0382740319281,33.120570894372555],[-81.0360115350535,33.12062385970234],[-81.033907321332,33.12066666891306],[-81.03167401970413,33.12072377290674],[-81.03002525183167,33.120764550703],[-81.02807456019221,33.120803372351226],[-81.02589488798681,33.12085024420203],[-81.02377118082362,33.12090539194953],[-81.02159141878671,33.12093187489376],[-81.01915123514893,33.12095226374594],[-81.01695207040018,33.120970545996805],[-81.01461896504597,33.12098694735444],[-81.01320151335914,33.12000376331213],[-81.01114841377728,33.119614188261686],[-81.00951428844395,33.11926538997552],[-81.00792642634774,33.11892885399159],[-81.00625573958234,33.11861067469793],[-81.00432687700427,33.11821289328386],[-81.00251731069595,33.11785799362904],[-81.00060075503728,33.11744598870962],[-80.99866210082261,33.117046169816575],[-80.99662858541225,33.11662385330335],[-80.99438558108103,33.11616692299623],[-80.99247378559505,33.11575694087363],[-80.99012846494959,33.115314377734],[-80.98822394671573,33.114918536899395],[-80.98631466741087,33.11453714132644],[-80.98422258094568,33.114063872758564],[-80.9824690704094,33.11366403771837],[-80.98052807967669,33.11323365402719],[-80.9787088115633,33.112827721312875],[-80.97690903689154,33.11244834671551],[-80.9751190538564,33.112030145723445],[-80.97329736029175,33.11164663078985],[-80.97141476095082,33.11120607928158],[-80.9692131698525,33.11073279276789],[-80.9667144160582,33.110159579349315],[-80.96443000029066,33.10964746063624],[-80.96221861755575,33.109170179209094],[-80.96028741935795,33.108725475995854],[-80.95838532657537,33.1083072572824],[-80.95640534985765,33.107842157811014],[-80.95357053631554,33.107738091373186],[-80.95121308841374,33.10762996072069],[-80.94909423125476,33.10752995812772],[-80.9472725376901,33.10743002991574],[-80.94503438515973,33.107527925703415],[-80.94242424027017,33.10762845728523],[-80.9407665790764,33.10741106837418],[-80.93893257859234,33.107166965344305],[-80.93660405644269,33.10685528999576],[-80.93416036757867,33.10655166507191],[-80.93203998508035,33.10628506120682],[-80.92928772671286,33.10596096673701],[-80.92709637640878,33.10565944568674],[-80.92498084391468,33.10536815670803],[-80.92232650191316,33.1050420278796],[-80.91982667014052,33.1047056631537],[-80.9179766796444,33.104481344038156],[-80.91708671869243,33.10437343587986],[-80.91433706543927,33.10372523164398],[-80.91153584888879,33.10308537472583],[-80.90922448366275,33.1025561342287],[-80.90765737264961,33.10219718373673],[-80.9052553674114,33.10164332969009],[-80.90303203708321,33.10113673229066],[-80.90119561114788,33.100718326200784],[-80.89953552540113,33.10033679297874],[-80.89751063202088,33.099879327194365],[-80.89532655807062,33.09937685709692],[-80.89305678484223,33.098861967130794],[-80.89100485307024,33.09836558686861],[-80.88944268279116,33.098068178794875],[-80.88712395137978,33.09760453024361],[-80.8846215135945,33.09708977965488],[-80.8825549401817,33.09668565527285],[-80.8805789160512,33.096306135724504],[-80.87864951358567,33.09592255065741],[-80.87675927856482,33.095541072627945],[-80.87398016057034,33.094980930236645],[-80.87220491080417,33.09463436715531],[-80.86988375394155,33.094215856359156],[-80.86785886056128,33.09385483981802],[-80.86566005513868,33.09344866706164],[-80.86392891175466,33.09314717834364],[-80.86191866181184,33.09278608290684],[-80.85975165585197,33.09239224786434],[-80.85757979898955,33.091996229258456],[-80.85543004068313,33.0916229361053],[-80.85327040090857,33.09121886034736],[-80.85106916913637,33.09082494302299],[-80.84886308556331,33.090422895664894],[-80.84666428014069,33.090033188698584],[-80.84416911960751,33.08957973421842],[-80.84150768091526,33.089095644657064],[-80.83840534908154,33.08854178332184],[-80.83615515912636,33.088133478635996],[-80.83332708294888,33.08761656594741],[-80.83082213077913,33.087152862273555],[-80.82854993209948,33.086750722859975],[-80.82654453305919,33.08638568736238],[-80.82473514641393,33.08606558385325],[-80.82304074412502,33.08575985493695],[-80.82058726542103,33.08531262475538],[-80.81904710386641,33.085060332340156],[-80.81656434008416,33.083997639689514],[-80.81513197636363,33.08338217797617],[-80.8132354531358,33.08259954013972],[-80.81158111570856,33.08300087133959],[-80.80896513176968,33.083583970657116],[-80.80672715890236,33.08405792873699],[-80.80501496997081,33.08502066696916],[-80.80312994517863,33.0860358539831],[-80.80135756912307,33.086979678371954],[-80.79980051924109,33.08782918692468],[-80.79813073079097,33.08741177194658],[-80.79595797561328,33.08689575819268],[-80.79434576917285,33.08650776669115],[-80.79230803078237,33.08601274671685],[-80.79041312542037,33.085558969687014],[-80.78820407740687,33.085030977709366],[-80.78583593865486,33.084459178015024],[-80.78336018173184,33.083869837309585],[-80.78122731175274,33.08335387728715],[-80.77906946860877,33.08282948494669],[-80.77690650506766,33.08230922925797],[-80.77481882034736,33.08179958268732],[-80.77242310331614,33.08122904231965],[-80.77001247425122,33.080645925883836],[-80.76798973772597,33.08015727091047],[-80.76605710222371,33.079678925342606],[-80.76435245914057,33.07927833169748],[-80.76238981990782,33.078804273341966],[-80.7607576708681,33.07844763532565],[-80.7591805885553,33.07792742823787],[-80.75718794559207,33.0773107942002],[-80.75501258530007,33.076633260309315],[-80.75295732976151,33.07599764662394],[-80.75081691393403,33.075334855701975],[-80.74872428758135,33.07466776985109],[-80.74666894310963,33.07402168013644],[-80.74440590724588,33.07331054689476],[-80.74220054322336,33.072630873687444],[-80.73985495218498,33.071898726755116],[-80.73751933244627,33.0711708653422],[-80.73539903888117,33.07049953080058],[-80.73342642834876,33.069931022703855],[-80.73200205963425,33.06932276471005],[-80.7303673045819,33.06866398864392],[-80.72825204158241,33.0677954747106],[-80.72681761263503,33.067214377868304],[-80.72676461113495,33.06719269901987],[-80.72502771943142,33.06648226114897],[-80.72325543320737,33.06573327497577],[-80.72079710360086,33.06551307228003],[-80.71833643837459,33.06529279375009],[-80.71612343867217,33.06511437225364],[-80.71438861219548,33.06495078125573],[-80.71231592934043,33.064755646082794],[-80.71009044305556,33.06455847781232],[-80.7084107731373,33.06440535025979],[-80.70672607265347,33.064258471024694],[-80.70450552710265,33.06404654591462],[-80.70223755140316,33.06381993981507],[-80.7003100353997,33.063647989813916],[-80.69835997258093,33.06345706770283],[-80.69629726102555,33.06325982123824],[-80.69427703978309,33.06307108230752],[-80.69202900578458,33.06284868892306],[-80.68984861492696,33.062643083649704],[-80.68741543814839,33.06238282196813],[-80.68498720210388,33.06216253635646],[-80.68273674265411,33.06192975119076],[-80.68058635642532,33.061747182130894],[-80.67856370883328,33.06153735899519],[-80.6765560640048,33.06134944377096],[-80.67447305142228,33.06115226787],[-80.67201004967798,33.06092015836829],[-80.66967407061314,33.060682251140335],[-80.66755233974358,33.06047633965688],[-80.66501091597328,33.060257555025196],[-80.66238514039782,33.05999593035695],[-80.6598206299247,33.059764270286834],[-80.6577041092838,33.05956046472442],[-80.65539561866666,33.05933956898981],[-80.65337881102228,33.059133655118345],[-80.65091428304031,33.05891486564369],[-80.64838813062983,33.05865745391798],[-80.64577250601704,33.058408623649434],[-80.64363047322207,33.05819412537036],[-80.64189007719062,33.05803752267754],[-80.63991944295184,33.05785095519506],[-80.63718865431964,33.057582773157556],[-80.63434773223362,33.05731037405851],[-80.6326330280193,33.0571173300739],[-80.63062134077204,33.058076146162655],[-80.62862007398206,33.05895988903418],[-80.62608116459626,33.060094557301575],[-80.62409517006444,33.06101268603737],[-80.622623549966,33.06173543671624],[-80.62082063119075,33.06253158572094],[-80.6203929908947,33.06433632909527]],[[-81.91026152763325,33.43316119378668],[-81.90991694736499,33.432827076351884],[-81.90687934813067,33.43148188091339],[-81.90534199291298,33.430704401096676],[-81.90268610221592,33.42997560270172],[-81.90074963270403,33.42933621084794],[-81.89888290659417,33.42883866282667],[-81.89766228207432,33.430038152214145],[-81.89614537610576,33.43166213418265],[-81.89473554482751,33.433143347884226],[-81.89326622800945,33.43469594716171],[-81.8918088075807,33.436242595727315],[-81.89019412897665,33.43624749314906],[-81.8885590163948,33.43627717903065],[-81.8870491720827,33.43630515271725],[-81.8849410506897,33.437225696822665],[-81.88319634274488,33.43805306519509],[-81.88120244303855,33.43896265829752],[-81.87897300416641,33.439979661238674],[-81.87680096674265,33.44096704295226],[-81.87487830343835,33.441828706374146],[-81.87308993737075,33.44163898432492],[-81.87130139074172,33.44145158411742],[-81.86930749103541,33.44123899768231],[-81.86757104669289,33.441051598110036],[-81.86565377328031,33.440841335216575],[-81.86304919704723,33.440562482112476],[-81.86108808495047,33.44034764392468],[-81.85881759306984,33.44009854876913],[-81.85653075185107,33.43984720481052],[-81.85427382542956,33.43959346135679],[-81.85199506904834,33.439358082023126],[-81.84969717765324,33.43911805366489],[-81.847516967357,33.43887810110397],[-81.84483019617372,33.438583274712535],[-81.84213525032136,33.43829759275571],[-81.83959068244758,33.43802787694087],[-81.83712849008532,33.437749089757475],[-81.83469091066355,33.437486194646866],[-81.83228890632365,33.43721880017903],[-81.82967885126565,33.43693993618196],[-81.82763832809779,33.43672516473792],[-81.82554579157663,33.436496599360666],[-81.82309734433656,33.436233774670065],[-81.82094183591398,33.43599823704288],[-81.81821113711331,33.43570347583103],[-81.81557628855349,33.435410888355044],[-81.81276078878999,33.43510915337141],[-81.80875581987733,33.43468358081886],[-81.80860261220562,33.4346634270347],[-81.80857256086443,33.434659474091724],[-81.80828833390854,33.43486975271553],[-81.80829738533333,33.434740677684395],[-81.80832193090015,33.43439064730957],[-81.80832682043024,33.43404271682737],[-81.8083331598412,33.43359158066709],[-81.80836675683284,33.43151295534151],[-81.80734330622964,33.43062495025605],[-81.80609024623982,33.42950557690577],[-81.80436251555555,33.42797257304376],[-81.80318365730652,33.4269208663555],[-81.80162966169652,33.42553274096421],[-81.80038630441008,33.42443437129911],[-81.79894980843925,33.42314892213212],[-81.7971829112086,33.42157606819189],[-81.79563735976227,33.420201878265836],[-81.79423446078306,33.418951458251065],[-81.79240036956915,33.417308346348456],[-81.7909694440514,33.41602054222255],[-81.78950213586633,33.414728070806234],[-81.787575608908,33.41300314599466],[-81.78613920276868,33.41175494612156],[-81.78500795433139,33.41013989313625],[-81.7842071062556,33.4086742616762],[-81.78306741365465,33.4066873523437],[-81.78237301594002,33.40541109007601],[-81.78138450980138,33.40428434315907],[-81.78032054517887,33.4030267938534],[-81.77923403284271,33.40175047781058],[-81.77802993103589,33.40033142694076],[-81.77694476617266,33.39904607172773],[-81.77548455467834,33.3973202362767],[-81.7743756742916,33.39601106106111],[-81.77286632495124,33.39422966413081],[-81.77163716014798,33.39278243974406],[-81.77043305834115,33.39136339168476],[-81.76943907158096,33.39018748567953],[-81.76818457518499,33.38870516572162],[-81.7666668724108,33.3868978916692],[-81.76532847157067,33.38525882475447],[-81.76382190700767,33.38336964317635],[-81.76269622812515,33.381983147104],[-81.76159300712472,33.38060353006385],[-81.76047011301957,33.3792263673337],[-81.75930526759065,33.377757963283344],[-81.75782125074127,33.37592705730668],[-81.75638754044614,33.37414517304964],[-81.75506863304767,33.372487260188436],[-81.7540376365961,33.371147779301914],[-81.75293252913357,33.36972995434199],[-81.75201930181574,33.368544151344175],[-81.75106313502732,33.36729606314101],[-81.75024728508629,33.36622494070899],[-81.74871287274946,33.365906985038706],[-81.7465714687752,33.365447829641916],[-81.744882456378,33.36508207972152],[-81.74240328585688,33.364551270692026],[-81.74065121172673,33.36417358928026],[-81.73871884571906,33.363776622065075],[-81.73783131021835,33.3623850868752],[-81.7369954278465,33.36113218273221],[-81.7362253021534,33.35981706193612],[-81.73500000010587,33.358836635196326],[-81.73377766160046,33.35777988982128],[-81.7323433215863,33.356541175675645],[-81.73116670912546,33.355029995743465],[-81.72988714883478,33.35342544429907],[-81.72878204137224,33.35205753033248],[-81.72756257837405,33.350534340716216],[-81.72652906663967,33.34922626282269],[-81.72559868060159,33.348085580646234],[-81.72449069942847,33.346665053627866],[-81.72196005544158,33.34597864486667],[-81.72062318263576,33.345617540807716],[-81.71898276909543,33.345148823704704],[-81.71742823359796,33.34472798173538],[-81.7153785494108,33.344168381836525],[-81.7129766331058,33.343503491134605],[-81.7109755459789,33.34294148193093],[-81.70818430072809,33.34217617100314],[-81.70590266973795,33.341535129746845],[-81.70365256961428,33.34160935028837],[-81.70137947261935,33.34166916194264],[-81.69907205998055,33.34171936767842],[-81.69710241388859,33.34177917925712],[-81.69498400678557,33.34183658932859],[-81.69375583012915,33.34186525682721],[-81.69149144679247,33.34192026462748],[-81.689143969292,33.341989533326405],[-81.68703975557047,33.34204228967894],[-81.68461780773298,33.342094822363656],[-81.68264825057422,33.34214983001893],[-81.68096498829314,33.3422000347272],[-81.67910987739991,33.34224783870206],[-81.67680533937003,33.34231485502774],[-81.67483003389178,33.342379469100145],[-81.67356754159147,33.34089663535732],[-81.67208451288893,33.339232085191426],[-81.67070470061252,33.33766544275309],[-81.66946511535195,33.33625195136136],[-81.66815114958588,33.33476676098421],[-81.66683134477046,33.33328612427957],[-81.66554882003932,33.333391423838336],[-81.66488479975433,33.33345278422673],[-81.6643321418185,33.333503853305096],[-81.66253712821778,33.33228168167742],[-81.6608080509589,33.3311335722618],[-81.65939095859821,33.33018397069248],[-81.65795670841558,33.32920568711713],[-81.65618756629505,33.32887318528818],[-81.65399172441452,33.32845219036762],[-81.6508627126169,33.32784227068817],[-81.64868411838984,33.327426075264306],[-81.64647983234566,33.32699546434935],[-81.64388612662583,33.32650037637103],[-81.64143848697118,33.32601714497364],[-81.63970365959618,33.325689434799884],[-81.63787145664101,33.325330649292894],[-81.63499145784012,33.32476844702121],[-81.63240583695784,33.32426696620864],[-81.63015645458809,33.32384804999922],[-81.62884374736173,33.32267115564603],[-81.62759715524196,33.321562853270166],[-81.62636646330272,33.320477356326364],[-81.6248235169707,33.3191119266956],[-81.62337183857325,33.31783025068029],[-81.62181074717083,33.316440083813305],[-81.62015380462927,33.31497557578707],[-81.61858363934415,33.31358716432756],[-81.61696783964261,33.31215496414764],[-81.61512413735348,33.31052274674736],[-81.61381825642495,33.3093628643714],[-81.61231645293296,33.30804485891293],[-81.61083962260587,33.30673824509302],[-81.60909617230244,33.305185958826],[-81.60718401838868,33.30348123498335],[-81.60556821868714,33.30207364523263],[-81.60406641519512,33.30074404217906],[-81.60279700586715,33.2996050527525],[-81.60138638137649,33.2983725698522],[-81.59993910562225,33.29710583108371],[-81.59843496740883,33.295766767368164],[-81.59652065664007,33.2940732718937],[-81.59507571740386,33.292793180111175],[-81.5935442686092,33.29144053264015],[-81.59131536872623,33.28947264801724],[-81.58921870085308,33.287609546727545],[-81.5877510333419,33.286317946635904],[-81.5863152560233,33.28503383615089],[-81.58532612106396,33.284159354356454],[-81.5836442053575,33.282675228911025],[-81.58175343134748,33.28097577263653],[-81.5802880985577,33.280161478790866],[-81.57810465432644,33.278886965630335],[-81.57581484866722,33.277580666082805],[-81.57391967291231,33.27650806493661],[-81.57274952742321,33.275823431800156],[-81.57105835906933,33.274844538281585],[-81.57095424432791,33.27317534705994],[-81.57083503788971,33.27162373967354],[-81.57066372916502,33.269331692317664],[-81.57053257513354,33.26770122665224],[-81.57034725269042,33.26517007085756],[-81.57023253782864,33.26360667869164],[-81.57009814986213,33.26196033433818],[-81.56997310437458,33.26030103674895],[-81.569857401366,33.258793295242754],[-81.56970154366421,33.256692464354565],[-81.5694795699575,33.253825646730704],[-81.56942315575765,33.253140686279025],[-81.56925121821227,33.2508670836689],[-81.56912437609417,33.24924048112408],[-81.56894498343023,33.24694679388193],[-81.56881778108769,33.24527782079839],[-81.56713496706594,33.24437634420608],[-81.56573377488576,33.24364788437449],[-81.5639962525649,33.24272009433249],[-81.56185260370074,33.24160792127196],[-81.5598969713272,33.240542992726624],[-81.55791762343017,33.2395049491435],[-81.55819887965743,33.23912308785586],[-81.55813529420666,33.23864785064866]],[[-81.80386459017336,33.583624362024324],[-81.80363863872655,33.58428609709528],[-81.80223043609392,33.58438172276331],[-81.80077094864171,33.58380944668595],[-81.79870644764227,33.58391789462729],[-81.79406649918111,33.58435214676879],[-81.78999167188209,33.58099710680795],[-81.78601797242617,33.57782052565611],[-81.78648196664345,33.5754470139784],[-81.78870081437837,33.562365927058565],[-81.79016418255262,33.55462078128027],[-81.7903069509024,33.55345484590063],[-81.79171678128235,33.54502560495624],[-81.79376311834675,33.53326511863968],[-81.79386424529154,33.53214677204918],[-81.79422711256404,33.52586499492882],[-81.79442341780982,33.523663993787174],[-81.79505397495214,33.51398553600295],[-81.79579160768307,33.503539701894454],[-81.79679693028383,33.48945329318238],[-81.79776656102173,33.48533682610667],[-81.79894439429304,33.4809348226833],[-81.80028878869274,33.4756762141281],[-81.80293593968041,33.46561704272523],[-81.80680256444606,33.45087033289635],[-81.80827782990791,33.44533808580645],[-81.80882510603688,33.44349400423626],[-81.80874182502352,33.439835582817466],[-81.80875053688514,33.43473330106297],[-81.81275548333991,33.435158871122745],[-81.81557086632242,33.43546059318945],[-81.81820569511933,33.435753178998525],[-81.82093643703914,33.43604794528909],[-81.82309195983473,33.43628348428061],[-81.82554040887146,33.43654630807099],[-81.82763299659655,33.43677488006406],[-81.82967357815494,33.43698965663255],[-81.83228348409261,33.43726850472746],[-81.83468546417798,33.43753589829254],[-81.83712299688736,33.43779878725545],[-81.83958523416537,33.438077580276236],[-81.84212997900728,33.438347313927615],[-81.84482483412981,33.438632986725224],[-81.84751150470177,33.43892780170341],[-81.84969184615203,33.43916776911928],[-81.85198990283713,33.43940781383154],[-81.85426846338564,33.43964317279071],[-81.85652522811039,33.439896898857945],[-81.85881213490619,33.44014825016871],[-81.86108263576996,33.44039734593118],[-81.86304381344372,33.44061219074236],[-81.86564838608355,33.44089104368669],[-81.86756563883489,33.44110130496045],[-81.86930215773756,33.44128871267099],[-81.87129613469901,33.441501307229814],[-81.87308469390442,33.44168870807953],[-81.87488644217484,33.441879849752816],[-81.87682153726433,33.4410126157938],[-81.87899372560508,33.44002516488508],[-81.88122319501993,33.439008148234514],[-81.88321743159449,33.43809840118564],[-81.88496177212834,33.437271207910456],[-81.88706005517237,33.436354959740484],[-81.8885599326764,33.43632717123175],[-81.89019465898267,33.43629749211404],[-81.89183045518241,33.436292530975365],[-81.89330258103236,33.4347302761982],[-81.89477181161217,33.433177768244974],[-81.89618175517982,33.43169643593132],[-81.89769809071817,33.430073064108186],[-81.89889760123559,33.428894324849715],[-81.90073534410114,33.42938414836339],[-81.90267163933984,33.43002348213731],[-81.90532391431789,33.43075128828895],[-81.90685792870102,33.43152707864671],[-81.90988854533065,33.432869181734134],[-81.91026152763325,33.43316119378668]],[[-81.80606625673015,33.583884019861436],[-81.80550425541705,33.58415940976013],[-81.80454822427424,33.5842243309996],[-81.80450704460331,33.58381471892653],[-81.80386459017336,33.583624362024324]],[[-81.69755015309082,33.87224798566776],[-81.69672742295303,33.872347440941056],[-81.69614705558395,33.872476948025486],[-81.6942732300884,33.86872929668713],[-81.69601618542008,33.86279849019182],[-81.69742006715622,33.85751608707064],[-81.69912733062503,33.85154958797023],[-81.70019213966393,33.847718655749105],[-81.70081674816244,33.84545221920888],[-81.70224442537213,33.840324481002185],[-81.70545669662357,33.837647587280614],[-81.71325538033847,33.83107432615248],[-81.71377291324838,33.82517921165823],[-81.71429044615829,33.819706451088955],[-81.71483772228724,33.81406117980552],[-81.71532551197812,33.808695494713426],[-81.71580140438135,33.80217577197687],[-81.71615832301002,33.7967803439414],[-81.71653903711227,33.791200507954144],[-81.71694354489146,33.7854303148774],[-81.71720528611748,33.78222993983038],[-81.71628324542839,33.77634672335635],[-81.71528387057312,33.77003520273941],[-81.71449270004788,33.76516920467524],[-81.7154742280734,33.75948229307199],[-81.7164498065568,33.753313540351485],[-81.7175265128833,33.74715073613654],[-81.71864485971648,33.74011942912547],[-81.72003089641947,33.73236833476308],[-81.72129200980582,33.725473847232884],[-81.72185118322241,33.7223448550144],[-81.72755594072243,33.71318393081419],[-81.73090503167984,33.707883680810454],[-81.73460509441877,33.701911233779846],[-81.73807315915072,33.696331398117366],[-81.74159476077867,33.69074561298259],[-81.74493790399059,33.68536208337202],[-81.74845355697472,33.67969301723923],[-81.75211792695248,33.67391687469446],[-81.75640690632702,33.66702833585208],[-81.76130859511586,33.664589387746176],[-81.76108254665104,33.65787336005119],[-81.76828636508647,33.65222213999379],[-81.77101679618919,33.64636271701765],[-81.77238871766414,33.64362616195059],[-81.77460978244119,33.639022080176986],[-81.77658473488152,33.635143557838404],[-81.7758471021506,33.63067017211119],[-81.78023720757164,33.62761256418682],[-81.78461541570506,33.620759716154815],[-81.78717928478106,33.616649198190444],[-81.79128980394297,33.61031983063814],[-81.7934670111712,33.606988586022915],[-81.79456751207297,33.60531106577357],[-81.79786901387989,33.6014682359298],[-81.8032703896472,33.595168613101336],[-81.80453745257567,33.59377662921678],[-81.80466237499401,33.589225910236806],[-81.80488842435717,33.58447888470944],[-81.80533920166168,33.584460246040315],[-81.8056267380111,33.58448678814455],[-81.80606625673015,33.583884019861436]]]}",saved_route_preserved,station_anchored_hifld_path,C:\Users\sebas\PycharmProjects\Git\Project_secret_project\data\processed\dominion\reference\dominion_route_resolution_v3_tagged.csv,VCS2 - Ward; ,[],,,,,,,,,,,,,,,,"{""asset_key"": ""SC:scrtp_projects.pdf:54:06810 F:1"", ""project_key"": ""SC:scrtp_projects.pdf:54:06810 F"", ""project_id"": ""06810 F"", ""project_name"": ""VCS2-Ward 230kV: Rebuild Line"", ""state"": ""SC"", ""action_type"": ""rebuild"", ""asset_type"": ""line"", ""asset_name"": ""VCS2 - Ward"", ""asset_stage"": ""existing"", ""endpoint_a"": ""VCS2"", ""endpoint_b"": ""Ward"", ""voltage_kv"": ""230"", ""official_map_evidence"": """", ""route_status"": ""resolved"", ""route_method"": ""station_anchored_hifld_path"", ""route_length_km"": ""390.1700350649616"", ""route_hops"": ""12.0"", ""segment_count"": ""12"", ""segment_feature_ids"": ""[\""116653\"", \""127887\"", \""127629\"", \""137325\"", \""106326\"", \""167409\"", \""171942\"", \""105297\"", \""144345\"", \""125656\"", \""113773\"", \""107803\""]"", ""segment_names"": ""[\""V C SUMMER - UNKNOWN117343\"", \""UNKNOWN117343 - UNKNOWN117539\"", \""UNKNOWN117532 - UNKNOWN117539\"", \""UNKNOWN117532 - TAP142264\"", \""TAP142264 - WATEREE STATION\"", \""WATEREE STATION - UNKNOWN170117\"", \""CANADYS - UNKNOWN170117\"", \""UNKNOWN120783 - CANADYS\"", \""URQUHART - UNKNOWN120783\"", \""URQUHART - UNKNOWN153963\"", \""UNKNOWN117189 - UNKNOWN153963\"", \""UNKNOWN116730 - UNKNOWN117189\""]"", ""segment_owners"": ""[\""SCE&G\"", \""SOUTH CAROLINA ELECTRIC&GAS CO\"", \""SOUTH CAROLINA ELECTRIC&GAS COMPANY\""]"", ""source_files"": ""[\""C:\\\\Users\\\\sebas\\\\PycharmProjects\\\\Git\\\\Project_secret_project\\\\data\\\\raw\\\\public_gis\\\\SC\\\\netl_lines_0.json\"", \""C:\\\\Users\\\\sebas\\\\PycharmProjects\\\\Git\\\\Project_secret_project\\\\data\\\\raw\\\\public_gis\\\\SC\\\\netl_lines_2000.json\"", \""C:\\\\Users\\\\sebas\\\\PycharmProjects\\\\Git\\\\Project_secret_project\\\\data\\\\raw\\\\public_gis\\\\SC\\\\netl_lines_4000.json\""]"", ""endpoint_a_anchor"": ""V C Summer [HIFLD line-name cluster] [hifld_line_name_cluster]"", ""endpoint_b_anchor"": ""Ward Substation [osm]"", ""endpoint_a_snap_km"": ""0.0"", ""endpoint_b_snap_km"": ""0.0111886695048001"", ""geometry"": ""{\""type\"":\""MultiLineString\"",\""coordinates\"":[[[-81.31554913514717,34.29613620378007],[-81.31454370474859,34.29547566909531],[-81.31448927582551,34.29330413792667],[-81.31330227614507,34.29300513763412],[-81.31214520832987,34.29207779876597],[-81.31082222796991,34.291116496637855],[-81.30858553430353,34.28955556968018],[-81.30735773224457,34.28866089319764],[-81.30574921698165,34.287471163193956],[-81.3038551659175,34.28614818218743],[-81.30218954295533,34.28491086268731],[-81.30116161604708,34.28422557821839],[-81.3006952421926,34.283882934630725],[-81.29814445887536,34.28207454463072],[-81.29667494442795,34.281202132097874],[-81.29436193528493,34.279567320307336],[-81.29283772241986,34.278471458150165],[-81.29126541016122,34.277340558662914],[-81.28939273630586,34.27700249297803],[-81.28769738719265,34.27672409963761],[-81.28637748176591,34.27648673180761],[-81.28532646186663,34.275820845743674],[-81.28369140408203,34.274724858287165],[-81.28190333895002,34.27354708963542],[-81.27974054968209,34.272112368819144],[-81.27784900491757,34.27088464919597],[-81.27615353183684,34.269774560038734],[-81.27431506403087,34.26856795430105],[-81.27304096100552,34.26770427603238],[-81.27109613985644,34.266441035361105],[-81.26995052286617,34.2656951348583],[-81.26806935184653,34.26448504584851],[-81.26565996515166,34.262882356655375],[-81.26423967568685,34.261950960643894],[-81.26321500517152,34.26128688906332],[-81.26244028639239,34.26076207985591],[-81.26006345374508,34.25918823100822],[-81.2579004452882,34.25776050280838],[-81.25656662226275,34.2568700957393],[-81.25487989428133,34.25543709067138],[-81.25314483693761,34.25398407004554],[-81.25198769007068,34.2529554950759],[-81.2496313902158,34.25082054366806],[-81.24799320090412,34.249260874851515],[-81.24573059892666,34.24722667274714],[-81.24472749965622,34.246298539282876],[-81.24272154905037,34.24446391479641],[-81.2414654707212,34.243293478076296],[-81.2405485315646,34.24248000772882],[-81.23904212420676,34.24112709611467],[-81.23707533835068,34.239342353666665],[-81.2352085996644,34.23763623387496],[-81.23406583572348,34.23659346225323],[-81.23294479933433,34.23549725775652],[-81.2315656715742,34.234972551344285],[-81.2288954329854,34.23389802983437],[-81.22683864581931,34.23306603073657],[-81.22430705410979,34.231926992771584],[-81.22280441338795,34.23123813417563],[-81.22071293598053,34.23029589931575],[-81.21925406387429,34.229632451356636],[-81.21770262936116,34.22900830978602],[-81.21575396701591,34.22823741063145],[-81.21415145070247,34.22760211620047],[-81.21229882993921,34.226873917804035],[-81.20984307759923,34.225874483157405],[-81.20826566380809,34.2252428037252],[-81.20576747864736,34.224247099203275],[-81.20379031994469,34.22347979011011],[-81.20179484459337,34.22270159082998],[-81.1997212795927,34.221866454261644],[-81.19757985495717,34.22104557476609],[-81.19594831138195,34.22039581207004],[-81.19434227187595,34.21974625903305],[-81.19250079201885,34.21902180185723],[-81.19079488231115,34.21835085771691],[-81.18923983297734,34.21775166418864],[-81.18670279388394,34.216891711107515],[-81.18501801973825,34.21629561596851],[-81.18275855108449,34.21551747363567],[-81.18083054999077,34.214819585963376],[-81.17905291340091,34.21609034724656],[-81.17713641882767,34.21538160617577],[-81.17483785100117,34.214535703703774],[-81.17248537617279,34.21366468114871],[-81.170112018209,34.21274745889014],[-81.16768128305137,34.211865826688935],[-81.16604325813138,34.21122346434412],[-81.16406270020366,34.21052759296043],[-81.1621126840973,34.20979544409828],[-81.15858540242179,34.2083424038573],[-81.15653679621299,34.2074787048168],[-81.1548593514217,34.206797019759215],[-81.15301390909586,34.206026004269575],[-81.15091540416797,34.20515519613388],[-81.14847042981478,34.2041557898699],[-81.14668911462384,34.20340970811239],[-81.1443799421854,34.20243178903868],[-81.14244927219698,34.20163239992217],[-81.14026499343082,34.200736560232485],[-81.13866600659813,34.20007983302245],[-81.13663472978948,34.19924804526338],[-81.13434332063747,34.19825938399556],[-81.13240551982233,34.1974671341965],[-81.12986774500871,34.196407050225694],[-81.12820796468917,34.19572172178575],[-81.12690387500133,34.195169992096574],[-81.12577121261577,34.1943885978958],[-81.12396467722321,34.193064043218605],[-81.12231766915039,34.19197947390519],[-81.12160383099469,34.18960001284461],[-81.12124155840692,34.18824578003326],[-81.11912537732918,34.1866219548407],[-81.11764521694732,34.18547495007602],[-81.11554209378056,34.18383813008194],[-81.11359676328671,34.18238045935985],[-81.111980025744,34.18099779676117],[-81.11013864020998,34.18099779676117],[-81.10811875044588,34.17865542580339],[-81.10681857202279,34.17695759724115],[-81.1052910847985,34.17580960863661],[-81.10320177772081,34.174139115939695],[-81.10199827419194,34.17322102814552],[-81.10018946875667,34.17184840286578],[-81.09811383224095,34.17143468521767],[-81.09597573855851,34.1702782421834],[-81.09377500804621,34.16893654336415],[-81.09244303195702,34.16818017103029],[-81.09068712741049,34.16716659916377],[-81.08812698993619,34.16573425464541],[-81.0861468560133,34.164610908817004],[-81.08378794924747,34.16329715282732],[-81.0813070063503,34.161865007275104],[-81.07886246498508,34.160498907337036],[-81.0775437929452,34.159705063761216],[-81.07542057626218,34.158505400320664],[-81.07407872139979,34.15774406408852],[-81.07309468258305,34.15719764410265],[-81.07134302077962,34.156420313034175],[-81.06744784306267,34.15425485410393],[-81.06389768668679,34.152341767798426],[-81.05897220332271,34.14973387764726],[-81.05401816521069,34.147130748288475],[-81.04987790282972,34.14498923308019],[-81.0485070000443,34.14401600020602],[-81.0466270004278,34.14300199998581],[-81.04497700006677,34.14211800010169],[-81.04351900022465,34.14133300012422],[-81.0414949997698,34.140166999674605],[-81.03838813773211,34.13835413786744],[-81.03634713755882,34.13939813810533],[-81.03457213842262,34.14014713765286],[-81.03233513843075,34.14055813794665],[-81.02936713796969,34.14110813771577],[-81.02755813759998,34.14146213780127],[-81.02576213764907,34.14038813814534],[-81.02310013840807,34.138871138328994],[-81.01926313828388,34.136676137886084],[-81.01714513811768,34.135472138145815],[-81.01285013823407,34.13302713779317],[-81.01115213819247,34.13205113784983],[-81.01071513834945,34.1290351377925],[-81.01041113767754,34.126924138082174],[-81.01014113823909,34.12481813795536],[-81.00985213763578,34.12284613807715],[-81.0095371379915,34.12063913794634],[-81.00919813805781,34.11832213789599],[-81.00732838103217,34.1167735849874],[-81.00595727612583,34.11563913801801],[-81.00481527575289,34.11467813769374],[-81.00401927588469,34.114141138234764],[-81.00274827564033,34.11305113783924],[-81.00155327556396,34.11206613769221],[-81.00023527636225,34.11099013792153],[-80.99862627600909,34.1102921383505],[-80.99712727615909,34.1096241376385],[-80.99579627564029,34.10903913826075],[-80.99404166736272,34.10827880892736],[-80.99236413812979,34.10753013766785],[-80.99078627607933,34.106869138095384],[-80.98906127627353,34.10680913805073],[-80.98696927604661,34.10670213797699],[-80.98561813799408,34.10662613791195],[-80.98395927575275,34.10642313801027],[-80.9826812758357,34.105462137859426],[-80.9828572755628,34.10484413780292],[-80.9832738162752,34.103861191749964]],[[-80.9832738162752,34.103861191749964],[-80.98283747310067,34.10429033026258],[-80.98254004091011,34.10546816273021],[-80.98139195085787,34.10585482614131],[-80.98016057979227,34.106235538837616],[-80.9789470546581,34.10662814989362],[-80.97753127473602,34.10709809395368],[-80.97599652283604,34.107573985744864],[-80.97469971668852,34.107978494191556],[-80.97318280982167,34.108460335028674],[-80.97195143875607,34.10884104864457],[-80.97060704435637,34.10926340318994],[-80.96931153537611,34.10960364664444],[-80.96887666094706,34.11080438894892],[-80.9684893226679,34.11213660307007],[-80.96783497184866,34.113159771324725],[-80.96713897872608,34.114266220226746],[-80.96616340024269,34.115777177869845],[-80.96520566679241,34.11724054619615],[-80.96331399626375,34.117883000838184],[-80.96160673279493,34.118460020167],[-80.95962583081246,34.11892401514116],[-80.95809107891247,34.1192749861336],[-80.9565146856075,34.11963190516269],[-80.9551821875971,34.11994718309187],[-80.95434937566687,34.1208632761852],[-80.95329051617011,34.121856700765655],[-80.95227329718004,34.12277279325051],[-80.95114900080475,34.12376621770609],[-80.95003065486986,34.124795334943585],[-80.94916637675186,34.12554786529024],[-80.94783387874146,34.12484354519105],[-80.94643475627973,34.12402500984033],[-80.94513081211895,34.12335876106546],[-80.94438842011364,34.122987564678205],[-80.94405820839835,34.122957201895616],[-80.94405257596152,34.12230770836218]],[[-80.94405257596152,34.12230770836218],[-80.94333234719089,34.12273203923892],[-80.94248775116075,34.1223405760344],[-80.9411195729656,34.12210059570047],[-80.94001907296217,34.12330817176492],[-80.93871631817085,34.124735848829474],[-80.93734381818085,34.12609658479908],[-80.93644393174328,34.12715695035319],[-80.93471287369921,34.12753766383794],[-80.9324880782188,34.128001658821525],[-80.93060235633395,34.128388321097525],[-80.92808012686632,34.128917750905785],[-80.92628958328244,34.129274670128694],[-80.92533184893385,34.12967917889116],[-80.92393986538366,34.13029783923776],[-80.92226234513389,34.13064880912093],[-80.92038257099452,34.13111280413032],[-80.91794957208238,34.131457825686724],[-80.91539114859366,34.13177817162952],[-80.91324404930046,34.13211944804802],[-80.91209505015316,34.13311838925337],[-80.91045427010019,34.134372666172986],[-80.90865182833036,34.13603233970471],[-80.90605821513702,34.13668669164561],[-80.90447587408654,34.13710904616097],[-80.90257825401574,34.137596835057465],[-80.90064494208208,34.138114368054346],[-80.89827142870973,34.13874492466807],[-80.89667124172784,34.13931004666657],[-80.89521382219739,34.139797836984805],[-80.89379209363152,34.14026778036626],[-80.89209672834863,34.141832276115366],[-80.89115693784784,34.14301313881828],[-80.89000664512652,34.14452395296706],[-80.88884876433599,34.14613910021085],[-80.88722438302855,34.14573936516161],[-80.88507633241947,34.14528384784909],[-80.88304021009817,34.144854944122784],[-80.88099753097362,34.14442968121465],[-80.87811852031956,34.143817580642946],[-80.87667187158937,34.143569282306295],[-80.87411395115717,34.144360453117514],[-80.87238884175692,34.14488988324151],[-80.86994394555717,34.145627515703985],[-80.86823073434283,34.14616289517868],[-80.86743361517378,34.1463829949674],[-80.8672939451134,34.14607495799663],[-80.86703505514011,34.145782180837536]],[[-80.62479769124418,33.83391683088055],[-80.62479603564911,33.83420854519397],[-80.62479523704681,33.83515526615457],[-80.62513074073745,33.83618319282961],[-80.62590311940525,33.83718406625096],[-80.62725084026646,33.83903140803923],[-80.62860713285208,33.84087667967814],[-80.6295208461585,33.842165157731415],[-80.63121264333309,33.84439590305929],[-80.6332792050678,33.84706922730486],[-80.63358218794849,33.848618152056545],[-80.63398947421685,33.8499888258285],[-80.6341089600311,33.850332957749664],[-80.63436780778358,33.85147004033808],[-80.63506023100122,33.8543539469785],[-80.63543846665159,33.85592626021615],[-80.63590256058188,33.8579516921403],[-80.63630022140197,33.85950063365605],[-80.63679842795686,33.861585129320716],[-80.63713036264085,33.86303778971164],[-80.63797269222154,33.864040733276425],[-80.63879493187918,33.864952656270134],[-80.63897206528016,33.86676402615061],[-80.63921120130038,33.86893052532111],[-80.63949673710164,33.87119696165407],[-80.64032478885917,33.87214993621754],[-80.64176317308875,33.87383459387879],[-80.64304167067246,33.87540520517163],[-80.64429016093243,33.87685056082328],[-80.64567000824313,33.87835897567408],[-80.64624964707853,33.88000215686445],[-80.64707056082281,33.88199733524216],[-80.6477701220537,33.88375337683269],[-80.64849466812758,33.885559387821985],[-80.64919423025677,33.887361830325894],[-80.64991877633064,33.88911787186373],[-80.65061119864994,33.89082751529791],[-80.6513464517437,33.89264423283617],[-80.65212096660525,33.8946215649681],[-80.65296329618592,33.89675594231881],[-80.65375922598554,33.898683305072524],[-80.65369498027304,33.900467900723676],[-80.65367992630551,33.90175694316993],[-80.65368562791262,33.90216467732912],[-80.65577632468406,33.903066276635506],[-80.65769889905513,33.90390997672772],[-80.65959694941895,33.90471288720981],[-80.66118804455186,33.905405743995395],[-80.662948563744,33.90615369197073],[-80.66458101371934,33.906856754101604],[-80.66440969331656,33.90884479431339],[-80.66427447710336,33.91098932367859],[-80.66420624915922,33.91246038523303],[-80.66410988059049,33.91409507363212],[-80.66398852897538,33.915765456072975],[-80.6638850223934,33.917917678093445],[-80.66378151581141,33.91925612488641],[-80.66369942416749,33.92061955618653],[-80.66281069480577,33.92197584913892],[-80.66182916767856,33.92353558625043],[-80.66071201111313,33.92517384504993],[-80.65982036043012,33.92640745029186],[-80.65917368930822,33.92759375728705],[-80.65910944359574,33.92932838419906],[-80.65904162887662,33.931441345054424],[-80.65898809108232,33.933043911796304],[-80.65894169219956,33.93553520831607],[-80.65887744558877,33.93741974128668],[-80.65875966298029,33.93948987210684],[-80.6589202772615,33.94111742327343],[-80.65865258739167,33.94273426703491],[-80.6588667385689,33.94417621964802],[-80.65884889263747,33.94580734095624],[-80.65888458539865,33.94735636980474],[-80.65894169219956,33.94848780365],[-80.65903449086336,33.95016532405003],[-80.65916298228834,33.95231397714055],[-80.65927005697864,33.95377734603671],[-80.65938784138375,33.95539062008512],[-80.65952703893029,33.95743576696203],[-80.6595989858997,33.95910134367952],[-80.66048715201772,33.96020189030822],[-80.6619790740416,33.96217208389332],[-80.66320687610057,33.96379963493904],[-80.66299629303167,33.96547358573004],[-80.6627036201155,33.9678827901855],[-80.66245020717045,33.97020990287794],[-80.66221464015688,33.972115852138195],[-80.66200762699292,33.97386832484456],[-80.6617934758157,33.975827811314566],[-80.66155790880211,33.97754459223104],[-80.66129378883723,33.97962186132862],[-80.66106892974183,33.98154922477434],[-80.66097970008467,33.98313751528994],[-80.66090474735229,33.984754359057604],[-80.66079053285213,33.98663889172654],[-80.66071558011976,33.987998753790954],[-80.6606299185709,33.98976550365541],[-80.66050856695581,33.99168215909868],[-80.66042647621018,33.99298491422815],[-80.66034795267458,33.99466243366902],[-80.6612116980916,33.996604074321596],[-80.66216467226751,33.99873131270776],[-80.66308552268885,34.000787166850714],[-80.66387074457027,34.002607454933596],[-80.66455246076804,34.00410294566916],[-80.66522703805423,34.005626991194255],[-80.66594444611485,34.00728309514819],[-80.66665828427054,34.00886067824911],[-80.66738996835767,34.01047395268373],[-80.66833223461539,34.012608328689964],[-80.6690781956273,34.01431083398463],[-80.66977692771319,34.015958023283716],[-80.67076642289695,34.01803350001713],[-80.67143029316327,34.019568253287716],[-80.67210486955115,34.02113512781593],[-80.67285832880077,34.02290922277188],[-80.67377525178767,34.025021977300725],[-80.6750486011265,34.02781572272249],[-80.6758987667114,34.029762326672305],[-80.6765352230902,34.031191486122125],[-80.67709244806093,34.03244738682868],[-80.67787532983104,34.03422668415236],[-80.67880230137273,34.03632634173626],[-80.67978460913591,34.03850954492567],[-80.6805892301359,34.04033449468576],[-80.68132656732111,34.042000184866026],[-80.68200937676856,34.04363174197679],[-80.68347793630684,34.04567860991919],[-80.68490491642386,34.04748667532657],[-80.68649205986786,34.049651279931986],[-80.6876661579442,34.05126185872245],[-80.6890355497633,34.05304753423342],[-80.69079328327975,34.055362337269685],[-80.69227307804728,34.05730027132304],[-80.69375278298328,34.059236150938595],[-80.69471541764173,34.0605305583452],[-80.69578611962888,34.061880165207505],[-80.6969250280006,34.063347955669414],[-80.69803792655158,34.06487995878761],[-80.69913162541,34.06629423792812],[-80.70053348144515,34.06821633306161],[-80.70265714908247,34.06839479217332],[-80.70420728642833,34.06980583374691],[-80.70583638119606,34.07126765531867],[-80.7078330665781,34.07308527677093],[-80.70911056074362,34.07424233776528],[-80.71059484708759,34.075574686943916],[-80.71220094498405,34.07711803093744],[-80.71459971628725,34.07813627063182],[-80.71683077212688,34.079110674717796],[-80.71950523639077,34.08026393398492],[-80.72296330107699,34.081788293698665],[-80.72470261913008,34.08253238487381],[-80.72672463700313,34.08341537535862],[-80.72857426817312,34.08418035710287],[-80.73103744868219,34.085853071916475],[-80.73248490409948,34.086814070057954],[-80.73466547462016,34.0882754478124],[-80.73615434237205,34.08928217235266],[-80.73849112992063,34.09084245080432],[-80.74067628184926,34.09229245133362],[-80.74310721283962,34.092480739047296],[-80.74558647319225,34.09266344691426],[-80.74762214455927,34.092806131366764],[-80.75012431284999,34.09407912194768],[-80.75184764089104,34.09494674124477],[-80.75454395397927,34.09635482685016],[-80.75655104005564,34.09732519103031],[-80.75870394156725,34.0984096907657],[-80.76007333428467,34.09909464572316],[-80.76194288829103,34.10007392487775],[-80.76477325696911,34.101508740089244],[-80.76666849740272,34.102472422046105],[-80.76792128430468,34.10309702977744],[-80.76953223490032,34.10387147810959],[-80.7714605575909,34.10483725526702],[-80.77374620405035,34.106023767035275],[-80.7759091343538,34.10711237113314],[-80.77796903238573,34.10811608465322],[-80.78081651217332,34.10953395565809],[-80.78239646909503,34.11040483783904],[-80.7847821438597,34.1116559508706],[-80.78740906927874,34.11315144288391],[-80.78799476994567,34.11475145384227],[-80.78845551585489,34.11615627294988],[-80.78951858216213,34.11725964535083],[-80.78970058083868,34.11904958089616],[-80.78989831081249,34.120921969291345],[-80.79080336974947,34.12209940583653],[-80.7927664258005,34.123173732343844],[-80.79452354576759,34.12410824409008],[-80.79612362495166,34.125036683361586],[-80.7982475117779,34.12621058316875],[-80.80053318518684,34.12749058170741],[-80.80268168585187,34.128677461309834],[-80.80428520109189,34.1295810796319],[-80.80618658600204,34.130704727051224],[-80.80791050513456,34.13127579720695],[-80.80997223303471,34.13194235389212],[-80.81231638676863,34.13274043278401],[-80.81438394922654,34.13344912766134],[-80.8164942705937,34.13417655427786],[-80.81873994471795,34.13494327731245],[-80.820199822039,34.13608524793349],[-80.82183754063348,34.13733528136017],[-80.82344660297038,34.13856514690418],[-80.82528437637863,34.13998258173122],[-80.82649566470774,34.140904972257935],[-80.82804750436107,34.14210935927396],[-80.82967866525397,34.14194742574677],[-80.83211211242543,34.141730921826685],[-80.83427255439554,34.141547930343954],[-80.8355538933505,34.1417942048887],[-80.83724068331568,34.142012927963535],[-80.83845564575431,34.142236784255566],[-80.8399761216278,34.143728705728584],[-80.84178213330253,34.14544191791335],[-80.84376272177298,34.147292581180835],[-80.84632813056136,34.146670466280874],[-80.84842439778588,34.146198586874306],[-80.8511548297869,34.14553114788576],[-80.85285933632613,34.14605082770626],[-80.8543849478681,34.147979612925766],[-80.85529250861313,34.14922826232067],[-80.85754350705207,34.14861337222031],[-80.85953956361338,34.14804397598138],[-80.86241205968501,34.14730860535619],[-80.86454094204255,34.146673504755945],[-80.86648093834025,34.14668042775043],[-80.86715194572152,34.14646627634141],[-80.86699847125016,34.146127202724465],[-80.86703505514011,34.145782180837536]],[[-80.62479769124418,33.83391683088055],[-80.62479801194274,33.83386015026181],[-80.62480115604623,33.83333908303569],[-80.62482361392833,33.83130799034725],[-80.62475597617733,33.828202481019915],[-80.62477214675077,33.82670345533493],[-80.62446837694586,33.826703639659456],[-80.6239993072472,33.82624299505992]],[[-80.59190061209024,33.19944735015757],[-80.59233683219558,33.20006664674371],[-80.59358702655966,33.200814440238716],[-80.60287898426293,33.21451756375559],[-80.60766645855158,33.22152270003433],[-80.61233496176065,33.228499276286286],[-80.62114372555405,33.241405470142915],[-80.62213834113496,33.24287121819798],[-80.62252381361326,33.24564567001216],[-80.62571704956382,33.268431389227764],[-80.6270543077469,33.27781122178834],[-80.62703051317166,33.28120909199424],[-80.62697340637072,33.303238141321515],[-80.62696864709636,33.30685967676882],[-80.62690202174669,33.334737441199316],[-80.62949087566567,33.348695359334975],[-80.63216539023522,33.362734176955236],[-80.63577265341202,33.38184600700887],[-80.63681009797072,33.387366356162076],[-80.64001285157171,33.40424625098383],[-80.64255411723852,33.417761584109314],[-80.64441961355476,33.42760779615502],[-80.64644215604392,33.43830109200933],[-80.64429588230247,33.44535857366579],[-80.64071241370091,33.457289188173604],[-80.64078855580271,33.458969088213415],[-80.64130727898036,33.483544158163475],[-80.64185455510933,33.50986099487593],[-80.64128348440511,33.51214052132308],[-80.63859945218515,33.52567013314031],[-80.6361295720407,33.53809567505708],[-80.63444015360498,33.54630006018981],[-80.64007947692139,33.551620533732496],[-80.64273971366781,33.55426173295043],[-80.64048874397494,33.555932115157475],[-80.63702424914791,33.55850669095179],[-80.63634372321792,33.560143761988556],[-80.63292681664306,33.56802453614798],[-80.63285067543958,33.57031357603191],[-80.63162763175669,33.59896228406477],[-80.6313896851059,33.60525357935971],[-80.63102800720286,33.6136245218714],[-80.63146582810602,33.61655601637346],[-80.63486845685773,33.642068596139076],[-80.63677678484672,33.656283494066514],[-80.63903727308832,33.67383439671052],[-80.63960358541647,33.67806983712015],[-80.64085518115239,33.68790176767569],[-80.64319657077016,33.691989680974665],[-80.64840283155944,33.70102211522383],[-80.65138667560717,33.70615223398029],[-80.65094409632795,33.708569762161254],[-80.64836951933377,33.723093993644554],[-80.64678003937173,33.73242623906419],[-80.64549037123746,33.74004527436471],[-80.64431491760335,33.74663161932175],[-80.64197828725995,33.75468847568225],[-80.64343451742093,33.75660631921249],[-80.64293958881854,33.75841946775473],[-80.63418793182605,33.78984738729461],[-80.63068536460064,33.80231576131123],[-80.6312802298801,33.806622586220705],[-80.62826783288106,33.81043448069114],[-80.6251507390323,33.8144557700225],[-80.62783952962833,33.82590573395408],[-80.62490803400546,33.82587242090003],[-80.62446069455355,33.82586766199787],[-80.6239993072472,33.82624299505992]],[[-80.59190061209024,33.19944735015757],[-80.59115556376666,33.19861479873826],[-80.59004667260014,33.197333329187956],[-80.59042819967773,33.19662402269409],[-80.59087367422713,33.19581736203241],[-80.59107806970036,33.19544594082226],[-80.59123155495146,33.19516703222423],[-80.59143188734467,33.19480299318078],[-80.59188850100361,33.193427630373115],[-80.59228034613052,33.192292954831416],[-80.59292030593893,33.1903962833501],[-80.59185750912629,33.18945492365654],[-80.59193135064264,33.18807233494962],[-80.59196961887375,33.186688972627834],[-80.5920197448666,33.18538693364763],[-80.59207570990881,33.1840306687019],[-80.59214353271277,33.18217862821762],[-80.59221126568518,33.180395643298326],[-80.59226723072737,33.17825495923857],[-80.59280945383287,33.17629437465664],[-80.5933486226664,33.17415366635008],[-80.59384952326883,33.17219532095731],[-80.59431512008058,33.170382581223265],[-80.59521083025038,33.166976336750885],[-80.59599766460775,33.163875943685696],[-80.59640136659812,33.16233187433027],[-80.59678431930205,33.160854328797505],[-80.5971762542605,33.15932246277261],[-80.597565134947,33.157810348646436],[-80.59795706990546,33.15629339530732],[-80.59834011244092,33.154820637210214],[-80.59871722429888,33.15336763404319],[-80.59912982140719,33.15172966825514],[-80.59967491822329,33.14958587664598],[-80.60012281822397,33.14786382786927],[-80.60053819921131,33.14626517066039],[-80.60097433128176,33.14458269370093],[-80.60147235727527,33.14261624210363],[-80.60190255956654,33.14096573899688],[-80.60233860270375,33.13925344930911],[-80.60286600360706,33.137200674277146],[-80.60306938218739,33.136411067942745],[-80.6035967830907,33.13441005508171],[-80.60400937930068,33.13279633335031],[-80.60442476028807,33.1311949936287],[-80.60493149993984,33.129223352198245],[-80.60542368688402,33.12734796035336],[-80.6058656580038,33.12560832162703],[-80.60632236059593,33.12383893135036],[-80.60675256468382,33.12211156233223],[-80.6071768389925,33.120514842830865],[-80.60764836468512,33.11863196694013],[-80.60812860403603,33.116830384230646],[-80.60857353959625,33.11508068137605],[-80.60908036907954,33.113069173628055],[-80.60945451739539,33.111652575032394],[-80.60999377606045,33.10956454103844],[-80.61049764110331,33.107585038991196],[-80.61098973821593,33.10564018201577],[-80.61147887088813,33.10376676983454],[-80.61196207467948,33.101883459711246],[-80.61244824291123,33.10001734229117],[-80.6129255178217,33.09813643524084],[-80.6134029723952,33.09626286310259],[-80.61387431842478,33.09446082169824],[-80.61433991523653,33.09265385071143],[-80.61482617329983,33.09071348080782],[-80.61535357420314,33.0887410797254],[-80.61583677799447,33.08684758872626],[-80.61605479911393,33.08597857691387],[-80.61662352341862,33.08381082692649],[-80.61715981674492,33.081675389284115],[-80.61778154075306,33.07929278528936],[-80.61822054743241,33.07758425973516],[-80.61874210928637,33.07558183228146],[-80.61922531307769,33.07369295015687],[-80.61978514316276,33.0715571923547],[-80.62044809984245,33.06908548168236],[-80.61977921428188,33.068295339891925],[-80.62043015599464,33.06474669710714],[-80.6203929908947,33.06433632909527]],[[-81.55813529420666,33.23864785064866],[-81.55763985895445,33.23939365775781],[-81.55389815570884,33.237400860252514],[-81.55031706674446,33.23549729103636],[-81.54409477723284,33.23371864389994],[-81.53175727110332,33.23023868231319],[-81.52750993403204,33.23136297670377],[-81.51411951704956,33.23474181199114],[-81.50234713298043,33.23769829189905],[-81.49015834384448,33.24074995081672],[-81.48558977910908,33.23885827992826],[-81.4725562816536,33.233320083953984],[-81.46989128473449,33.231000110117776],[-81.46646486140752,33.23000668531054],[-81.4590171476775,33.227811632358666],[-81.45081395708175,33.22542622183507],[-81.44572190989433,33.225842628021994],[-81.44362203593393,33.226015138908636],[-81.44043950700323,33.22334419423144],[-81.42913111804971,33.222005747351545],[-81.41451527864542,33.22036391892813],[-81.40468810469588,33.219132548057274],[-81.40174947105977,33.2177405626905],[-81.40082743037068,33.21730631119837],[-81.39942354773625,33.21743718170709],[-81.39796800568475,33.21846808702461],[-81.39781333555577,33.21842125080857],[-81.39701624064124,33.21817987878938],[-81.39502323835187,33.217580237283094],[-81.39292522300582,33.2169394828375],[-81.39064502932014,33.216247845299236],[-81.38865328467217,33.21565465307747],[-81.38666306716023,33.21504792970581],[-81.38377031228228,33.21418108884246],[-81.38151904434876,33.213501528903215],[-81.37933703742195,33.21283744598789],[-81.37746602455157,33.21227602293319],[-81.37565331503804,33.211728274987884],[-81.3736239309797,33.21111618815678],[-81.37170863296242,33.21055475406017],[-81.36967224204486,33.209915376198836],[-81.36753335335337,33.20925645210283],[-81.3653920392106,33.20861503467422],[-81.36353746730656,33.20804772273465],[-81.36161282681032,33.207462968921156],[-81.3591127264414,33.20669489110665],[-81.35698785057004,33.20603977606079],[-81.35538471711398,33.2055796292205],[-81.35275885170698,33.20438467926587],[-81.35142611115145,33.20380553832397],[-81.34943867841687,33.20291265408145],[-81.34791486620043,33.20222834636486],[-81.34619063984408,33.20145045096748],[-81.34430795067162,33.20091233182508],[-81.3428098302723,33.20048154774209],[-81.34104607804346,33.19996875496345],[-81.3389746528298,33.19937605525895],[-81.3369685351373,33.19880289394084],[-81.33467118362971,33.198138022983514],[-81.33260676527526,33.19755117263718],[-81.33119946455118,33.197135859350766],[-81.32935872670248,33.19661913734919],[-81.32753900943145,33.19609474408786],[-81.32573330587883,33.19559365163703],[-81.32446811863268,33.19455244436982],[-81.32248760292578,33.19298876737119],[-81.32183120933756,33.192469291321444],[-81.32137387163652,33.19210734895963],[-81.31967300057926,33.19076006030526],[-81.31673955291727,33.188426046986464],[-81.31507120177162,33.18711568897004],[-81.31351253492215,33.18588139272864],[-81.31168572096036,33.18444424204081],[-81.30974724640875,33.18290767583325],[-81.30793687161668,33.181472355205464],[-81.3064642633714,33.18031203718343],[-81.30485421288769,33.1790367447693],[-81.30359603339906,33.17805383517401],[-81.30206296763686,33.17683693075452],[-81.30043890343471,33.17555376813109],[-81.29898030890789,33.17437773225963],[-81.29756833694431,33.173898095172135],[-81.29566714157868,33.17323686990173],[-81.29379613140323,33.17257188007519],[-81.29131705071363,33.17170988213553],[-81.28923403723283,33.17097066628336],[-81.28717195359981,33.17025482782613],[-81.28490721183535,33.169447473181016],[-81.2832389514195,33.16887998195546],[-81.28150304606616,33.16787357268726],[-81.27993961814568,33.16697829185089],[-81.27817586591684,33.16597186075076],[-81.27644705815256,33.164988879832556],[-81.27461332716308,33.16394535291623],[-81.2727027003853,33.16286286015229],[-81.27093427691696,33.16184525212815],[-81.26825478208751,33.1603199459766],[-81.26651887763246,33.15933487122051],[-81.26469215440052,33.1582562321276],[-81.26232257744574,33.157316031251945],[-81.26101777359725,33.15678546231902],[-81.25917245523893,33.15602664164064],[-81.25690995836436,33.15510018037581],[-81.25422812791516,33.15399215836065],[-81.25190283880218,33.1530402537648],[-81.24958680233668,33.152090295022525],[-81.24759002712314,33.15127487610659],[-81.24558390943064,33.150439894925356],[-81.24354051165386,33.14962837164157],[-81.24149477825733,33.14882075186033],[-81.2394047579173,33.14798386700897],[-81.23721457542308,33.14712546320801],[-81.23527601103997,33.14633549564321],[-81.23325120838955,33.145531680738266],[-81.23127311813394,33.14473763795333],[-81.22916216704778,33.14390078936949],[-81.22693236884953,33.14300729464124],[-81.22499371463486,33.14223075390915],[-81.22297133743574,33.14145623719211],[-81.22141725199421,33.14086893278778],[-81.2198771802711,33.14028568628115],[-81.21925033586585,33.13881453994409],[-81.21852575475768,33.13715223074625],[-81.2178523776207,33.135581662260456],[-81.21577403537937,33.136038265124874],[-81.21361170065896,33.13649862672846],[-81.21130743212368,33.13701577767553],[-81.20890758284214,33.137554289955],[-81.20619547916786,33.13815124481399],[-81.20384764234129,33.13867748769452],[-81.2018725174244,33.13835118166025],[-81.19964891670331,33.138026979847865],[-81.19830952861469,33.137804626357955],[-81.19587168059664,33.13741513028761],[-81.19316343967807,33.136995091666066],[-81.19140750279222,33.13672384196666],[-81.18930095255263,33.13633434109994],[-81.18709208599883,33.13591016080476],[-81.18484414183185,33.135846973637335],[-81.18275690626919,33.135767387830775],[-81.18079166192213,33.13569193921594],[-81.1786849329178,33.13558173673127],[-81.17585748556104,33.13544927030464],[-81.17388963609966,33.13534313032454],[-81.17201925384657,33.13527384890665],[-81.17086734415776,33.13487418565691],[-81.16930382640575,33.134727273688625],[-81.16760870456629,33.13454372816458],[-81.16599164812166,33.1343703367601],[-81.16420894144034,33.134176633708414],[-81.16146171363845,33.13387272785567],[-81.15955971068738,33.13366473176327],[-81.15748963294665,33.133438380302074],[-81.15586035941416,33.133281385775234],[-81.1540605838441,33.13268582708027],[-81.1517445473786,33.131963883712366],[-81.14965731181594,33.13130512564181],[-81.14764319911743,33.13067908725046],[-81.1456584613287,33.13004273667951],[-81.14389273280622,33.12948793126236],[-81.14206861379029,33.12890679000864],[-81.13997410187383,33.12926367467656],[-81.13800158117296,33.129581740143664],[-81.13619686576716,33.12987347467481],[-81.1342047617931,33.129634851247054],[-81.13248044560524,33.12942473871963],[-81.13071965781683,33.12921266974752],[-81.1286739244203,33.12896584534342],[-81.12650880492252,33.128706831649524],[-81.124341349805,33.128449849131705],[-81.1219497650241,33.12816029227577],[-81.12017433469656,33.12786855129955],[-81.11823082957936,33.12754837318709],[-81.11661134678513,33.127277168773894],[-81.11478722776921,33.12697527025789],[-81.11291684641446,33.12666727626404],[-81.11075666675244,33.12630834905226],[-81.10880345983016,33.12597996503885],[-81.10665531759295,33.125606741763],[-81.10500663955199,33.12533545612062],[-81.10321908286645,33.12504378174251],[-81.10114406439165,33.1247031301203],[-81.09914944513478,33.124444179836125],[-81.09703795505948,33.1241647647015],[-81.09508232268594,33.12390363182269],[-81.09345062280387,33.12366702271611],[-81.09141216576116,33.12342635186839],[-81.08969521575861,33.123191774290135],[-81.08792463633361,33.122945081923355],[-81.08609081641092,33.12278385627814],[-81.08395731671283,33.12258606501453],[-81.08183612483244,33.122404448695164],[-81.07952251381818,33.122204626749316],[-81.07860899364955,33.12210927519993],[-81.07803696983282,33.12204956823525],[-81.07514367596575,33.12179662891692],[-81.07256218733376,33.12157024685688],[-81.07034101296226,33.12135402097443],[-81.0680931586268,33.12115825935177],[-81.06581368359333,33.120950157148876],[-81.06374836692362,33.120764550703],[-81.06170757426116,33.12058308184081],[-81.06013183942129,33.12047496775085],[-81.05812500307655,33.12031998066668],[-81.05648117593817,33.12020577286933],[-81.0548080637215,33.12008735093574],[-81.05309830024123,33.11994462671317],[-81.05094306221157,33.12007726926436],[-81.04890217971756,33.12017515171126],[-81.04595283097673,33.12031787480683],[-81.04396315155563,33.12042598909012],[-81.0423094438474,33.120458642286],[-81.0399374423397,33.12053207186924],[-81.0382740319281,33.120570894372555],[-81.0360115350535,33.12062385970234],[-81.033907321332,33.12066666891306],[-81.03167401970413,33.12072377290674],[-81.03002525183167,33.120764550703],[-81.02807456019221,33.120803372351226],[-81.02589488798681,33.12085024420203],[-81.02377118082362,33.12090539194953],[-81.02159141878671,33.12093187489376],[-81.01915123514893,33.12095226374594],[-81.01695207040018,33.120970545996805],[-81.01461896504597,33.12098694735444],[-81.01320151335914,33.12000376331213],[-81.01114841377728,33.119614188261686],[-81.00951428844395,33.11926538997552],[-81.00792642634774,33.11892885399159],[-81.00625573958234,33.11861067469793],[-81.00432687700427,33.11821289328386],[-81.00251731069595,33.11785799362904],[-81.00060075503728,33.11744598870962],[-80.99866210082261,33.117046169816575],[-80.99662858541225,33.11662385330335],[-80.99438558108103,33.11616692299623],[-80.99247378559505,33.11575694087363],[-80.99012846494959,33.115314377734],[-80.98822394671573,33.114918536899395],[-80.98631466741087,33.11453714132644],[-80.98422258094568,33.114063872758564],[-80.9824690704094,33.11366403771837],[-80.98052807967669,33.11323365402719],[-80.9787088115633,33.112827721312875],[-80.97690903689154,33.11244834671551],[-80.9751190538564,33.112030145723445],[-80.97329736029175,33.11164663078985],[-80.97141476095082,33.11120607928158],[-80.9692131698525,33.11073279276789],[-80.9667144160582,33.110159579349315],[-80.96443000029066,33.10964746063624],[-80.96221861755575,33.109170179209094],[-80.96028741935795,33.108725475995854],[-80.95838532657537,33.1083072572824],[-80.95640534985765,33.107842157811014],[-80.95357053631554,33.107738091373186],[-80.95121308841374,33.10762996072069],[-80.94909423125476,33.10752995812772],[-80.9472725376901,33.10743002991574],[-80.94503438515973,33.107527925703415],[-80.94242424027017,33.10762845728523],[-80.9407665790764,33.10741106837418],[-80.93893257859234,33.107166965344305],[-80.93660405644269,33.10685528999576],[-80.93416036757867,33.10655166507191],[-80.93203998508035,33.10628506120682],[-80.92928772671286,33.10596096673701],[-80.92709637640878,33.10565944568674],[-80.92498084391468,33.10536815670803],[-80.92232650191316,33.1050420278796],[-80.91982667014052,33.1047056631537],[-80.9179766796444,33.104481344038156],[-80.91708671869243,33.10437343587986],[-80.91433706543927,33.10372523164398],[-80.91153584888879,33.10308537472583],[-80.90922448366275,33.1025561342287],[-80.90765737264961,33.10219718373673],[-80.9052553674114,33.10164332969009],[-80.90303203708321,33.10113673229066],[-80.90119561114788,33.100718326200784],[-80.89953552540113,33.10033679297874],[-80.89751063202088,33.099879327194365],[-80.89532655807062,33.09937685709692],[-80.89305678484223,33.098861967130794],[-80.89100485307024,33.09836558686861],[-80.88944268279116,33.098068178794875],[-80.88712395137978,33.09760453024361],[-80.8846215135945,33.09708977965488],[-80.8825549401817,33.09668565527285],[-80.8805789160512,33.096306135724504],[-80.87864951358567,33.09592255065741],[-80.87675927856482,33.095541072627945],[-80.87398016057034,33.094980930236645],[-80.87220491080417,33.09463436715531],[-80.86988375394155,33.094215856359156],[-80.86785886056128,33.09385483981802],[-80.86566005513868,33.09344866706164],[-80.86392891175466,33.09314717834364],[-80.86191866181184,33.09278608290684],[-80.85975165585197,33.09239224786434],[-80.85757979898955,33.091996229258456],[-80.85543004068313,33.0916229361053],[-80.85327040090857,33.09121886034736],[-80.85106916913637,33.09082494302299],[-80.84886308556331,33.090422895664894],[-80.84666428014069,33.090033188698584],[-80.84416911960751,33.08957973421842],[-80.84150768091526,33.089095644657064],[-80.83840534908154,33.08854178332184],[-80.83615515912636,33.088133478635996],[-80.83332708294888,33.08761656594741],[-80.83082213077913,33.087152862273555],[-80.82854993209948,33.086750722859975],[-80.82654453305919,33.08638568736238],[-80.82473514641393,33.08606558385325],[-80.82304074412502,33.08575985493695],[-80.82058726542103,33.08531262475538],[-80.81904710386641,33.085060332340156],[-80.81656434008416,33.083997639689514],[-80.81513197636363,33.08338217797617],[-80.8132354531358,33.08259954013972],[-80.81158111570856,33.08300087133959],[-80.80896513176968,33.083583970657116],[-80.80672715890236,33.08405792873699],[-80.80501496997081,33.08502066696916],[-80.80312994517863,33.0860358539831],[-80.80135756912307,33.086979678371954],[-80.79980051924109,33.08782918692468],[-80.79813073079097,33.08741177194658],[-80.79595797561328,33.08689575819268],[-80.79434576917285,33.08650776669115],[-80.79230803078237,33.08601274671685],[-80.79041312542037,33.085558969687014],[-80.78820407740687,33.085030977709366],[-80.78583593865486,33.084459178015024],[-80.78336018173184,33.083869837309585],[-80.78122731175274,33.08335387728715],[-80.77906946860877,33.08282948494669],[-80.77690650506766,33.08230922925797],[-80.77481882034736,33.08179958268732],[-80.77242310331614,33.08122904231965],[-80.77001247425122,33.080645925883836],[-80.76798973772597,33.08015727091047],[-80.76605710222371,33.079678925342606],[-80.76435245914057,33.07927833169748],[-80.76238981990782,33.078804273341966],[-80.7607576708681,33.07844763532565],[-80.7591805885553,33.07792742823787],[-80.75718794559207,33.0773107942002],[-80.75501258530007,33.076633260309315],[-80.75295732976151,33.07599764662394],[-80.75081691393403,33.075334855701975],[-80.74872428758135,33.07466776985109],[-80.74666894310963,33.07402168013644],[-80.74440590724588,33.07331054689476],[-80.74220054322336,33.072630873687444],[-80.73985495218498,33.071898726755116],[-80.73751933244627,33.0711708653422],[-80.73539903888117,33.07049953080058],[-80.73342642834876,33.069931022703855],[-80.73200205963425,33.06932276471005],[-80.7303673045819,33.06866398864392],[-80.72825204158241,33.0677954747106],[-80.72681761263503,33.067214377868304],[-80.72676461113495,33.06719269901987],[-80.72502771943142,33.06648226114897],[-80.72325543320737,33.06573327497577],[-80.72079710360086,33.06551307228003],[-80.71833643837459,33.06529279375009],[-80.71612343867217,33.06511437225364],[-80.71438861219548,33.06495078125573],[-80.71231592934043,33.064755646082794],[-80.71009044305556,33.06455847781232],[-80.7084107731373,33.06440535025979],[-80.70672607265347,33.064258471024694],[-80.70450552710265,33.06404654591462],[-80.70223755140316,33.06381993981507],[-80.7003100353997,33.063647989813916],[-80.69835997258093,33.06345706770283],[-80.69629726102555,33.06325982123824],[-80.69427703978309,33.06307108230752],[-80.69202900578458,33.06284868892306],[-80.68984861492696,33.062643083649704],[-80.68741543814839,33.06238282196813],[-80.68498720210388,33.06216253635646],[-80.68273674265411,33.06192975119076],[-80.68058635642532,33.061747182130894],[-80.67856370883328,33.06153735899519],[-80.6765560640048,33.06134944377096],[-80.67447305142228,33.06115226787],[-80.67201004967798,33.06092015836829],[-80.66967407061314,33.060682251140335],[-80.66755233974358,33.06047633965688],[-80.66501091597328,33.060257555025196],[-80.66238514039782,33.05999593035695],[-80.6598206299247,33.059764270286834],[-80.6577041092838,33.05956046472442],[-80.65539561866666,33.05933956898981],[-80.65337881102228,33.059133655118345],[-80.65091428304031,33.05891486564369],[-80.64838813062983,33.05865745391798],[-80.64577250601704,33.058408623649434],[-80.64363047322207,33.05819412537036],[-80.64189007719062,33.05803752267754],[-80.63991944295184,33.05785095519506],[-80.63718865431964,33.057582773157556],[-80.63434773223362,33.05731037405851],[-80.6326330280193,33.0571173300739],[-80.63062134077204,33.058076146162655],[-80.62862007398206,33.05895988903418],[-80.62608116459626,33.060094557301575],[-80.62409517006444,33.06101268603737],[-80.622623549966,33.06173543671624],[-80.62082063119075,33.06253158572094],[-80.6203929908947,33.06433632909527]],[[-81.91026152763325,33.43316119378668],[-81.90991694736499,33.432827076351884],[-81.90687934813067,33.43148188091339],[-81.90534199291298,33.430704401096676],[-81.90268610221592,33.42997560270172],[-81.90074963270403,33.42933621084794],[-81.89888290659417,33.42883866282667],[-81.89766228207432,33.430038152214145],[-81.89614537610576,33.43166213418265],[-81.89473554482751,33.433143347884226],[-81.89326622800945,33.43469594716171],[-81.8918088075807,33.436242595727315],[-81.89019412897665,33.43624749314906],[-81.8885590163948,33.43627717903065],[-81.8870491720827,33.43630515271725],[-81.8849410506897,33.437225696822665],[-81.88319634274488,33.43805306519509],[-81.88120244303855,33.43896265829752],[-81.87897300416641,33.439979661238674],[-81.87680096674265,33.44096704295226],[-81.87487830343835,33.441828706374146],[-81.87308993737075,33.44163898432492],[-81.87130139074172,33.44145158411742],[-81.86930749103541,33.44123899768231],[-81.86757104669289,33.441051598110036],[-81.86565377328031,33.440841335216575],[-81.86304919704723,33.440562482112476],[-81.86108808495047,33.44034764392468],[-81.85881759306984,33.44009854876913],[-81.85653075185107,33.43984720481052],[-81.85427382542956,33.43959346135679],[-81.85199506904834,33.439358082023126],[-81.84969717765324,33.43911805366489],[-81.847516967357,33.43887810110397],[-81.84483019617372,33.438583274712535],[-81.84213525032136,33.43829759275571],[-81.83959068244758,33.43802787694087],[-81.83712849008532,33.437749089757475],[-81.83469091066355,33.437486194646866],[-81.83228890632365,33.43721880017903],[-81.82967885126565,33.43693993618196],[-81.82763832809779,33.43672516473792],[-81.82554579157663,33.436496599360666],[-81.82309734433656,33.436233774670065],[-81.82094183591398,33.43599823704288],[-81.81821113711331,33.43570347583103],[-81.81557628855349,33.435410888355044],[-81.81276078878999,33.43510915337141],[-81.80875581987733,33.43468358081886],[-81.80860261220562,33.4346634270347],[-81.80857256086443,33.434659474091724],[-81.80828833390854,33.43486975271553],[-81.80829738533333,33.434740677684395],[-81.80832193090015,33.43439064730957],[-81.80832682043024,33.43404271682737],[-81.8083331598412,33.43359158066709],[-81.80836675683284,33.43151295534151],[-81.80734330622964,33.43062495025605],[-81.80609024623982,33.42950557690577],[-81.80436251555555,33.42797257304376],[-81.80318365730652,33.4269208663555],[-81.80162966169652,33.42553274096421],[-81.80038630441008,33.42443437129911],[-81.79894980843925,33.42314892213212],[-81.7971829112086,33.42157606819189],[-81.79563735976227,33.420201878265836],[-81.79423446078306,33.418951458251065],[-81.79240036956915,33.417308346348456],[-81.7909694440514,33.41602054222255],[-81.78950213586633,33.414728070806234],[-81.787575608908,33.41300314599466],[-81.78613920276868,33.41175494612156],[-81.78500795433139,33.41013989313625],[-81.7842071062556,33.4086742616762],[-81.78306741365465,33.4066873523437],[-81.78237301594002,33.40541109007601],[-81.78138450980138,33.40428434315907],[-81.78032054517887,33.4030267938534],[-81.77923403284271,33.40175047781058],[-81.77802993103589,33.40033142694076],[-81.77694476617266,33.39904607172773],[-81.77548455467834,33.3973202362767],[-81.7743756742916,33.39601106106111],[-81.77286632495124,33.39422966413081],[-81.77163716014798,33.39278243974406],[-81.77043305834115,33.39136339168476],[-81.76943907158096,33.39018748567953],[-81.76818457518499,33.38870516572162],[-81.7666668724108,33.3868978916692],[-81.76532847157067,33.38525882475447],[-81.76382190700767,33.38336964317635],[-81.76269622812515,33.381983147104],[-81.76159300712472,33.38060353006385],[-81.76047011301957,33.3792263673337],[-81.75930526759065,33.377757963283344],[-81.75782125074127,33.37592705730668],[-81.75638754044614,33.37414517304964],[-81.75506863304767,33.372487260188436],[-81.7540376365961,33.371147779301914],[-81.75293252913357,33.36972995434199],[-81.75201930181574,33.368544151344175],[-81.75106313502732,33.36729606314101],[-81.75024728508629,33.36622494070899],[-81.74871287274946,33.365906985038706],[-81.7465714687752,33.365447829641916],[-81.744882456378,33.36508207972152],[-81.74240328585688,33.364551270692026],[-81.74065121172673,33.36417358928026],[-81.73871884571906,33.363776622065075],[-81.73783131021835,33.3623850868752],[-81.7369954278465,33.36113218273221],[-81.7362253021534,33.35981706193612],[-81.73500000010587,33.358836635196326],[-81.73377766160046,33.35777988982128],[-81.7323433215863,33.356541175675645],[-81.73116670912546,33.355029995743465],[-81.72988714883478,33.35342544429907],[-81.72878204137224,33.35205753033248],[-81.72756257837405,33.350534340716216],[-81.72652906663967,33.34922626282269],[-81.72559868060159,33.348085580646234],[-81.72449069942847,33.346665053627866],[-81.72196005544158,33.34597864486667],[-81.72062318263576,33.345617540807716],[-81.71898276909543,33.345148823704704],[-81.71742823359796,33.34472798173538],[-81.7153785494108,33.344168381836525],[-81.7129766331058,33.343503491134605],[-81.7109755459789,33.34294148193093],[-81.70818430072809,33.34217617100314],[-81.70590266973795,33.341535129746845],[-81.70365256961428,33.34160935028837],[-81.70137947261935,33.34166916194264],[-81.69907205998055,33.34171936767842],[-81.69710241388859,33.34177917925712],[-81.69498400678557,33.34183658932859],[-81.69375583012915,33.34186525682721],[-81.69149144679247,33.34192026462748],[-81.689143969292,33.341989533326405],[-81.68703975557047,33.34204228967894],[-81.68461780773298,33.342094822363656],[-81.68264825057422,33.34214983001893],[-81.68096498829314,33.3422000347272],[-81.67910987739991,33.34224783870206],[-81.67680533937003,33.34231485502774],[-81.67483003389178,33.342379469100145],[-81.67356754159147,33.34089663535732],[-81.67208451288893,33.339232085191426],[-81.67070470061252,33.33766544275309],[-81.66946511535195,33.33625195136136],[-81.66815114958588,33.33476676098421],[-81.66683134477046,33.33328612427957],[-81.66554882003932,33.333391423838336],[-81.66488479975433,33.33345278422673],[-81.6643321418185,33.333503853305096],[-81.66253712821778,33.33228168167742],[-81.6608080509589,33.3311335722618],[-81.65939095859821,33.33018397069248],[-81.65795670841558,33.32920568711713],[-81.65618756629505,33.32887318528818],[-81.65399172441452,33.32845219036762],[-81.6508627126169,33.32784227068817],[-81.64868411838984,33.327426075264306],[-81.64647983234566,33.32699546434935],[-81.64388612662583,33.32650037637103],[-81.64143848697118,33.32601714497364],[-81.63970365959618,33.325689434799884],[-81.63787145664101,33.325330649292894],[-81.63499145784012,33.32476844702121],[-81.63240583695784,33.32426696620864],[-81.63015645458809,33.32384804999922],[-81.62884374736173,33.32267115564603],[-81.62759715524196,33.321562853270166],[-81.62636646330272,33.320477356326364],[-81.6248235169707,33.3191119266956],[-81.62337183857325,33.31783025068029],[-81.62181074717083,33.316440083813305],[-81.62015380462927,33.31497557578707],[-81.61858363934415,33.31358716432756],[-81.61696783964261,33.31215496414764],[-81.61512413735348,33.31052274674736],[-81.61381825642495,33.3093628643714],[-81.61231645293296,33.30804485891293],[-81.61083962260587,33.30673824509302],[-81.60909617230244,33.305185958826],[-81.60718401838868,33.30348123498335],[-81.60556821868714,33.30207364523263],[-81.60406641519512,33.30074404217906],[-81.60279700586715,33.2996050527525],[-81.60138638137649,33.2983725698522],[-81.59993910562225,33.29710583108371],[-81.59843496740883,33.295766767368164],[-81.59652065664007,33.2940732718937],[-81.59507571740386,33.292793180111175],[-81.5935442686092,33.29144053264015],[-81.59131536872623,33.28947264801724],[-81.58921870085308,33.287609546727545],[-81.5877510333419,33.286317946635904],[-81.5863152560233,33.28503383615089],[-81.58532612106396,33.284159354356454],[-81.5836442053575,33.282675228911025],[-81.58175343134748,33.28097577263653],[-81.5802880985577,33.280161478790866],[-81.57810465432644,33.278886965630335],[-81.57581484866722,33.277580666082805],[-81.57391967291231,33.27650806493661],[-81.57274952742321,33.275823431800156],[-81.57105835906933,33.274844538281585],[-81.57095424432791,33.27317534705994],[-81.57083503788971,33.27162373967354],[-81.57066372916502,33.269331692317664],[-81.57053257513354,33.26770122665224],[-81.57034725269042,33.26517007085756],[-81.57023253782864,33.26360667869164],[-81.57009814986213,33.26196033433818],[-81.56997310437458,33.26030103674895],[-81.569857401366,33.258793295242754],[-81.56970154366421,33.256692464354565],[-81.5694795699575,33.253825646730704],[-81.56942315575765,33.253140686279025],[-81.56925121821227,33.2508670836689],[-81.56912437609417,33.24924048112408],[-81.56894498343023,33.24694679388193],[-81.56881778108769,33.24527782079839],[-81.56713496706594,33.24437634420608],[-81.56573377488576,33.24364788437449],[-81.5639962525649,33.24272009433249],[-81.56185260370074,33.24160792127196],[-81.5598969713272,33.240542992726624],[-81.55791762343017,33.2395049491435],[-81.55819887965743,33.23912308785586],[-81.55813529420666,33.23864785064866]],[[-81.80386459017336,33.583624362024324],[-81.80363863872655,33.58428609709528],[-81.80223043609392,33.58438172276331],[-81.80077094864171,33.58380944668595],[-81.79870644764227,33.58391789462729],[-81.79406649918111,33.58435214676879],[-81.78999167188209,33.58099710680795],[-81.78601797242617,33.57782052565611],[-81.78648196664345,33.5754470139784],[-81.78870081437837,33.562365927058565],[-81.79016418255262,33.55462078128027],[-81.7903069509024,33.55345484590063],[-81.79171678128235,33.54502560495624],[-81.79376311834675,33.53326511863968],[-81.79386424529154,33.53214677204918],[-81.79422711256404,33.52586499492882],[-81.79442341780982,33.523663993787174],[-81.79505397495214,33.51398553600295],[-81.79579160768307,33.503539701894454],[-81.79679693028383,33.48945329318238],[-81.79776656102173,33.48533682610667],[-81.79894439429304,33.4809348226833],[-81.80028878869274,33.4756762141281],[-81.80293593968041,33.46561704272523],[-81.80680256444606,33.45087033289635],[-81.80827782990791,33.44533808580645],[-81.80882510603688,33.44349400423626],[-81.80874182502352,33.439835582817466],[-81.80875053688514,33.43473330106297],[-81.81275548333991,33.435158871122745],[-81.81557086632242,33.43546059318945],[-81.81820569511933,33.435753178998525],[-81.82093643703914,33.43604794528909],[-81.82309195983473,33.43628348428061],[-81.82554040887146,33.43654630807099],[-81.82763299659655,33.43677488006406],[-81.82967357815494,33.43698965663255],[-81.83228348409261,33.43726850472746],[-81.83468546417798,33.43753589829254],[-81.83712299688736,33.43779878725545],[-81.83958523416537,33.438077580276236],[-81.84212997900728,33.438347313927615],[-81.84482483412981,33.438632986725224],[-81.84751150470177,33.43892780170341],[-81.84969184615203,33.43916776911928],[-81.85198990283713,33.43940781383154],[-81.85426846338564,33.43964317279071],[-81.85652522811039,33.439896898857945],[-81.85881213490619,33.44014825016871],[-81.86108263576996,33.44039734593118],[-81.86304381344372,33.44061219074236],[-81.86564838608355,33.44089104368669],[-81.86756563883489,33.44110130496045],[-81.86930215773756,33.44128871267099],[-81.87129613469901,33.441501307229814],[-81.87308469390442,33.44168870807953],[-81.87488644217484,33.441879849752816],[-81.87682153726433,33.4410126157938],[-81.87899372560508,33.44002516488508],[-81.88122319501993,33.439008148234514],[-81.88321743159449,33.43809840118564],[-81.88496177212834,33.437271207910456],[-81.88706005517237,33.436354959740484],[-81.8885599326764,33.43632717123175],[-81.89019465898267,33.43629749211404],[-81.89183045518241,33.436292530975365],[-81.89330258103236,33.4347302761982],[-81.89477181161217,33.433177768244974],[-81.89618175517982,33.43169643593132],[-81.89769809071817,33.430073064108186],[-81.89889760123559,33.428894324849715],[-81.90073534410114,33.42938414836339],[-81.90267163933984,33.43002348213731],[-81.90532391431789,33.43075128828895],[-81.90685792870102,33.43152707864671],[-81.90988854533065,33.432869181734134],[-81.91026152763325,33.43316119378668]],[[-81.80606625673015,33.583884019861436],[-81.80550425541705,33.58415940976013],[-81.80454822427424,33.5842243309996],[-81.80450704460331,33.58381471892653],[-81.80386459017336,33.583624362024324]],[[-81.69755015309082,33.87224798566776],[-81.69672742295303,33.872347440941056],[-81.69614705558395,33.872476948025486],[-81.6942732300884,33.86872929668713],[-81.69601618542008,33.86279849019182],[-81.69742006715622,33.85751608707064],[-81.69912733062503,33.85154958797023],[-81.70019213966393,33.847718655749105],[-81.70081674816244,33.84545221920888],[-81.70224442537213,33.840324481002185],[-81.70545669662357,33.837647587280614],[-81.71325538033847,33.83107432615248],[-81.71377291324838,33.82517921165823],[-81.71429044615829,33.819706451088955],[-81.71483772228724,33.81406117980552],[-81.71532551197812,33.808695494713426],[-81.71580140438135,33.80217577197687],[-81.71615832301002,33.7967803439414],[-81.71653903711227,33.791200507954144],[-81.71694354489146,33.7854303148774],[-81.71720528611748,33.78222993983038],[-81.71628324542839,33.77634672335635],[-81.71528387057312,33.77003520273941],[-81.71449270004788,33.76516920467524],[-81.7154742280734,33.75948229307199],[-81.7164498065568,33.753313540351485],[-81.7175265128833,33.74715073613654],[-81.71864485971648,33.74011942912547],[-81.72003089641947,33.73236833476308],[-81.72129200980582,33.725473847232884],[-81.72185118322241,33.7223448550144],[-81.72755594072243,33.71318393081419],[-81.73090503167984,33.707883680810454],[-81.73460509441877,33.701911233779846],[-81.73807315915072,33.696331398117366],[-81.74159476077867,33.69074561298259],[-81.74493790399059,33.68536208337202],[-81.74845355697472,33.67969301723923],[-81.75211792695248,33.67391687469446],[-81.75640690632702,33.66702833585208],[-81.76130859511586,33.664589387746176],[-81.76108254665104,33.65787336005119],[-81.76828636508647,33.65222213999379],[-81.77101679618919,33.64636271701765],[-81.77238871766414,33.64362616195059],[-81.77460978244119,33.639022080176986],[-81.77658473488152,33.635143557838404],[-81.7758471021506,33.63067017211119],[-81.78023720757164,33.62761256418682],[-81.78461541570506,33.620759716154815],[-81.78717928478106,33.616649198190444],[-81.79128980394297,33.61031983063814],[-81.7934670111712,33.606988586022915],[-81.79456751207297,33.60531106577357],[-81.79786901387989,33.6014682359298],[-81.8032703896472,33.595168613101336],[-81.80453745257567,33.59377662921678],[-81.80466237499401,33.589225910236806],[-81.80488842435717,33.58447888470944],[-81.80533920166168,33.584460246040315],[-81.8056267380111,33.58448678814455],[-81.80606625673015,33.583884019861436]]]}"", ""review_note"": """", ""primary_source_reason"": """", ""resolution_requirement"": ""standard_public_gis"", ""route_file"": ""C:\\Users\\sebas\\PycharmProjects\\Git\\Project_secret_project\\data\\processed\\dominion\\reference\\dominion_route_resolution_v3_tagged.csv"", ""distance_km"": """", ""hops"": """", ""start_snap_km"": """", ""end_snap_km"": """", ""osm_way_ids"": """", ""way_names"": """", ""operators"": """", ""unknown_voltage_edge_count"": """", ""source"": """", ""attribution"": """", ""license"": """"}"
