project_key,utility,state,project_id,project_name,description,asset_type,asset_name,endpoint_a,endpoint_b,voltage_kv,circuit,asset_stage,scope_role,scope_notes,scope_source,resolution_requirement,asset_key,expected_length_miles
GA:01_expansion_plan_projects.pdf:1:18492,GPC,GA,18492,MITCHELL - NORTH TIFTON 230KV RECONDUCTOR,Rebuild 35.21 miles of the Mitchell - North Tifton 230kV line from 100C 795 ACSR to 100C 1351 ACSR.,line,Mitchell - North Tifton,Mitchell,North Tifton,230,,existing,work,35.21 miles,description_checked,standard_public_gis,GA:01_expansion_plan_projects.pdf:1:18492:1,35.21
GA:01_expansion_plan_projects.pdf:1:19676,GPC,GA,19676,ADAMSVILLE - JACK MCDONOUGH 230KV LINE REBUILD,Rebuild the entire 6.1 mile Adamsville - Jack McDonough 230kV line with 160C 1351 ACSS.,line,Adamsville - Jack McDonough,Adamsville,Jack McDonough,230,,existing,work,Entire 6.1 miles,description_checked,standard_public_gis,GA:01_expansion_plan_projects.pdf:1:19676:1,6.1
GA:01_expansion_plan_projects.pdf:1:18800,GPC,GA,18800,ECHECONNEE-WELLSTON 115KV REBUILD,Rebuild the South Warner Robins to Wellston section (1.2 miles) with 100C 1351.5 ACSR Martin conductor.,line,South Warner Robins - Wellston,South Warner Robins,Wellston,115,,existing,work,1.2 mile work section; voltage from title,description_checked,standard_public_gis,GA:01_expansion_plan_projects.pdf:1:18800:1,1.2
GA:01_expansion_plan_projects.pdf:1:19187,GPC,GA,19187,GRID - BREMEN - CROOKED CREEK (APC) 115 KV PROJECT,"Rebuild from Bremen to Indian Creek Road, on the Bremen - Crooked Creek 115kV line (14 miles), using 795 ACSR conductor at 100C.",line,Bremen - Indian Creek Road,Bremen,Indian Creek Road,115,,existing,work,14 mile section of Bremen-Crooked Creek,description_checked,standard_public_gis,GA:01_expansion_plan_projects.pdf:1:19187:1,14
GA:01_expansion_plan_projects.pdf:1:11821,GPC,GA,11821,JESUP - LUDOWICI PRIMARY 115KV REBUILD,Rebuild approximately 7.5 miles of the Jesup - North Jesup - Rayonier section of the Jesup - Ludowici Primary 115kV line from 100C 336.4 ACSR Linnet conductor to 100C 795 ACSR Drake conductor.,line,Jesup - North Jesup,Jesup,North Jesup,115,,existing,work,First part of 7.5 mile chain,description_checked,standard_public_gis,GA:01_expansion_plan_projects.pdf:1:11821:1,
GA:01_expansion_plan_projects.pdf:1:11821,GPC,GA,11821,JESUP - LUDOWICI PRIMARY 115KV REBUILD,Rebuild approximately 7.5 miles of the Jesup - North Jesup - Rayonier section of the Jesup - Ludowici Primary 115kV line from 100C 336.4 ACSR Linnet conductor to 100C 795 ACSR Drake conductor.,line,North Jesup - Rayonier,North Jesup,Rayonier,115,,existing,work,Second part of 7.5 mile chain,description_checked,standard_public_gis,GA:01_expansion_plan_projects.pdf:1:11821:2,
GA:01_expansion_plan_projects.pdf:1:20464,GPC,GA,20464,NORCROSS 230KV BUS 1-3 SERIES BUS TIE BREAKER INSTALLATION,Install a bus tie breaker in series with existing bus tie breaker between 230kV Bus 1 and Bus 3 at Norcross.,station,Norcross,,,230,,existing,work,Bus tie equipment,description_checked,standard_public_gis,GA:01_expansion_plan_projects.pdf:1:20464:1,
GA:01_expansion_plan_projects.pdf:2:19631,GPC,GA,19631,PINE GROVE PRIMARY 115 KV DUAL STAGE CAPACITOR BANK,Install a Dual Stage 30MVAR capacitor bank at Pine Grove Primary.,station,Pine Grove Primary,,,115,,existing,work,Capacitor,description_checked,standard_public_gis,GA:01_expansion_plan_projects.pdf:2:19631:1,
GA:01_expansion_plan_projects.pdf:2:20466,GPC,GA,20466,SMART VALVE INSTALLATION,Installation of Smart Valve devices inside the Eatonton Primary substation on the Branch - Oasis 230kV and Eatonton Primary - Oasis 230kV lines.,station,Eatonton Primary,,,230,,existing,work,Smart Valves inside station; lines are context,description_checked,standard_public_gis,GA:01_expansion_plan_projects.pdf:2:20466:1,
GA:01_expansion_plan_projects.pdf:2:21046,GPC,GA,21046,THALMANN AND COLERAIN 23O KV LINE RELAY PANEL UPGRADES,Relay protection modifications at GPC's Thalmann and Colerain substations to match relay scheme used at GTC's new Camden Industrial Park 230/115kV substation.,station,Thalmann,,,230,,existing,work,Relay scheme,description_checked,standard_public_gis,GA:01_expansion_plan_projects.pdf:2:21046:1,
GA:01_expansion_plan_projects.pdf:2:21046,GPC,GA,21046,THALMANN AND COLERAIN 23O KV LINE RELAY PANEL UPGRADES,Relay protection modifications at GPC's Thalmann and Colerain substations to match relay scheme used at GTC's new Camden Industrial Park 230/115kV substation.,station,Colerain,,,230,,existing,work,Relay scheme,description_checked,standard_public_gis,GA:01_expansion_plan_projects.pdf:2:21046:2,
GA:01_expansion_plan_projects.pdf:2:20431,GPC,GA,20431,VILLA RICA LOW SIDE BREAKER,Replace a low side breaker at Villa Rica with a 4000A breaker.,station,Villa Rica,,,,,existing,work,Low side breaker,description_checked,standard_public_gis,GA:01_expansion_plan_projects.pdf:2:20431:1,
GA:01_expansion_plan_projects.pdf:2:20684,GPC,GA,20684,CAMDEN INDUSTRIAL PARK (GPC),This project will loop in GPC's existing Colerain to Thalman 230kV line into GTC's new Camden Industrial Park station. GPC's Kingsland termination at GTC's Kinlaw sub will be relocated to a new 115kV bay position.,line,Colerain - Thalman,Colerain,Thalman,230,,existing,context,Parent line for new loop; exact tie points unknown,description_checked,standard_public_gis,GA:01_expansion_plan_projects.pdf:2:20684:1,
GA:01_expansion_plan_projects.pdf:2:20684,GPC,GA,20684,CAMDEN INDUSTRIAL PARK (GPC),This project will loop in GPC's existing Colerain to Thalman 230kV line into GTC's new Camden Industrial Park station. GPC's Kingsland termination at GTC's Kinlaw sub will be relocated to a new 115kV bay position.,station,Camden Industrial Park,,,230,,proposed,work,New station loop interface,description_checked,standard_public_gis,GA:01_expansion_plan_projects.pdf:2:20684:2,
GA:01_expansion_plan_projects.pdf:2:20684,GPC,GA,20684,CAMDEN INDUSTRIAL PARK (GPC),This project will loop in GPC's existing Colerain to Thalman 230kV line into GTC's new Camden Industrial Park station. GPC's Kingsland termination at GTC's Kinlaw sub will be relocated to a new 115kV bay position.,station,Kinlaw,,,115,,existing,work,Relocate Kingsland termination,description_checked,standard_public_gis,GA:01_expansion_plan_projects.pdf:2:20684:3,
GA:01_expansion_plan_projects.pdf:2:20684,GPC,GA,20684,CAMDEN INDUSTRIAL PARK (GPC),This project will loop in GPC's existing Colerain to Thalman 230kV line into GTC's new Camden Industrial Park station. GPC's Kingsland termination at GTC's Kinlaw sub will be relocated to a new 115kV bay position.,scope_review_needed,Colerain-Thalman loop into Camden Industrial Park,,,230,,uncertain,work,New loop geometry and tie points not specified,description_checked,standard_public_gis,GA:01_expansion_plan_projects.pdf:2:20684:4,
GA:01_expansion_plan_projects.pdf:2:18889,GPC,GA,18889,JEFFERSON STREET#3 - NORTHWEST (WHITE) 115 KV RECONDUCTOR,Rebuild the 115kV White line from Northwest to Jefferson Street #3 (1.2 miles) with 200C 1351 ACSS conductor.,line,Northwest - Jefferson Street #3,Northwest,Jefferson Street #3,115,White,existing,work,1.2 miles,description_checked,standard_public_gis,GA:01_expansion_plan_projects.pdf:2:18889:1,1.2
GA:01_expansion_plan_projects.pdf:2:20326,GPC,GA,20326,ANTHONY SHOALS STATCOM SYSTEM,Install a + 150 / - 150 MVAR turnkey STATCOM system at Anthony Shoals 230kV substation.,station,Anthony Shoals,,,230,,existing,work,STATCOM,description_checked,standard_public_gis,GA:01_expansion_plan_projects.pdf:2:20326:1,
GA:01_expansion_plan_projects.pdf:2:20152,GPC,GA,20152,CC - CASS PINE- HILL VIEW 230 KV LINE- CC IMPROVEMENTS,Build a new 7.58 mile 200C 1351 ACSS conductor 230kV line between new Cass Pine and Hill View 230kV substations.,line,Cass Pine - Hill View,Cass Pine,Hill View,230,,proposed,work,7.58 mile new line,description_checked,standard_public_gis,GA:01_expansion_plan_projects.pdf:2:20152:1,
GA:01_expansion_plan_projects.pdf:2:20175,GPC,GA,20175,CC - PROJECT CHRONOS- SK/HYUNDAI,GPC will build a 230/25kV station named Two Run Ranch and loop it into the Cartersville - Pinson 230kV line to serve SK Battery/Hyundai and new load in the area.,station,Two Run Ranch,,,230;25,,proposed,work,New station,description_checked,standard_public_gis,GA:01_expansion_plan_projects.pdf:2:20175:1,
GA:01_expansion_plan_projects.pdf:2:20175,GPC,GA,20175,CC - PROJECT CHRONOS- SK/HYUNDAI,GPC will build a 230/25kV station named Two Run Ranch and loop it into the Cartersville - Pinson 230kV line to serve SK Battery/Hyundai and new load in the area.,line,Cartersville - Pinson,Cartersville,Pinson,230,,existing,context,Existing parent for loop; not new loop geometry,description_checked,standard_public_gis,GA:01_expansion_plan_projects.pdf:2:20175:2,
GA:01_expansion_plan_projects.pdf:2:20175,GPC,GA,20175,CC - PROJECT CHRONOS- SK/HYUNDAI,GPC will build a 230/25kV station named Two Run Ranch and loop it into the Cartersville - Pinson 230kV line to serve SK Battery/Hyundai and new load in the area.,scope_review_needed,Two Run Ranch loop,,,230,,uncertain,work,Tie points unknown,description_checked,standard_public_gis,GA:01_expansion_plan_projects.pdf:2:20175:3,
GA:01_expansion_plan_projects.pdf:2:20018,GPC,GA,20018,CC - QTS FAYETTEVILLE TRANSMISSION NEEDS,"Build a new 500/230kV substation (Ashley Park) splitting the Ohara - Union City 500kV line. Install two 500/230kV auto transformers at the Ashley Park station. At Ashley Park, the 500kV side will be a 4 - breaker ring bus, while the 230kV side will be a 2 - rung Breaker and a Half configuration. Build two new 230kV lines (~6 miles each) from Ashley Park to the high side of customer substations. The new lines will be built with bundled 200C 1351 ACSS Martin conductor.",station,Ashley Park,,,500;230,,proposed,work,New station and transformers,description_checked,standard_public_gis,GA:01_expansion_plan_projects.pdf:2:20018:1,
GA:01_expansion_plan_projects.pdf:2:20018,GPC,GA,20018,CC - QTS FAYETTEVILLE TRANSMISSION NEEDS,"Build a new 500/230kV substation (Ashley Park) splitting the Ohara - Union City 500kV line. Install two 500/230kV auto transformers at the Ashley Park station. At Ashley Park, the 500kV side will be a 4 - breaker ring bus, while the 230kV side will be a 2 - rung Breaker and a Half configuration. Build two new 230kV lines (~6 miles each) from Ashley Park to the high side of customer substations. The new lines will be built with bundled 200C 1351 ACSS Martin conductor.",line,Ohara - Union City,Ohara,Union City,500,,existing,context,Parent line to split,description_checked,standard_public_gis,GA:01_expansion_plan_projects.pdf:2:20018:2,
GA:01_expansion_plan_projects.pdf:2:20018,GPC,GA,20018,CC - QTS FAYETTEVILLE TRANSMISSION NEEDS,"Build a new 500/230kV substation (Ashley Park) splitting the Ohara - Union City 500kV line. Install two 500/230kV auto transformers at the Ashley Park station. At Ashley Park, the 500kV side will be a 4 - breaker ring bus, while the 230kV side will be a 2 - rung Breaker and a Half configuration. Build two new 230kV lines (~6 miles each) from Ashley Park to the high side of customer substations. The new lines will be built with bundled 200C 1351 ACSS Martin conductor.",line,Ashley Park - Unnamed customer substation 1,Ashley Park,Unnamed customer substation 1,230,1,proposed,work,New approximately 6 mile line,description_checked,standard_public_gis,GA:01_expansion_plan_projects.pdf:2:20018:3,
GA:01_expansion_plan_projects.pdf:2:20018,GPC,GA,20018,CC - QTS FAYETTEVILLE TRANSMISSION NEEDS,"Build a new 500/230kV substation (Ashley Park) splitting the Ohara - Union City 500kV line. Install two 500/230kV auto transformers at the Ashley Park station. At Ashley Park, the 500kV side will be a 4 - breaker ring bus, while the 230kV side will be a 2 - rung Breaker and a Half configuration. Build two new 230kV lines (~6 miles each) from Ashley Park to the high side of customer substations. The new lines will be built with bundled 200C 1351 ACSS Martin conductor.",line,Ashley Park - Unnamed customer substation 2,Ashley Park,Unnamed customer substation 2,230,2,proposed,work,New approximately 6 mile line,description_checked,standard_public_gis,GA:01_expansion_plan_projects.pdf:2:20018:4,
GA:01_expansion_plan_projects.pdf:3:19597,GPC,GA,19597,ADAMSVILLE - BUZZARD ROOST 230KV REBUILD AND JUMPER UPGRADE,Rebuild the line sections from Adamsville to Boat Rock Road (8.08 miles) on the Adamsville - Buzzard Roost 230kV line with 200C 1351 ACSS Martin conductor. Replace the AAC 750 jumper on the line at Adamsville with (2) 1590 AAC jumper. Replace 1590 AAC jumpers at Bakers Ferry and Boat Rock with (2) 1590 AAC jumpers. Replace 1600A line switches at Boat Rock with 3000A switches.,line,Adamsville - Boat Rock Road,Adamsville,Boat Rock Road,230,,existing,work,8.08 mile section,description_checked,standard_public_gis,GA:01_expansion_plan_projects.pdf:3:19597:1,8.08
GA:01_expansion_plan_projects.pdf:3:19597,GPC,GA,19597,ADAMSVILLE - BUZZARD ROOST 230KV REBUILD AND JUMPER UPGRADE,Rebuild the line sections from Adamsville to Boat Rock Road (8.08 miles) on the Adamsville - Buzzard Roost 230kV line with 200C 1351 ACSS Martin conductor. Replace the AAC 750 jumper on the line at Adamsville with (2) 1590 AAC jumper. Replace 1590 AAC jumpers at Bakers Ferry and Boat Rock with (2) 1590 AAC jumpers. Replace 1600A line switches at Boat Rock with 3000A switches.,station,Adamsville,,,230,,existing,work,Jumper,description_checked,standard_public_gis,GA:01_expansion_plan_projects.pdf:3:19597:2,
GA:01_expansion_plan_projects.pdf:3:19597,GPC,GA,19597,ADAMSVILLE - BUZZARD ROOST 230KV REBUILD AND JUMPER UPGRADE,Rebuild the line sections from Adamsville to Boat Rock Road (8.08 miles) on the Adamsville - Buzzard Roost 230kV line with 200C 1351 ACSS Martin conductor. Replace the AAC 750 jumper on the line at Adamsville with (2) 1590 AAC jumper. Replace 1590 AAC jumpers at Bakers Ferry and Boat Rock with (2) 1590 AAC jumpers. Replace 1600A line switches at Boat Rock with 3000A switches.,station,Bakers Ferry,,,230,,existing,work,Jumper,description_checked,standard_public_gis,GA:01_expansion_plan_projects.pdf:3:19597:3,
GA:01_expansion_plan_projects.pdf:3:19597,GPC,GA,19597,ADAMSVILLE - BUZZARD ROOST 230KV REBUILD AND JUMPER UPGRADE,Rebuild the line sections from Adamsville to Boat Rock Road (8.08 miles) on the Adamsville - Buzzard Roost 230kV line with 200C 1351 ACSS Martin conductor. Replace the AAC 750 jumper on the line at Adamsville with (2) 1590 AAC jumper. Replace 1590 AAC jumpers at Bakers Ferry and Boat Rock with (2) 1590 AAC jumpers. Replace 1600A line switches at Boat Rock with 3000A switches.,station,Boat Rock,,,230,,existing,work,Jumpers and switches; Road name variant not silently assumed,description_checked,standard_public_gis,GA:01_expansion_plan_projects.pdf:3:19597:4,
GA:01_expansion_plan_projects.pdf:3:18960,GPC,GA,18960,BLANKETS CREEK – WOODSTOCK 115KV LINE REBUILD,"Rebuild the entire Blankets Creek - Woodstock 115kV line, approximately 7.1 miles, with 200C 795 ACSS conductor.",line,Blankets Creek - Woodstock,Blankets Creek,Woodstock,115,,existing,work,Entire 7.1 miles,description_checked,standard_public_gis,GA:01_expansion_plan_projects.pdf:3:18960:1,7.1
GA:01_expansion_plan_projects.pdf:3:20243,GPC,GA,20243,CC - GARRETT ROAD SWITCHING STATION - TRAE LANE,Build the new Garrett Road 230kV switching station (three - element ring bus) splitting the Villa Rica - West Marietta 230kV line. Build a new 230kV line (8.6 miles) from the Trae Lane substation to the Garrett Road switching station with bundled 100C 1351 ACSR conductor.,station,Garrett Road,,,230,,proposed,work,New switching station,description_checked,standard_public_gis,GA:01_expansion_plan_projects.pdf:3:20243:1,
GA:01_expansion_plan_projects.pdf:3:20243,GPC,GA,20243,CC - GARRETT ROAD SWITCHING STATION - TRAE LANE,Build the new Garrett Road 230kV switching station (three - element ring bus) splitting the Villa Rica - West Marietta 230kV line. Build a new 230kV line (8.6 miles) from the Trae Lane substation to the Garrett Road switching station with bundled 100C 1351 ACSR conductor.,line,Villa Rica - West Marietta,Villa Rica,West Marietta,230,,existing,context,Parent line to split,description_checked,standard_public_gis,GA:01_expansion_plan_projects.pdf:3:20243:2,
GA:01_expansion_plan_projects.pdf:3:20243,GPC,GA,20243,CC - GARRETT ROAD SWITCHING STATION - TRAE LANE,Build the new Garrett Road 230kV switching station (three - element ring bus) splitting the Villa Rica - West Marietta 230kV line. Build a new 230kV line (8.6 miles) from the Trae Lane substation to the Garrett Road switching station with bundled 100C 1351 ACSR conductor.,line,Trae Lane - Garrett Road,Trae Lane,Garrett Road,230,,proposed,work,New 8.6 mile line,description_checked,standard_public_gis,GA:01_expansion_plan_projects.pdf:3:20243:3,
GA:01_expansion_plan_projects.pdf:3:20216,GPC,GA,20216,CC - STONEWALL TELL ROAD (TA REALTY),"Build 230kV line segment, using 200C 1351 ACSS Martin conductor, to loop in the Stonewall Tell Road (TA Realty) customer station into the East Point - Union City 230kV Black line.",station,Stonewall Tell Road,,,230,,proposed,work,New customer station,description_checked,standard_public_gis,GA:01_expansion_plan_projects.pdf:3:20216:1,
GA:01_expansion_plan_projects.pdf:3:20216,GPC,GA,20216,CC - STONEWALL TELL ROAD (TA REALTY),"Build 230kV line segment, using 200C 1351 ACSS Martin conductor, to loop in the Stonewall Tell Road (TA Realty) customer station into the East Point - Union City 230kV Black line.",line,East Point - Union City,East Point,Union City,230,Black,existing,context,Parent corridor only,description_checked,standard_public_gis,GA:01_expansion_plan_projects.pdf:3:20216:2,
GA:01_expansion_plan_projects.pdf:3:20216,GPC,GA,20216,CC - STONEWALL TELL ROAD (TA REALTY),"Build 230kV line segment, using 200C 1351 ACSS Martin conductor, to loop in the Stonewall Tell Road (TA Realty) customer station into the East Point - Union City 230kV Black line.",scope_review_needed,Stonewall Tell Road loop segment,,,230,,uncertain,work,New loop tie points unknown,description_checked,standard_public_gis,GA:01_expansion_plan_projects.pdf:3:20216:3,
GA:01_expansion_plan_projects.pdf:3:20491,GPC,GA,20491,EAST POINT RELAY MODERNIZATION,"Upgrade protection on 230kV buses, 115kV buses, and 230/115kV auto transformer at the East Point station. Add adequate monitoring on DC supply.",station,East Point,,,230;115,,existing,work,Relay modernization,description_checked,standard_public_gis,GA:01_expansion_plan_projects.pdf:3:20491:1,
GA:01_expansion_plan_projects.pdf:3:16007,GPC,GA,16007,FENWICK STREET - SAND BAR FERRY 115KV (RECONDUCTOR/REBUILD),Reconductor approximately 2.72 miles of transmission line from Fenwick St to East Augusta Jct. with 100C 1351 ACSR conductor.,line,Fenwick Street - East Augusta Junction,Fenwick Street,East Augusta Junction,115,,existing,work,2.72 mile section; St and Jct expanded,description_checked,standard_public_gis,GA:01_expansion_plan_projects.pdf:3:16007:1,2.72
GA:01_expansion_plan_projects.pdf:3:20516,GPC,GA,20516,"GOAT ROCK 230KV SWITCH, JUMPER, & LINE TRAP REPLACEMENT","Replace the 230kV 1200A switch with 3000A, 90C 1351.5 ACSR Martin jumper with (2) AAC 1590, and 1600A line trap with 3000A (part of the Goat Rock - North Opelika 230kV line at Goat Rock substation.",station,Goat Rock,,,230,,existing,work,Switch jumper and trap; North Opelika line is context,description_checked,standard_public_gis,GA:01_expansion_plan_projects.pdf:3:20516:1,
GA:01_expansion_plan_projects.pdf:3:19618,GPC,GA,19618,GORDON-N DUBLIN 115KV (GORDON-ENGL MCI J) REBUILD,Rebuild the Gordon - Engelhard McIntyre J of the Gordon - North Dublin 115kV line from 100C 336.4 ACSR (2.81 miles) Linnet and 75C 4/0 F Copper/CW (3.18 miles) to 200C ACSS 795 conductor.,line,Gordon - Engelhard McIntyre J,Gordon,Engelhard McIntyre J,115,,existing,work,2.81 and 3.18 mile conductor portions of same section,description_checked,standard_public_gis,GA:01_expansion_plan_projects.pdf:3:19618:1,5.99
GA:01_expansion_plan_projects.pdf:3:21139,GPC,GA,21139,GRADY - MORROW (WHITE) 115KV REBUILD,Replace 0.72 miles of conductor from Moreland Way to Morrow including the bus and jumper at Moreland Way with 1351.5 Martin/ACSS 54/19 conductor.,line,Moreland Way - Morrow,Moreland Way,Morrow,115,White,existing,work,0.72 miles; voltage and circuit from title,description_checked,standard_public_gis,GA:01_expansion_plan_projects.pdf:3:21139:1,0.72
GA:01_expansion_plan_projects.pdf:3:21139,GPC,GA,21139,GRADY - MORROW (WHITE) 115KV REBUILD,Replace 0.72 miles of conductor from Moreland Way to Morrow including the bus and jumper at Moreland Way with 1351.5 Martin/ACSS 54/19 conductor.,station,Moreland Way,,,115,,existing,work,Bus and jumper,description_checked,standard_public_gis,GA:01_expansion_plan_projects.pdf:3:21139:2,
GA:01_expansion_plan_projects.pdf:3:20474,GPC,GA,20474,GRADY 230/115KV RELAY MODERNIZATION,"Upgrade protection on 230kV bus, all 115kV buses, and both 230/115kV auto transformers at Grady. Add adequate monitoring on DC supply. Install a 230kV breaker and associated switches on the high side of Grady 230/115kV auto transformer D.",station,Grady,,,230;115,,existing,work,Protection and transformer D breaker,description_checked,standard_public_gis,GA:01_expansion_plan_projects.pdf:3:20474:1,
GA:01_expansion_plan_projects.pdf:3:19706,GPC,GA,19706,GRID - GAINESVILLE #2 EQUIPMENT REPLACEMENT,GPC: Replace the two 230/115kV auto transformers (Bank C and D) at Gainesville #2 with 400MVA. Project was originally maintenance driven but now compliance driven.,station,Gainesville #2,,,230;115,,existing,work,Transformer banks C and D,description_checked,standard_public_gis,GA:01_expansion_plan_projects.pdf:3:19706:1,
GA:01_expansion_plan_projects.pdf:4:19636,GPC,GA,19636,HAMMOND - WEISS DAM 115KV LINE REBUILD,Rebuild 11.2 miles of Hammond - Weiss Dam 115kV from Hammond to the APC border with 200C 795 ACSS.,line,Hammond - APC border,Hammond,APC border,115,,existing,work,11.2 miles; border terminal requires primary source,description_checked,standard_public_gis,GA:01_expansion_plan_projects.pdf:4:19636:1,11.2
GA:01_expansion_plan_projects.pdf:4:20512,GPC,GA,20512,KATHLEEN AREA IMPROVEMENTS,Rebuild the Kathleen - Big Grocery Creek 230kV line (approximately 1.5 miles). Rebuild the Bonaire Primary - Kathleen 230kV line (approximately 6 miles). Upgrade limiting elements at Kathleen substation.,line,Kathleen - Big Grocery Creek,Kathleen,Big Grocery Creek,230,,existing,work,1.5 miles,description_checked,standard_public_gis,GA:01_expansion_plan_projects.pdf:4:20512:1,1.5
GA:01_expansion_plan_projects.pdf:4:20512,GPC,GA,20512,KATHLEEN AREA IMPROVEMENTS,Rebuild the Kathleen - Big Grocery Creek 230kV line (approximately 1.5 miles). Rebuild the Bonaire Primary - Kathleen 230kV line (approximately 6 miles). Upgrade limiting elements at Kathleen substation.,line,Bonaire Primary - Kathleen,Bonaire Primary,Kathleen,230,,existing,work,6 miles,description_checked,standard_public_gis,GA:01_expansion_plan_projects.pdf:4:20512:2,6
GA:01_expansion_plan_projects.pdf:4:20512,GPC,GA,20512,KATHLEEN AREA IMPROVEMENTS,Rebuild the Kathleen - Big Grocery Creek 230kV line (approximately 1.5 miles). Rebuild the Bonaire Primary - Kathleen 230kV line (approximately 6 miles). Upgrade limiting elements at Kathleen substation.,station,Kathleen,,,230,,existing,work,Limiting elements,description_checked,standard_public_gis,GA:01_expansion_plan_projects.pdf:4:20512:3,
GA:01_expansion_plan_projects.pdf:4:20490,GPC,GA,20490,KLONDIKE RELAY MODERNIZATION,Upgrade protection on 230kV buses at the Klondike station. Add adequate monitoring on DC supply.,station,Klondike,,,230,,existing,work,Protection,description_checked,standard_public_gis,GA:01_expansion_plan_projects.pdf:4:20490:1,
GA:01_expansion_plan_projects.pdf:4:20300,GPC,GA,20300,MORROW 115KV RELAY UPGRADE,Upgrade protection scheme on all three 115kV buses at Morrow.,station,Morrow,,,115,,existing,work,Protection,description_checked,standard_public_gis,GA:01_expansion_plan_projects.pdf:4:20300:1,
GA:01_expansion_plan_projects.pdf:4:18690,GPC,GA,18690,PALMYRA REACTOR REMOVAL,Remove the 6% reactor at the Palmyra Substation.,station,Palmyra,,,,,existing,work,Reactor removal,description_checked,standard_public_gis,GA:01_expansion_plan_projects.pdf:4:18690:1,
GA:01_expansion_plan_projects.pdf:4:20489,GPC,GA,20489,SCOTTDALE RELAY MODERNIZATION,Upgrade protection on 230kV bus and 230/115kV auto transformers at the Scottdale station. Add adequate monitoring on DC supply.,station,Scottdale,,,230;115,,existing,work,Protection,description_checked,standard_public_gis,GA:01_expansion_plan_projects.pdf:4:20489:1,
GA:01_expansion_plan_projects.pdf:4:17900,GPC,GA,17900,UNION CITY - YATES 230 KV WHITE LINE REBUILD,Rebuild 23.4 miles of the Union City - Yates 230kV White line with bundled 1351 ACSS Martin conductor at 200C.,line,Union City - Yates,Union City,Yates,230,White,existing,work,23.4 miles,description_checked,standard_public_gis,GA:01_expansion_plan_projects.pdf:4:17900:1,23.4
GA:01_expansion_plan_projects.pdf:5:20691,GPC,GA,20691,UNION CITY - YATES 230KV (WHITE) SWITCH AND TRAP REPLACEMENT,Replace the limiting elements at Union City and Yates substations along the Union City - Yates 230kV (White) line.,station,Union City,,,230,White,existing,work,Limiting elements,description_checked,standard_public_gis,GA:01_expansion_plan_projects.pdf:5:20691:1,
GA:01_expansion_plan_projects.pdf:5:20691,GPC,GA,20691,UNION CITY - YATES 230KV (WHITE) SWITCH AND TRAP REPLACEMENT,Replace the limiting elements at Union City and Yates substations along the Union City - Yates 230kV (White) line.,station,Yates,,,230,White,existing,work,Limiting elements,description_checked,standard_public_gis,GA:01_expansion_plan_projects.pdf:5:20691:2,
GA:01_expansion_plan_projects.pdf:5:20223,GPC,GA,20223,CC - PROJECT PAYTON BAINBRIDGE,Split Farley - South Bainbridge 230kV line with a 230kV station (Dothan Road) and bring an 8.5 mile 200C 1351 ACSS 230kV line from Dothan Rd to new customer sub Downrange. Bring another 10mile 200C 1351 ACSS 230kV line from Climax to customer sub Downrange.,station,Dothan Road,,,230,,proposed,work,New station,description_checked,standard_public_gis,GA:01_expansion_plan_projects.pdf:5:20223:1,
GA:01_expansion_plan_projects.pdf:5:20223,GPC,GA,20223,CC - PROJECT PAYTON BAINBRIDGE,Split Farley - South Bainbridge 230kV line with a 230kV station (Dothan Road) and bring an 8.5 mile 200C 1351 ACSS 230kV line from Dothan Rd to new customer sub Downrange. Bring another 10mile 200C 1351 ACSS 230kV line from Climax to customer sub Downrange.,line,Farley - South Bainbridge,Farley,South Bainbridge,230,,existing,context,Parent line to split,description_checked,standard_public_gis,GA:01_expansion_plan_projects.pdf:5:20223:2,
GA:01_expansion_plan_projects.pdf:5:20223,GPC,GA,20223,CC - PROJECT PAYTON BAINBRIDGE,Split Farley - South Bainbridge 230kV line with a 230kV station (Dothan Road) and bring an 8.5 mile 200C 1351 ACSS 230kV line from Dothan Rd to new customer sub Downrange. Bring another 10mile 200C 1351 ACSS 230kV line from Climax to customer sub Downrange.,line,Dothan Road - Downrange,Dothan Road,Downrange,230,,proposed,work,8.5 miles,description_checked,standard_public_gis,GA:01_expansion_plan_projects.pdf:5:20223:3,
GA:01_expansion_plan_projects.pdf:5:20223,GPC,GA,20223,CC - PROJECT PAYTON BAINBRIDGE,Split Farley - South Bainbridge 230kV line with a 230kV station (Dothan Road) and bring an 8.5 mile 200C 1351 ACSS 230kV line from Dothan Rd to new customer sub Downrange. Bring another 10mile 200C 1351 ACSS 230kV line from Climax to customer sub Downrange.,line,Climax - Downrange,Climax,Downrange,230,,proposed,work,10 miles,description_checked,standard_public_gis,GA:01_expansion_plan_projects.pdf:5:20223:4,
GA:01_expansion_plan_projects.pdf:5:21022,GPC,GA,21022,OHARA BREAKER REPLACEMENT,Replace Breaker on the Ohara - Tara 115kV Line at the Ohara Substation.,station,Ohara,,,115,,existing,work,Breaker; Tara corridor is context,description_checked,standard_public_gis,GA:01_expansion_plan_projects.pdf:5:21022:1,
GA:01_expansion_plan_projects.pdf:5:20668,GPC,GA,20668,DRESDEN LINE PROTECTIVE RELAYING,"On the O'Hara - Wansley 500kV line, replace the protective relay panels associated with the 500kV line terminal facing Dresden, at both O'Hara and Wansley.",station,O'Hara,,,500,,existing,work,Relay panels facing Dresden,description_checked,standard_public_gis,GA:01_expansion_plan_projects.pdf:5:20668:1,
GA:01_expansion_plan_projects.pdf:5:20668,GPC,GA,20668,DRESDEN LINE PROTECTIVE RELAYING,"On the O'Hara - Wansley 500kV line, replace the protective relay panels associated with the 500kV line terminal facing Dresden, at both O'Hara and Wansley.",station,Wansley,,,500,,existing,work,Relay panels facing Dresden,description_checked,standard_public_gis,GA:01_expansion_plan_projects.pdf:5:20668:2,
GA:01_expansion_plan_projects.pdf:5:20151,GPC,GA,20151,CC - CASS PINE 230/25 NEW SUB - QCELLS - CC IMPROVEMENTS,Build a new 230/25kV 8 element ring bus networked substation named Cass Pine that will interconnect between new Great Valley and Hill View 230kV substations.,station,Cass Pine,,,230;25,,proposed,work,New station between Great Valley and Hill View,description_checked,standard_public_gis,GA:01_expansion_plan_projects.pdf:5:20151:1,
GA:01_expansion_plan_projects.pdf:5:20151,GPC,GA,20151,CC - CASS PINE 230/25 NEW SUB - QCELLS - CC IMPROVEMENTS,Build a new 230/25kV 8 element ring bus networked substation named Cass Pine that will interconnect between new Great Valley and Hill View 230kV substations.,scope_review_needed,Cass Pine interconnection,,,230,,uncertain,work,Tie geometry not specified,description_checked,standard_public_gis,GA:01_expansion_plan_projects.pdf:5:20151:2,
GA:01_expansion_plan_projects.pdf:5:19287,GPC,GA,19287,GRADY-WEST END 115KV REBUILD,Reconductor the Grady - West End 115kV line (2.6 miles) using 200C 1351 ACSS Martin.,line,Grady - West End,Grady,West End,115,,existing,work,2.6 miles,description_checked,standard_public_gis,GA:01_expansion_plan_projects.pdf:5:19287:1,2.6
GA:01_expansion_plan_projects.pdf:5:19363,GPC,GA,19363,MORROW - MOUNTAIN VIEW 115 KV REBUILD,Rebuild the Mountain View - Barnett Road section of the Morrow - Mountain View 115kV line with 200C 1351 ACSS Martin conductor.,line,Mountain View - Barnett Road,Mountain View,Barnett Road,115,,existing,work,Work section; not entire Morrow corridor,description_checked,standard_public_gis,GA:01_expansion_plan_projects.pdf:5:19363:1,
GA:01_expansion_plan_projects.pdf:5:20509,GPC,GA,20509,CC - EMBLEM RIVERSIDE CUSTOMER SUB (FLEXENTIAL),"A new customer substation, Emblem Riverside, is being built along the Buzzard Roost - Douglasville 230kV line. Moreover, a Fiber ICON ring is being built in the area to help with communications and protection for all customers in the area.",station,Emblem Riverside,,,230,,proposed,work,New customer station,description_checked,standard_public_gis,GA:01_expansion_plan_projects.pdf:5:20509:1,
GA:01_expansion_plan_projects.pdf:5:20509,GPC,GA,20509,CC - EMBLEM RIVERSIDE CUSTOMER SUB (FLEXENTIAL),"A new customer substation, Emblem Riverside, is being built along the Buzzard Roost - Douglasville 230kV line. Moreover, a Fiber ICON ring is being built in the area to help with communications and protection for all customers in the area.",line,Buzzard Roost - Douglasville,Buzzard Roost,Douglasville,230,,existing,context,Station context only,description_checked,standard_public_gis,GA:01_expansion_plan_projects.pdf:5:20509:2,
GA:01_expansion_plan_projects.pdf:5:20509,GPC,GA,20509,CC - EMBLEM RIVERSIDE CUSTOMER SUB (FLEXENTIAL),"A new customer substation, Emblem Riverside, is being built along the Buzzard Roost - Douglasville 230kV line. Moreover, a Fiber ICON ring is being built in the area to help with communications and protection for all customers in the area.",scope_review_needed,Fiber ICON ring,,,,,uncertain,work,Route not specified,description_checked,standard_public_gis,GA:01_expansion_plan_projects.pdf:5:20509:3,
GA:01_expansion_plan_projects.pdf:5:19601,GPC,GA,19601,MORROW - YATES COMMON 115KV LINE UPGRADE,"On the Fife - Fairburn SW - Owens Corning Tap sections of the Morrow - Yates Common 115kV line, rebuild approximately 5.8 miles of 50C 477 ACSR with 210C 1334 T13 ACCR Martin or 200C 1351.0 ACSS Martin.",line,Fife - Fairburn SW,Fife,Fairburn SW,115,,existing,work,First section of total 5.8 miles,description_checked,standard_public_gis,GA:01_expansion_plan_projects.pdf:5:19601:1,
GA:01_expansion_plan_projects.pdf:5:19601,GPC,GA,19601,MORROW - YATES COMMON 115KV LINE UPGRADE,"On the Fife - Fairburn SW - Owens Corning Tap sections of the Morrow - Yates Common 115kV line, rebuild approximately 5.8 miles of 50C 477 ACSR with 210C 1334 T13 ACCR Martin or 200C 1351.0 ACSS Martin.",line,Fairburn SW - Owens Corning Tap,Fairburn SW,Owens Corning Tap,115,,existing,work,Second section; do not substitute parent Morrow-Yates,description_checked,standard_public_gis,GA:01_expansion_plan_projects.pdf:5:19601:2,
GA:01_expansion_plan_projects.pdf:5:15879,GPC,GA,15879,POSSUM BRANCH - YATES COMMON 115KV REBUILD (YATES TO CLEM),Rebuild 11.2 miles of 100C 477 ACSR with 200C 1334 T13 ACCR Martin or 200C 1351.0 ACSS between Yates Common to Oak Mountain. Replace limiting elements along the line.,line,Yates Common - Oak Mountain,Yates Common,Oak Mountain,115,,existing,work,11.2 miles; description overrides title Yates-to-Clem,description_checked,standard_public_gis,GA:01_expansion_plan_projects.pdf:5:15879:1,11.2
GA:01_expansion_plan_projects.pdf:5:15879,GPC,GA,15879,POSSUM BRANCH - YATES COMMON 115KV REBUILD (YATES TO CLEM),Rebuild 11.2 miles of 100C 477 ACSR with 200C 1334 T13 ACCR Martin or 200C 1351.0 ACSS between Yates Common to Oak Mountain. Replace limiting elements along the line.,scope_review_needed,Limiting elements along Yates Common-Oak Mountain,,,115,,uncertain,work,Locations not individually named,description_checked,standard_public_gis,GA:01_expansion_plan_projects.pdf:5:15879:2,
GA:01_expansion_plan_projects.pdf:6:20771,GPC,GA,20771,CC - GULLATT ROAD TRANSMISSION IMPROVEMENTS,Upstream Transmission improvements to serve a new customer station being built along the Morrow - Yates Common 115kV and Line Creek - Fairburn #2 115kV lines. Rebuild the Morrow - Yates Common 115kV line from Line Creek to the new Gullatt Road customer station. Rebuild the Line Creek - Fairburn #2 115kV line from Line Creek to the new Gullatt Road customer station. Remove the Owens Corning Tap Connection on the Morrow - Yates Common 115kV line and rebuild the line from North Coweta to Str 1. Build new line section from Str 1 to the new Gullatt Road customer station,station,Gullatt Road,,,115,,proposed,work,New customer station,description_checked,standard_public_gis,GA:01_expansion_plan_projects.pdf:6:20771:1,
GA:01_expansion_plan_projects.pdf:6:20771,GPC,GA,20771,CC - GULLATT ROAD TRANSMISSION IMPROVEMENTS,Upstream Transmission improvements to serve a new customer station being built along the Morrow - Yates Common 115kV and Line Creek - Fairburn #2 115kV lines. Rebuild the Morrow - Yates Common 115kV line from Line Creek to the new Gullatt Road customer station. Rebuild the Line Creek - Fairburn #2 115kV line from Line Creek to the new Gullatt Road customer station. Remove the Owens Corning Tap Connection on the Morrow - Yates Common 115kV line and rebuild the line from North Coweta to Str 1. Build new line section from Str 1 to the new Gullatt Road customer station,line,Line Creek - Gullatt Road,Line Creek,Gullatt Road,115,Morrow-Yates Common,existing,work,Rebuild into future terminal; exact limits need source,description_checked,standard_public_gis,GA:01_expansion_plan_projects.pdf:6:20771:2,
GA:01_expansion_plan_projects.pdf:6:20771,GPC,GA,20771,CC - GULLATT ROAD TRANSMISSION IMPROVEMENTS,Upstream Transmission improvements to serve a new customer station being built along the Morrow - Yates Common 115kV and Line Creek - Fairburn #2 115kV lines. Rebuild the Morrow - Yates Common 115kV line from Line Creek to the new Gullatt Road customer station. Rebuild the Line Creek - Fairburn #2 115kV line from Line Creek to the new Gullatt Road customer station. Remove the Owens Corning Tap Connection on the Morrow - Yates Common 115kV line and rebuild the line from North Coweta to Str 1. Build new line section from Str 1 to the new Gullatt Road customer station,line,Line Creek - Gullatt Road,Line Creek,Gullatt Road,115,Line Creek-Fairburn #2,existing,work,Separate referenced line; same endpoints do not make duplicate,description_checked,standard_public_gis,GA:01_expansion_plan_projects.pdf:6:20771:3,
GA:01_expansion_plan_projects.pdf:6:20771,GPC,GA,20771,CC - GULLATT ROAD TRANSMISSION IMPROVEMENTS,Upstream Transmission improvements to serve a new customer station being built along the Morrow - Yates Common 115kV and Line Creek - Fairburn #2 115kV lines. Rebuild the Morrow - Yates Common 115kV line from Line Creek to the new Gullatt Road customer station. Rebuild the Line Creek - Fairburn #2 115kV line from Line Creek to the new Gullatt Road customer station. Remove the Owens Corning Tap Connection on the Morrow - Yates Common 115kV line and rebuild the line from North Coweta to Str 1. Build new line section from Str 1 to the new Gullatt Road customer station,station,Owens Corning Tap,,,115,,existing,work,Remove connection,description_checked,standard_public_gis,GA:01_expansion_plan_projects.pdf:6:20771:4,
GA:01_expansion_plan_projects.pdf:6:20771,GPC,GA,20771,CC - GULLATT ROAD TRANSMISSION IMPROVEMENTS,Upstream Transmission improvements to serve a new customer station being built along the Morrow - Yates Common 115kV and Line Creek - Fairburn #2 115kV lines. Rebuild the Morrow - Yates Common 115kV line from Line Creek to the new Gullatt Road customer station. Rebuild the Line Creek - Fairburn #2 115kV line from Line Creek to the new Gullatt Road customer station. Remove the Owens Corning Tap Connection on the Morrow - Yates Common 115kV line and rebuild the line from North Coweta to Str 1. Build new line section from Str 1 to the new Gullatt Road customer station,line,North Coweta - Str 1,North Coweta,Str 1,115,,existing,work,Numbered structure needs primary source,description_checked,standard_public_gis,GA:01_expansion_plan_projects.pdf:6:20771:5,
GA:01_expansion_plan_projects.pdf:6:20771,GPC,GA,20771,CC - GULLATT ROAD TRANSMISSION IMPROVEMENTS,Upstream Transmission improvements to serve a new customer station being built along the Morrow - Yates Common 115kV and Line Creek - Fairburn #2 115kV lines. Rebuild the Morrow - Yates Common 115kV line from Line Creek to the new Gullatt Road customer station. Rebuild the Line Creek - Fairburn #2 115kV line from Line Creek to the new Gullatt Road customer station. Remove the Owens Corning Tap Connection on the Morrow - Yates Common 115kV line and rebuild the line from North Coweta to Str 1. Build new line section from Str 1 to the new Gullatt Road customer station,line,Str 1 - Gullatt Road,Str 1,Gullatt Road,115,,proposed,work,New section,description_checked,standard_public_gis,GA:01_expansion_plan_projects.pdf:6:20771:6,
GA:01_expansion_plan_projects.pdf:6:18736,GPC,GA,18736,CC - MICROSOFT - SHUGART (CCO06),"GPC will rebuild the Line Creek 230kV substation as breaker and a half configuration and connect the Morrow - Yates 230kV line and the Union City - Yates 230kV White line into Line Creek. For the Union City - Yates 230kV Black line, terminate the line from the Yates side into Shugart Farms, and the line from the Union City side into Line Creek. Build two short lines from Line Creek to Shugart Farms (0.3 miles each) with 100C 1351 ACSR Martin conductor.",station,Line Creek,,,230,,existing,work,Rebuild station,description_checked,standard_public_gis,GA:01_expansion_plan_projects.pdf:6:18736:1,
GA:01_expansion_plan_projects.pdf:6:18736,GPC,GA,18736,CC - MICROSOFT - SHUGART (CCO06),"GPC will rebuild the Line Creek 230kV substation as breaker and a half configuration and connect the Morrow - Yates 230kV line and the Union City - Yates 230kV White line into Line Creek. For the Union City - Yates 230kV Black line, terminate the line from the Yates side into Shugart Farms, and the line from the Union City side into Line Creek. Build two short lines from Line Creek to Shugart Farms (0.3 miles each) with 100C 1351 ACSR Martin conductor.",line,Morrow - Yates,Morrow,Yates,230,,existing,context,New termination at Line Creek; parent corridor,description_checked,standard_public_gis,GA:01_expansion_plan_projects.pdf:6:18736:2,
GA:01_expansion_plan_projects.pdf:6:18736,GPC,GA,18736,CC - MICROSOFT - SHUGART (CCO06),"GPC will rebuild the Line Creek 230kV substation as breaker and a half configuration and connect the Morrow - Yates 230kV line and the Union City - Yates 230kV White line into Line Creek. For the Union City - Yates 230kV Black line, terminate the line from the Yates side into Shugart Farms, and the line from the Union City side into Line Creek. Build two short lines from Line Creek to Shugart Farms (0.3 miles each) with 100C 1351 ACSR Martin conductor.",line,Union City - Yates,Union City,Yates,230,White,existing,context,New termination at Line Creek; parent corridor,description_checked,standard_public_gis,GA:01_expansion_plan_projects.pdf:6:18736:3,
GA:01_expansion_plan_projects.pdf:6:18736,GPC,GA,18736,CC - MICROSOFT - SHUGART (CCO06),"GPC will rebuild the Line Creek 230kV substation as breaker and a half configuration and connect the Morrow - Yates 230kV line and the Union City - Yates 230kV White line into Line Creek. For the Union City - Yates 230kV Black line, terminate the line from the Yates side into Shugart Farms, and the line from the Union City side into Line Creek. Build two short lines from Line Creek to Shugart Farms (0.3 miles each) with 100C 1351 ACSR Martin conductor.",line,Yates - Shugart Farms,Yates,Shugart Farms,230,Black,existing,work,Re-termination; not proof entire section rebuilt,description_checked,standard_public_gis,GA:01_expansion_plan_projects.pdf:6:18736:4,
GA:01_expansion_plan_projects.pdf:6:18736,GPC,GA,18736,CC - MICROSOFT - SHUGART (CCO06),"GPC will rebuild the Line Creek 230kV substation as breaker and a half configuration and connect the Morrow - Yates 230kV line and the Union City - Yates 230kV White line into Line Creek. For the Union City - Yates 230kV Black line, terminate the line from the Yates side into Shugart Farms, and the line from the Union City side into Line Creek. Build two short lines from Line Creek to Shugart Farms (0.3 miles each) with 100C 1351 ACSR Martin conductor.",line,Union City - Line Creek,Union City,Line Creek,230,Black,existing,work,Re-termination,description_checked,standard_public_gis,GA:01_expansion_plan_projects.pdf:6:18736:5,
GA:01_expansion_plan_projects.pdf:6:18736,GPC,GA,18736,CC - MICROSOFT - SHUGART (CCO06),"GPC will rebuild the Line Creek 230kV substation as breaker and a half configuration and connect the Morrow - Yates 230kV line and the Union City - Yates 230kV White line into Line Creek. For the Union City - Yates 230kV Black line, terminate the line from the Yates side into Shugart Farms, and the line from the Union City side into Line Creek. Build two short lines from Line Creek to Shugart Farms (0.3 miles each) with 100C 1351 ACSR Martin conductor.",line,Line Creek - Shugart Farms,Line Creek,Shugart Farms,230,1,proposed,work,First short 0.3 mile line,description_checked,standard_public_gis,GA:01_expansion_plan_projects.pdf:6:18736:6,
GA:01_expansion_plan_projects.pdf:6:18736,GPC,GA,18736,CC - MICROSOFT - SHUGART (CCO06),"GPC will rebuild the Line Creek 230kV substation as breaker and a half configuration and connect the Morrow - Yates 230kV line and the Union City - Yates 230kV White line into Line Creek. For the Union City - Yates 230kV Black line, terminate the line from the Yates side into Shugart Farms, and the line from the Union City side into Line Creek. Build two short lines from Line Creek to Shugart Farms (0.3 miles each) with 100C 1351 ACSR Martin conductor.",line,Line Creek - Shugart Farms,Line Creek,Shugart Farms,230,2,proposed,work,Second short 0.3 mile line,description_checked,standard_public_gis,GA:01_expansion_plan_projects.pdf:6:18736:7,
GA:01_expansion_plan_projects.pdf:6:20781,GPC,GA,20781,CC - SUMMER LAKE - VILLA RICA 230KV REBUILD (CC IMPROVMNT),Rebuild the 2.5 mile section from Villa Rica to the new East Villa Rica Switching station on the Summer Lake - Villa Rica 230kV line with bundled 200C 1351 ACSS Martin.,line,Villa Rica - East Villa Rica Switching,Villa Rica,East Villa Rica Switching,230,,existing,work,2.5 miles to new station; future boundary,description_checked,standard_public_gis,GA:01_expansion_plan_projects.pdf:6:20781:1,2.5
GA:01_expansion_plan_projects.pdf:6:20736,GPC,GA,20736,CC - TA REALTY ELLENWOOD NETWORK IMPROVEMENTS,"Rebuild the ~14.9mi Austin Drive - Morrow 115kV with 200C 1351.5 ACSS Martin. At Austin Drive 115kV, replace the 115/230kV auto transformer along with upgrades other limiting elements at the station.",line,Austin Drive - Morrow,Austin Drive,Morrow,115,,existing,work,14.9 miles,description_checked,standard_public_gis,GA:01_expansion_plan_projects.pdf:6:20736:1,14.9
GA:01_expansion_plan_projects.pdf:6:20736,GPC,GA,20736,CC - TA REALTY ELLENWOOD NETWORK IMPROVEMENTS,"Rebuild the ~14.9mi Austin Drive - Morrow 115kV with 200C 1351.5 ACSS Martin. At Austin Drive 115kV, replace the 115/230kV auto transformer along with upgrades other limiting elements at the station.",station,Austin Drive,,,115;230,,existing,work,Auto transformer and limiting elements,description_checked,standard_public_gis,GA:01_expansion_plan_projects.pdf:6:20736:2,
GA:01_expansion_plan_projects.pdf:6:20234,GPC,GA,20234,DOYLE - LG&E MONROE 230KV - JACKS CREEK LOOP IN,Loop in and out the new Jack's Creek 230kV switching station into the Doyle - LG&E Monroe 230kV line. This is coordinated with the East Walton Project (TEAMS #09662).,station,Jack's Creek,,,230,,proposed,work,New switching station,description_checked,standard_public_gis,GA:01_expansion_plan_projects.pdf:6:20234:1,
GA:01_expansion_plan_projects.pdf:6:20234,GPC,GA,20234,DOYLE - LG&E MONROE 230KV - JACKS CREEK LOOP IN,Loop in and out the new Jack's Creek 230kV switching station into the Doyle - LG&E Monroe 230kV line. This is coordinated with the East Walton Project (TEAMS #09662).,line,Doyle - LG&E Monroe,Doyle,LG&E Monroe,230,,existing,context,Parent line for loop,description_checked,standard_public_gis,GA:01_expansion_plan_projects.pdf:6:20234:2,
GA:01_expansion_plan_projects.pdf:6:20234,GPC,GA,20234,DOYLE - LG&E MONROE 230KV - JACKS CREEK LOOP IN,Loop in and out the new Jack's Creek 230kV switching station into the Doyle - LG&E Monroe 230kV line. This is coordinated with the East Walton Project (TEAMS #09662).,scope_review_needed,Jack's Creek loop in and out,,,230,,uncertain,work,Exact tie points unknown,description_checked,standard_public_gis,GA:01_expansion_plan_projects.pdf:6:20234:3,
GA:01_expansion_plan_projects.pdf:6:18668,GPC,GA,18668,JESUP - OFFERMAN 115KV REBUILD,"Rebuild 20 miles of 100C 4/0 ACSR Penguin conductor along the Jesup - Offerman 115kV line, with 100C 795 ACSR Drake conductor.",line,Jesup - Offerman,Jesup,Offerman,115,,existing,work,20 miles,description_checked,standard_public_gis,GA:01_expansion_plan_projects.pdf:6:18668:1,20
GA:01_expansion_plan_projects.pdf:7:10143,GPC,GA,10143,LAWRENCEVILLE - WINDER 115KV LINE REBUILD,Rebuild approximately 1.2 miles of 100C 636 ACSR conductor from Johns Manville to Winder Primary with 200C 795 ACSS conductor.,line,Johns Manville - Winder Primary,Johns Manville,Winder Primary,115,,existing,work,1.2 mile section,description_checked,standard_public_gis,GA:01_expansion_plan_projects.pdf:7:10143:1,1.2
GA:01_expansion_plan_projects.pdf:7:10481,GPC,GA,10481,LAWRENCEVILLE - WINDER PRIMARY 230KV LINE REBUILD,"Rebuild the entire Lawrenceville - Winder Primary 230kV line, approximately 15.4 miles, using 200C 1351 ACSS ""Martin"" conductor.",line,Lawrenceville - Winder Primary,Lawrenceville,Winder Primary,230,,existing,work,Entire 15.4 mile line,description_checked,standard_public_gis,GA:01_expansion_plan_projects.pdf:7:10481:1,15.4
GA:01_expansion_plan_projects.pdf:7:19248,GPC,GA,19248,SANDERSVILLE #1 - WADLEY PRI. 115KV REBUILD/RECONDUCTOR,Rebuild approximately 24.3 miles of the Sandersville #1 - Wadley Primary 115kV line from 100C 336 ACSR Linnet conductor to 100C 1351 ACSR Drake conductor. Replace limiting elements in substations along the line.,line,Sandersville #1 - Wadley Primary,Sandersville #1,Wadley Primary,115,,existing,work,24.3 miles,description_checked,standard_public_gis,GA:01_expansion_plan_projects.pdf:7:19248:1,24.3
GA:01_expansion_plan_projects.pdf:7:19248,GPC,GA,19248,SANDERSVILLE #1 - WADLEY PRI. 115KV REBUILD/RECONDUCTOR,Rebuild approximately 24.3 miles of the Sandersville #1 - Wadley Primary 115kV line from 100C 336 ACSR Linnet conductor to 100C 1351 ACSR Drake conductor. Replace limiting elements in substations along the line.,scope_review_needed,Substation limiting elements along Sandersville-Wadley,,,115,,uncertain,work,Station names not specified,description_checked,standard_public_gis,GA:01_expansion_plan_projects.pdf:7:19248:2,
GA:01_expansion_plan_projects.pdf:7:20717,GPC,GA,20717,CC - TOMOCHICHI 500/230KV SOLUTION (CC NETWORK IMPROVEMENTS),"Build the new Tomochichi 500/230kV switching station (four element ring bus 500kV high side, four element breaker and a half 230kV low side) splitting the Ohara - Schere 500kV line. Build two new 230kV lines from the new Tomochichi substation to the new Towaliga River 230kV substation.",station,Tomochichi,,,500;230,,proposed,work,New switching station,description_checked,standard_public_gis,GA:01_expansion_plan_projects.pdf:7:20717:1,
GA:01_expansion_plan_projects.pdf:7:20717,GPC,GA,20717,CC - TOMOCHICHI 500/230KV SOLUTION (CC NETWORK IMPROVEMENTS),"Build the new Tomochichi 500/230kV switching station (four element ring bus 500kV high side, four element breaker and a half 230kV low side) splitting the Ohara - Schere 500kV line. Build two new 230kV lines from the new Tomochichi substation to the new Towaliga River 230kV substation.",line,Ohara - Schere,Ohara,Schere,500,,existing,context,Parent line to split; spelling retained,description_checked,standard_public_gis,GA:01_expansion_plan_projects.pdf:7:20717:2,
GA:01_expansion_plan_projects.pdf:7:20717,GPC,GA,20717,CC - TOMOCHICHI 500/230KV SOLUTION (CC NETWORK IMPROVEMENTS),"Build the new Tomochichi 500/230kV switching station (four element ring bus 500kV high side, four element breaker and a half 230kV low side) splitting the Ohara - Schere 500kV line. Build two new 230kV lines from the new Tomochichi substation to the new Towaliga River 230kV substation.",line,Tomochichi - Towaliga River,Tomochichi,Towaliga River,230,1,proposed,work,First new line,description_checked,standard_public_gis,GA:01_expansion_plan_projects.pdf:7:20717:3,
GA:01_expansion_plan_projects.pdf:7:20717,GPC,GA,20717,CC - TOMOCHICHI 500/230KV SOLUTION (CC NETWORK IMPROVEMENTS),"Build the new Tomochichi 500/230kV switching station (four element ring bus 500kV high side, four element breaker and a half 230kV low side) splitting the Ohara - Schere 500kV line. Build two new 230kV lines from the new Tomochichi substation to the new Towaliga River 230kV substation.",line,Tomochichi - Towaliga River,Tomochichi,Towaliga River,230,2,proposed,work,Second new line,description_checked,standard_public_gis,GA:01_expansion_plan_projects.pdf:7:20717:4,
GA:01_expansion_plan_projects.pdf:7:18573,GPC,GA,18573,GRID - ARKWRIGHT - LLOYD SHOALS 115KV,Rebuild the Arkwright - Lloyd Shoals 115kV line with 100C 795 ACSR Drake.,line,Arkwright - Lloyd Shoals,Arkwright,Lloyd Shoals,115,,existing,work,Rebuild named line,description_checked,standard_public_gis,GA:01_expansion_plan_projects.pdf:7:18573:1,
GA:01_expansion_plan_projects.pdf:7:17977,GPC,GA,17977,ATHENA - EAST WATKINSVILLE 115 KV (REBUILD),Rebuild 8.47 miles of the University of Georgia - East Watkinsville line sections on the Athena - East Watkinsville 115kV line with 100C ACSR 1033 conductor.,line,University of Georgia - East Watkinsville,University of Georgia,East Watkinsville,115,,existing,work,8.47 mile work section,description_checked,standard_public_gis,GA:01_expansion_plan_projects.pdf:7:17977:1,8.47
GA:01_expansion_plan_projects.pdf:7:20150,GPC,GA,20150,CC - HILL VIEW & GRASSY HOLLOW SUB - CC IMPROVEMENTS,Build two 230kV switching stations (Hill View and Grassy Hollow) looping into the Cartersville - McGrau Ford 230kV line (8.5 miles apart). Build two new 230kV lines: Cass Pine - Great Valley and Great Valley - Grassy Hollow (total 10.1 miles) with 200C 1351 ACSS Martin.,station,Hill View,,,230,,proposed,work,New switching station,description_checked,standard_public_gis,GA:01_expansion_plan_projects.pdf:7:20150:1,
GA:01_expansion_plan_projects.pdf:7:20150,GPC,GA,20150,CC - HILL VIEW & GRASSY HOLLOW SUB - CC IMPROVEMENTS,Build two 230kV switching stations (Hill View and Grassy Hollow) looping into the Cartersville - McGrau Ford 230kV line (8.5 miles apart). Build two new 230kV lines: Cass Pine - Great Valley and Great Valley - Grassy Hollow (total 10.1 miles) with 200C 1351 ACSS Martin.,station,Grassy Hollow,,,230,,proposed,work,New switching station,description_checked,standard_public_gis,GA:01_expansion_plan_projects.pdf:7:20150:2,
GA:01_expansion_plan_projects.pdf:7:20150,GPC,GA,20150,CC - HILL VIEW & GRASSY HOLLOW SUB - CC IMPROVEMENTS,Build two 230kV switching stations (Hill View and Grassy Hollow) looping into the Cartersville - McGrau Ford 230kV line (8.5 miles apart). Build two new 230kV lines: Cass Pine - Great Valley and Great Valley - Grassy Hollow (total 10.1 miles) with 200C 1351 ACSS Martin.,line,Cartersville - McGrau Ford,Cartersville,McGrau Ford,230,,existing,context,Parent line for two loops,description_checked,standard_public_gis,GA:01_expansion_plan_projects.pdf:7:20150:3,
GA:01_expansion_plan_projects.pdf:7:20150,GPC,GA,20150,CC - HILL VIEW & GRASSY HOLLOW SUB - CC IMPROVEMENTS,Build two 230kV switching stations (Hill View and Grassy Hollow) looping into the Cartersville - McGrau Ford 230kV line (8.5 miles apart). Build two new 230kV lines: Cass Pine - Great Valley and Great Valley - Grassy Hollow (total 10.1 miles) with 200C 1351 ACSS Martin.,line,Cass Pine - Great Valley,Cass Pine,Great Valley,230,,proposed,work,Part of 10.1 mile new line total,description_checked,standard_public_gis,GA:01_expansion_plan_projects.pdf:7:20150:4,
GA:01_expansion_plan_projects.pdf:7:20150,GPC,GA,20150,CC - HILL VIEW & GRASSY HOLLOW SUB - CC IMPROVEMENTS,Build two 230kV switching stations (Hill View and Grassy Hollow) looping into the Cartersville - McGrau Ford 230kV line (8.5 miles apart). Build two new 230kV lines: Cass Pine - Great Valley and Great Valley - Grassy Hollow (total 10.1 miles) with 200C 1351 ACSS Martin.,line,Great Valley - Grassy Hollow,Great Valley,Grassy Hollow,230,,proposed,work,Part of 10.1 mile new line total,description_checked,standard_public_gis,GA:01_expansion_plan_projects.pdf:7:20150:5,
GA:01_expansion_plan_projects.pdf:7:20024,GPC,GA,20024,DYER ROAD - EAST ROANOKE 115KV (REBUILD),Rebuild 20.7 miles of 75C 397.5 ACSR conductor with advanced conductor from Dyer Road to Wansley tap on the Dyer Road - East Roanoke (APC) 115kV line.,line,Dyer Road - Wansley tap,Dyer Road,Wansley tap,115,,existing,work,20.7 mile section; tap is not Wansley station,description_checked,standard_public_gis,GA:01_expansion_plan_projects.pdf:7:20024:1,20.7
GA:01_expansion_plan_projects.pdf:7:19997,GPC,GA,19997,AULTMAN ROAD-PERRY 115KV LINE REBUILD,Rebuild the PPG J2 - Langston Road line section of the Aultman Road - Perry 115kV line from 100C 336 ACSR Linnet conductor to 200C 1351 ACSS conductor.,line,PPG J2 - Langston Road,PPG J2,Langston Road,115,,existing,work,Work section,description_checked,standard_public_gis,GA:01_expansion_plan_projects.pdf:7:19997:1,
GA:01_expansion_plan_projects.pdf:7:20797,GPC,GA,20797,CC - EAST VILLA RICA AREA SWITCHING STATION (CC IMPROVEMENT),Build a 7 rung breaker and a half switching station along the right of way of the (3) 230kV lines about 2.5 miles East of Villa Rica to service recently signed customers in the area. All three lines will terminate into this station.,station,East Villa Rica Switching,,,230,,proposed,work,New station; name from title; approximate siting description,description_checked,standard_public_gis,GA:01_expansion_plan_projects.pdf:7:20797:1,
GA:01_expansion_plan_projects.pdf:7:20797,GPC,GA,20797,CC - EAST VILLA RICA AREA SWITCHING STATION (CC IMPROVEMENT),Build a 7 rung breaker and a half switching station along the right of way of the (3) 230kV lines about 2.5 miles East of Villa Rica to service recently signed customers in the area. All three lines will terminate into this station.,scope_review_needed,Three existing 230kV line terminations,,,230,,uncertain,work,Lines not individually named,description_checked,standard_public_gis,GA:01_expansion_plan_projects.pdf:7:20797:2,
GA:01_expansion_plan_projects.pdf:7:20774,GPC,GA,20774,CC - VILLA RICA UPGRADES (CC NETWORK IMPROVEMENTS),Loop in the Bowen - Union City line into Villa Rica 500kV bus and add a second 2016 MVA 500/230kV auto transformer. Convert the 230kV side to a 10 element breaker and a half scheme.,station,Villa Rica,,,500;230,,existing,work,Transformer and bus conversion,description_checked,standard_public_gis,GA:01_expansion_plan_projects.pdf:7:20774:1,
GA:01_expansion_plan_projects.pdf:7:20774,GPC,GA,20774,CC - VILLA RICA UPGRADES (CC NETWORK IMPROVEMENTS),Loop in the Bowen - Union City line into Villa Rica 500kV bus and add a second 2016 MVA 500/230kV auto transformer. Convert the 230kV side to a 10 element breaker and a half scheme.,line,Bowen - Union City,Bowen,Union City,500,,existing,context,Parent corridor for loop,description_checked,standard_public_gis,GA:01_expansion_plan_projects.pdf:7:20774:2,
GA:01_expansion_plan_projects.pdf:7:20774,GPC,GA,20774,CC - VILLA RICA UPGRADES (CC NETWORK IMPROVEMENTS),Loop in the Bowen - Union City line into Villa Rica 500kV bus and add a second 2016 MVA 500/230kV auto transformer. Convert the 230kV side to a 10 element breaker and a half scheme.,scope_review_needed,Bowen-Union City loop into Villa Rica,,,500,,uncertain,work,Exact tie points unknown,description_checked,standard_public_gis,GA:01_expansion_plan_projects.pdf:7:20774:3,
GA:01_expansion_plan_projects.pdf:8:21048,GPC,GA,21048,FITZGERALD - PITTS 115 KV LINE REBUILD,Rebuild approximately 26.14 miles of the Fitzgerald - Pitts 115kV line with 200C 1351 ACSS.,line,Fitzgerald - Pitts,Fitzgerald,Pitts,115,,existing,work,26.14 miles,description_checked,standard_public_gis,GA:01_expansion_plan_projects.pdf:8:21048:1,26.14
GA:01_expansion_plan_projects.pdf:8:20777,GPC,GA,20777,JACK MCDONOUGH - NORTHWEST (BLACK) 230KV RECONDUCTOR,Rebuild the Jack McDonough - Northwest (Black) 230kV line (4.59 miles) using 200C 1351 Elbrus/TW.,line,Jack McDonough - Northwest,Jack McDonough,Northwest,230,Black,existing,work,4.59 miles,description_checked,standard_public_gis,GA:01_expansion_plan_projects.pdf:8:20777:1,4.59
GA:01_expansion_plan_projects.pdf:8:20482,GPC,GA,20482,PITTMAN ROAD - WEST POINT DAM (USA) 115KV REBUILD,Rebuild 3 miles from the Pittman Road 115kV station to the West Point Dam (USA) 115kV station with 100C 1351 ACSS Martin conductor. Replace AAC 750 jumper at Pittman Road 115kV with (2) 1590 AAC.,line,Pittman Road - West Point Dam,Pittman Road,West Point Dam,115,,existing,work,3 miles,description_checked,standard_public_gis,GA:01_expansion_plan_projects.pdf:8:20482:1,3
GA:01_expansion_plan_projects.pdf:8:20482,GPC,GA,20482,PITTMAN ROAD - WEST POINT DAM (USA) 115KV REBUILD,Rebuild 3 miles from the Pittman Road 115kV station to the West Point Dam (USA) 115kV station with 100C 1351 ACSS Martin conductor. Replace AAC 750 jumper at Pittman Road 115kV with (2) 1590 AAC.,station,Pittman Road,,,115,,existing,work,Jumper,description_checked,standard_public_gis,GA:01_expansion_plan_projects.pdf:8:20482:2,
GA:01_expansion_plan_projects.pdf:8:20656,GPC,GA,20656,PLANT YATES BREAKER AND HALF STATION,Rebuild the Yates 6 & 7 substation to a Breaker and a Half configuration.,station,Yates 6 & 7,,,,,existing,work,Station rebuild; numbered facility identity retained,description_checked,standard_public_gis,GA:01_expansion_plan_projects.pdf:8:20656:1,
GA:01_expansion_plan_projects.pdf:8:21069,GPC,GA,21069,SMART VALVES AT EAST VILLA RICA SWITCHING STATION,Installation of Power Flow Controllers at the new East Villa Rica Switching Station on the Douglasville - Villa Rica 230kV and Summer Lake - Villa Rica 230kV lines. The Power Flow Controllers will be removed when GTCs strategic project at Cavender Drive goes in service.,station,East Villa Rica Switching,,,230,,proposed,work,Power Flow Controllers at new station; not two line rebuilds,description_checked,standard_public_gis,GA:01_expansion_plan_projects.pdf:8:21069:1,
GA:01_expansion_plan_projects.pdf:8:20768,GPC,GA,20768,SOUTH MACON 115KV BUSES 1 & 2 REPLACEMENT,Replace the 115kV buses 1 and 2 at South Macon with (2) 1590 AAC.,station,South Macon,,,115,,existing,work,Buses 1 and 2,description_checked,standard_public_gis,GA:01_expansion_plan_projects.pdf:8:20768:1,
GA:01_expansion_plan_projects.pdf:8:20274,GPC,GA,20274,UNION CITY - YATES 230KV (BLACK) LINE REBUILD,"Rebuild the Union City - Yates 230kV Black line with bundled 200C 1351 ACSS Martin conductor. Replace limiting elements at Union City, Fairburn #1 and Line Creek substations.",line,Union City - Yates,Union City,Yates,230,Black,existing,work,Line rebuild,description_checked,standard_public_gis,GA:01_expansion_plan_projects.pdf:8:20274:1,
GA:01_expansion_plan_projects.pdf:8:20274,GPC,GA,20274,UNION CITY - YATES 230KV (BLACK) LINE REBUILD,"Rebuild the Union City - Yates 230kV Black line with bundled 200C 1351 ACSS Martin conductor. Replace limiting elements at Union City, Fairburn #1 and Line Creek substations.",station,Union City,,,230,,existing,work,Limiting elements,description_checked,standard_public_gis,GA:01_expansion_plan_projects.pdf:8:20274:2,
GA:01_expansion_plan_projects.pdf:8:20274,GPC,GA,20274,UNION CITY - YATES 230KV (BLACK) LINE REBUILD,"Rebuild the Union City - Yates 230kV Black line with bundled 200C 1351 ACSS Martin conductor. Replace limiting elements at Union City, Fairburn #1 and Line Creek substations.",station,Fairburn #1,,,230,,existing,work,Limiting elements,description_checked,standard_public_gis,GA:01_expansion_plan_projects.pdf:8:20274:3,
GA:01_expansion_plan_projects.pdf:8:20274,GPC,GA,20274,UNION CITY - YATES 230KV (BLACK) LINE REBUILD,"Rebuild the Union City - Yates 230kV Black line with bundled 200C 1351 ACSS Martin conductor. Replace limiting elements at Union City, Fairburn #1 and Line Creek substations.",station,Line Creek,,,230,,existing,work,Limiting elements,description_checked,standard_public_gis,GA:01_expansion_plan_projects.pdf:8:20274:4,
GA:01_expansion_plan_projects.pdf:8:13166,GPC,GA,13166,FIRST AVENUE - NORTH COLUMBUS 115KV LINE REBUILD,Rebuild the 0.9 miles North Columbus - First Avenue 115kV line (currently 75C 657 ACAR) with 200C 1351 ACSS conductor.,line,North Columbus - First Avenue,North Columbus,First Avenue,115,,existing,work,0.9 miles,description_checked,standard_public_gis,GA:01_expansion_plan_projects.pdf:8:13166:1,0.9
GA:01_expansion_plan_projects.pdf:9:21062,GPC,GA,21062,ASHLEY PARK-WANSLEY 500KV,"Construct a 500kV line from Ashley Park to Wansley, approximately 35 miles long.",line,Ashley Park - Wansley,Ashley Park,Wansley,500,,proposed,work,35 miles,description_checked,standard_public_gis,GA:01_expansion_plan_projects.pdf:9:21062:1,
GA:01_expansion_plan_projects.pdf:9:10222,GPC,GA,10222,BLAKELY PRIMARY - HUCKLEBERRY 115KV REBUILD,Rebuild the Blakley Primary - Huckleberry 115kV line from 75C 477 ACSR to 200C 1351 ACSS. (13.5 miles) GPC: Replace jumpers at Blakely Primary GTC: Replace jumpers at Blakely and Huckleberry,line,Blakely Primary - Huckleberry,Blakely Primary,Huckleberry,115,,existing,work,13.5 miles; title corrects description Blakley spelling,description_checked,standard_public_gis,GA:01_expansion_plan_projects.pdf:9:10222:1,13.5
GA:01_expansion_plan_projects.pdf:9:10222,GPC,GA,10222,BLAKELY PRIMARY - HUCKLEBERRY 115KV REBUILD,Rebuild the Blakley Primary - Huckleberry 115kV line from 75C 477 ACSR to 200C 1351 ACSS. (13.5 miles) GPC: Replace jumpers at Blakely Primary GTC: Replace jumpers at Blakely and Huckleberry,station,Blakely Primary,,,115,,existing,work,Jumpers,description_checked,standard_public_gis,GA:01_expansion_plan_projects.pdf:9:10222:2,
GA:01_expansion_plan_projects.pdf:9:10222,GPC,GA,10222,BLAKELY PRIMARY - HUCKLEBERRY 115KV REBUILD,Rebuild the Blakley Primary - Huckleberry 115kV line from 75C 477 ACSR to 200C 1351 ACSS. (13.5 miles) GPC: Replace jumpers at Blakely Primary GTC: Replace jumpers at Blakely and Huckleberry,station,Blakely,,,115,,existing,work,GTC jumpers; do not assume same numbered facility,description_checked,standard_public_gis,GA:01_expansion_plan_projects.pdf:9:10222:3,
GA:01_expansion_plan_projects.pdf:9:10222,GPC,GA,10222,BLAKELY PRIMARY - HUCKLEBERRY 115KV REBUILD,Rebuild the Blakley Primary - Huckleberry 115kV line from 75C 477 ACSR to 200C 1351 ACSS. (13.5 miles) GPC: Replace jumpers at Blakely Primary GTC: Replace jumpers at Blakely and Huckleberry,station,Huckleberry,,,115,,existing,work,GTC jumpers,description_checked,standard_public_gis,GA:01_expansion_plan_projects.pdf:9:10222:4,
GA:01_expansion_plan_projects.pdf:9:21047,GPC,GA,21047,BROADWAY - ECHECONNEE 115 KV LINE REBUILD,Rebuild the Griffin Rd – Echeconnee line section of Broadway - Echeconnee line with 200C 1351 ACSS conductor.,line,Griffin Road - Echeconnee,Griffin Road,Echeconnee,115,,existing,work,Work section; replacement character in source separator,description_checked,standard_public_gis,GA:01_expansion_plan_projects.pdf:9:21047:1,
GA:01_expansion_plan_projects.pdf:9:16887,GPC,GA,16887,BUTLER - THOMASTON 230KV LINE CONVERSION,Rebuild the radial Thomaston - Butler 115kV line to 230kV network operation. Make all necessary upgrades and accommodations at Butler and Thomaston. Convert the Wesley substation from 115kV to 230kV.,line,Thomaston - Butler,Thomaston,Butler,115,,existing,work,Existing voltage 115; proposed conversion is 230,description_checked,standard_public_gis,GA:01_expansion_plan_projects.pdf:9:16887:1,
GA:01_expansion_plan_projects.pdf:9:16887,GPC,GA,16887,BUTLER - THOMASTON 230KV LINE CONVERSION,Rebuild the radial Thomaston - Butler 115kV line to 230kV network operation. Make all necessary upgrades and accommodations at Butler and Thomaston. Convert the Wesley substation from 115kV to 230kV.,station,Butler,,,115;230,,existing,work,Conversion accommodations,description_checked,standard_public_gis,GA:01_expansion_plan_projects.pdf:9:16887:2,
GA:01_expansion_plan_projects.pdf:9:16887,GPC,GA,16887,BUTLER - THOMASTON 230KV LINE CONVERSION,Rebuild the radial Thomaston - Butler 115kV line to 230kV network operation. Make all necessary upgrades and accommodations at Butler and Thomaston. Convert the Wesley substation from 115kV to 230kV.,station,Thomaston,,,115;230,,existing,work,Conversion accommodations,description_checked,standard_public_gis,GA:01_expansion_plan_projects.pdf:9:16887:3,
GA:01_expansion_plan_projects.pdf:9:16887,GPC,GA,16887,BUTLER - THOMASTON 230KV LINE CONVERSION,Rebuild the radial Thomaston - Butler 115kV line to 230kV network operation. Make all necessary upgrades and accommodations at Butler and Thomaston. Convert the Wesley substation from 115kV to 230kV.,station,Wesley,,,115;230,,existing,work,Station conversion,description_checked,standard_public_gis,GA:01_expansion_plan_projects.pdf:9:16887:4,
GA:01_expansion_plan_projects.pdf:9:21036,GPC,GA,21036,BUZZARD ROOST - FACTORY SHOALS 230KV NEW LINE,A new 2 mile 230kV line is being built from Buzzard Roost to Factory Shoals with 200C 1351 ACSS Martin conductor.,line,Buzzard Roost - Factory Shoals,Buzzard Roost,Factory Shoals,230,,proposed,work,New 2 mile line,description_checked,standard_public_gis,GA:01_expansion_plan_projects.pdf:9:21036:1,
GA:01_expansion_plan_projects.pdf:9:21142,GPC,GA,21142,CONYERS - KLONDIKE 230 KV SECOND LINE,Build a new 6.56 mile line from Conyers to Klondike with 200C (2) 1351 ACSS Martin conductor. Build one new 230kV breaker terminal at Conyers and one new 230kV terminal at Klondike.,line,Conyers - Klondike,Conyers,Klondike,230,,proposed,work,New 6.56 mile second line,description_checked,standard_public_gis,GA:01_expansion_plan_projects.pdf:9:21142:1,
GA:01_expansion_plan_projects.pdf:9:21142,GPC,GA,21142,CONYERS - KLONDIKE 230 KV SECOND LINE,Build a new 6.56 mile line from Conyers to Klondike with 200C (2) 1351 ACSS Martin conductor. Build one new 230kV breaker terminal at Conyers and one new 230kV terminal at Klondike.,station,Conyers,,,230,,existing,work,New terminal at existing station,description_checked,standard_public_gis,GA:01_expansion_plan_projects.pdf:9:21142:2,
GA:01_expansion_plan_projects.pdf:9:21142,GPC,GA,21142,CONYERS - KLONDIKE 230 KV SECOND LINE,Build a new 6.56 mile line from Conyers to Klondike with 200C (2) 1351 ACSS Martin conductor. Build one new 230kV breaker terminal at Conyers and one new 230kV terminal at Klondike.,station,Klondike,,,230,,existing,work,New terminal at existing station,description_checked,standard_public_gis,GA:01_expansion_plan_projects.pdf:9:21142:3,
GA:01_expansion_plan_projects.pdf:9:21138,GPC,GA,21138,GLENWOOD SPRINGS - PORTERDALE PRIMARY 230KV LINE SWITCH REPL,Replace the 600A line switch at Porterdale Primary on the Glenwood Springs - Porterdale Primary 230kV Line with 1200A switch.,station,Porterdale Primary,,,230,,existing,work,Line switch at station,description_checked,standard_public_gis,GA:01_expansion_plan_projects.pdf:9:21138:1,
GA:01_expansion_plan_projects.pdf:9:21141,GPC,GA,21141,LLOYD SHOALS - PORTERDALE PRIMARY 115KV REBUILD,Rebuild 15.8 miles of 50C 397.5 ACSR Ibis with 200C 1351 ACSS Martin from Jackson Lake to Lloyd Shoals and Jackson Lake to South. Covington Junction.,line,Jackson Lake - Lloyd Shoals,Jackson Lake,Lloyd Shoals,115,,existing,work,One of two sections; total 15.8 miles,description_checked,standard_public_gis,GA:01_expansion_plan_projects.pdf:9:21141:1,
GA:01_expansion_plan_projects.pdf:9:21141,GPC,GA,21141,LLOYD SHOALS - PORTERDALE PRIMARY 115KV REBUILD,Rebuild 15.8 miles of 50C 397.5 ACSR Ibis with 200C 1351 ACSS Martin from Jackson Lake to Lloyd Shoals and Jackson Lake to South. Covington Junction.,line,Jackson Lake - South Covington Junction,Jackson Lake,South Covington Junction,115,,existing,work,Second section; South. punctuation normalized,description_checked,standard_public_gis,GA:01_expansion_plan_projects.pdf:9:21141:2,
GA:01_expansion_plan_projects.pdf:9:20285,GPC,GA,20285,LOWER RIVER - WEBB (APC) 115KV RECONDUCTOR,Reconductor 0.97 miles of 100C 636 Grosbeak Lower River - Webb 115kV line with 200C 795 ACSS Drake conductor.,line,Lower River - Webb,Lower River,Webb,115,,existing,work,0.97 mile conductor portion; exact subsegment limits unknown,description_checked,standard_public_gis,GA:01_expansion_plan_projects.pdf:9:20285:1,0.97
GA:01_expansion_plan_projects.pdf:10:19621,GPC,GA,19621,MCEVER ROAD - SHOAL CREEK 115KV REBUILD,"Rebuild the 636 ACSR (1 mile) of the McEver Road - College Square section, and 2 - 4/0 copper part (2.05 miles) of the College Square to Lakeside WTP B line section, part of the McEver Road - Shoal Creek 115kV line, using 200C 1351 ACSS conductor.",line,McEver Road - College Square,McEver Road,College Square,115,,existing,work,1 mile conductor part,description_checked,standard_public_gis,GA:01_expansion_plan_projects.pdf:10:19621:1,1
GA:01_expansion_plan_projects.pdf:10:19621,GPC,GA,19621,MCEVER ROAD - SHOAL CREEK 115KV REBUILD,"Rebuild the 636 ACSR (1 mile) of the McEver Road - College Square section, and 2 - 4/0 copper part (2.05 miles) of the College Square to Lakeside WTP B line section, part of the McEver Road - Shoal Creek 115kV line, using 200C 1351 ACSS conductor.",line,College Square - Lakeside WTP B,College Square,Lakeside WTP B,115,,existing,work,2.05 mile conductor part,description_checked,standard_public_gis,GA:01_expansion_plan_projects.pdf:10:19621:2,2.05
GA:01_expansion_plan_projects.pdf:10:20346,GPC,GA,20346,MCMANUS - WEST BRUNSWICK 115KV REBUILD,"Rebuild the McManus - West Brunswick 115kV line, approximately 5.7 miles, with 200C 1351 ACSS Martin conductor.",line,McManus - West Brunswick,McManus,West Brunswick,115,,existing,work,5.7 miles,description_checked,standard_public_gis,GA:01_expansion_plan_projects.pdf:10:20346:1,5.7
GA:01_expansion_plan_projects.pdf:10:20757,GPC,GA,20757,NORCROSS - NORTH DRUID HILLS 115KV REBUILD,"Rebuild the Norcross - Norcross Junction (674) segment, approximately 3.9 miles, from 100C 477 ACSR Hawk conductor to 200C 1351 ACSS ""Martin"" conductor.",line,Norcross - Norcross Junction (674),Norcross,Norcross Junction (674),115,,existing,work,3.9 mile section; junction identity retained,description_checked,standard_public_gis,GA:01_expansion_plan_projects.pdf:10:20757:1,3.9
GA:01_expansion_plan_projects.pdf:10:13628,GPC,GA,13628,SOUTH BAINBRIDGE - SINAI (FPL) 115KV LINE RECONDUCTOR,Rebuild the Four Mile tap - Recovery - Sinai (FPL) segment of the Sinai (FPL) - South Bainbridge 115kV line from 100C 336.4 ACSR to 200C 1351 ACSS. 9.8 miles in FPL and 13.75 miles in GPC At Recovery (GTC): Replace 100C 336.4 ACSR string bus with higher rating and jumpers with (1) 1590 AAC At Sinai (FPL): Replace 100C 336.4 ACSR string bus with higher rating,line,Four Mile tap - Recovery,Four Mile tap,Recovery,115,,existing,work,First part of chain; do not substitute South Bainbridge,description_checked,standard_public_gis,GA:01_expansion_plan_projects.pdf:10:13628:1,
GA:01_expansion_plan_projects.pdf:10:13628,GPC,GA,13628,SOUTH BAINBRIDGE - SINAI (FPL) 115KV LINE RECONDUCTOR,Rebuild the Four Mile tap - Recovery - Sinai (FPL) segment of the Sinai (FPL) - South Bainbridge 115kV line from 100C 336.4 ACSR to 200C 1351 ACSS. 9.8 miles in FPL and 13.75 miles in GPC At Recovery (GTC): Replace 100C 336.4 ACSR string bus with higher rating and jumpers with (1) 1590 AAC At Sinai (FPL): Replace 100C 336.4 ACSR string bus with higher rating,line,Recovery - Sinai,Recovery,Sinai,115,,existing,work,Second part; crosses utility/state border,description_checked,standard_public_gis,GA:01_expansion_plan_projects.pdf:10:13628:2,
GA:01_expansion_plan_projects.pdf:10:13628,GPC,GA,13628,SOUTH BAINBRIDGE - SINAI (FPL) 115KV LINE RECONDUCTOR,Rebuild the Four Mile tap - Recovery - Sinai (FPL) segment of the Sinai (FPL) - South Bainbridge 115kV line from 100C 336.4 ACSR to 200C 1351 ACSS. 9.8 miles in FPL and 13.75 miles in GPC At Recovery (GTC): Replace 100C 336.4 ACSR string bus with higher rating and jumpers with (1) 1590 AAC At Sinai (FPL): Replace 100C 336.4 ACSR string bus with higher rating,station,Recovery,,,115,,existing,work,Bus and jumpers,description_checked,standard_public_gis,GA:01_expansion_plan_projects.pdf:10:13628:3,
GA:01_expansion_plan_projects.pdf:10:13628,GPC,GA,13628,SOUTH BAINBRIDGE - SINAI (FPL) 115KV LINE RECONDUCTOR,Rebuild the Four Mile tap - Recovery - Sinai (FPL) segment of the Sinai (FPL) - South Bainbridge 115kV line from 100C 336.4 ACSR to 200C 1351 ACSS. 9.8 miles in FPL and 13.75 miles in GPC At Recovery (GTC): Replace 100C 336.4 ACSR string bus with higher rating and jumpers with (1) 1590 AAC At Sinai (FPL): Replace 100C 336.4 ACSR string bus with higher rating,station,Sinai,,,115,,existing,work,Bus,description_checked,standard_public_gis,GA:01_expansion_plan_projects.pdf:10:13628:4,
GA:01_expansion_plan_projects.pdf:10:20248,GPC,GA,20248,BAY CREEK - CONYERS 230KV REBUILD,"GPC will rebuild the Bay Creek - Conyers 230kV line, approximately 15.29 miles, using 200C 1351 ACSS ""Martin"" conductor.",line,Bay Creek - Conyers,Bay Creek,Conyers,230,,existing,work,15.29 miles,description_checked,standard_public_gis,GA:01_expansion_plan_projects.pdf:10:20248:1,15.29
GA:01_expansion_plan_projects.pdf:10:21129,GPC,GA,21129,ANNISTON - HAMMOND 230KV LINE,Rebuild the 28.12 miles section between Hammond and the Goshen tap with 200C 1351 ACSS Martin conductor.,line,Hammond - Goshen tap,Hammond,Goshen tap,230,,existing,work,28.12 miles; tap not Goshen station,description_checked,standard_public_gis,GA:01_expansion_plan_projects.pdf:10:21129:1,28.12
GA:01_expansion_plan_projects.pdf:10:20764,GPC,GA,20764,ATKINSON - NORTHSIDE DRIVE 115KV REBUILD,"Rebuild a portion of the Atkinson - Northside 115kV line, approximately 3.2 miles from Atkinson to Chattahoochee with 200C 1351 ACSS Martin.",line,Atkinson - Chattahoochee,Atkinson,Chattahoochee,115,,existing,work,3.2 mile section,description_checked,standard_public_gis,GA:01_expansion_plan_projects.pdf:10:20764:1,3.2
GA:01_expansion_plan_projects.pdf:10:20761,GPC,GA,20761,ATKINSON - NORTHWEST 115KV REBUILD,Rebuild the 1.2 mile Atkinson - Tilford Yards section of the Atkinson - Northwest 115kV with 200C 1351 ACSS Martin.,line,Atkinson - Tilford Yards,Atkinson,Tilford Yards,115,,existing,work,1.2 mile section,description_checked,standard_public_gis,GA:01_expansion_plan_projects.pdf:10:20761:1,1.2
GA:01_expansion_plan_projects.pdf:10:21130,GPC,GA,21130,CC - NORTH GEORGIA DATA NETWORK UPGRADES,Construct approximately 7 miles of 115kV line with minimum 170C 1351 ACSS conductor from Gillsville Tap Junction to Midway. Utilize the existing GPC owned North Jackson - Lawrence Smith 46kV ROW that is to be retired. Disconnect the East Maysville 115kV tap at Midway 115kV and terminate the new Pond Fork - Midway 115kV line.,line,Gillsville Tap Junction - Midway,Gillsville Tap Junction,Midway,115,,proposed,work,New 7 mile line,description_checked,standard_public_gis,GA:01_expansion_plan_projects.pdf:10:21130:1,
GA:01_expansion_plan_projects.pdf:10:21130,GPC,GA,21130,CC - NORTH GEORGIA DATA NETWORK UPGRADES,Construct approximately 7 miles of 115kV line with minimum 170C 1351 ACSS conductor from Gillsville Tap Junction to Midway. Utilize the existing GPC owned North Jackson - Lawrence Smith 46kV ROW that is to be retired. Disconnect the East Maysville 115kV tap at Midway 115kV and terminate the new Pond Fork - Midway 115kV line.,line,North Jackson - Lawrence Smith,North Jackson,Lawrence Smith,46,,existing,work,Existing ROW to be retired; not proposed 115kV geometry,description_checked,standard_public_gis,GA:01_expansion_plan_projects.pdf:10:21130:2,
GA:01_expansion_plan_projects.pdf:10:21130,GPC,GA,21130,CC - NORTH GEORGIA DATA NETWORK UPGRADES,Construct approximately 7 miles of 115kV line with minimum 170C 1351 ACSS conductor from Gillsville Tap Junction to Midway. Utilize the existing GPC owned North Jackson - Lawrence Smith 46kV ROW that is to be retired. Disconnect the East Maysville 115kV tap at Midway 115kV and terminate the new Pond Fork - Midway 115kV line.,station,Midway,,,115,,existing,work,Disconnect East Maysville tap and terminate Pond Fork line,description_checked,standard_public_gis,GA:01_expansion_plan_projects.pdf:10:21130:3,
GA:01_expansion_plan_projects.pdf:10:21130,GPC,GA,21130,CC - NORTH GEORGIA DATA NETWORK UPGRADES,Construct approximately 7 miles of 115kV line with minimum 170C 1351 ACSS conductor from Gillsville Tap Junction to Midway. Utilize the existing GPC owned North Jackson - Lawrence Smith 46kV ROW that is to be retired. Disconnect the East Maysville 115kV tap at Midway 115kV and terminate the new Pond Fork - Midway 115kV line.,line,Pond Fork - Midway,Pond Fork,Midway,115,,proposed,work,New line termination; detailed route not stated,description_checked,standard_public_gis,GA:01_expansion_plan_projects.pdf:10:21130:4,
GA:01_expansion_plan_projects.pdf:10:10478,GPC,GA,10478,CORNELIA - TALLULAH LODGE 115KV REBUILD,Rebuild approximately 9.7 miles of the Cornelia - Chase Road - Clarksville - Hollywood segments of the Cornelia - Tallulah Lodge 115kV line with 200C 795 ACSS conductor.,line,Cornelia - Chase Road,Cornelia,Chase Road,115,,existing,work,First segment of 9.7 mile chain,description_checked,standard_public_gis,GA:01_expansion_plan_projects.pdf:10:10478:1,
GA:01_expansion_plan_projects.pdf:10:10478,GPC,GA,10478,CORNELIA - TALLULAH LODGE 115KV REBUILD,Rebuild approximately 9.7 miles of the Cornelia - Chase Road - Clarksville - Hollywood segments of the Cornelia - Tallulah Lodge 115kV line with 200C 795 ACSS conductor.,line,Chase Road - Clarksville,Chase Road,Clarksville,115,,existing,work,Second segment; source spelling retained,description_checked,standard_public_gis,GA:01_expansion_plan_projects.pdf:10:10478:2,
GA:01_expansion_plan_projects.pdf:10:10478,GPC,GA,10478,CORNELIA - TALLULAH LODGE 115KV REBUILD,Rebuild approximately 9.7 miles of the Cornelia - Chase Road - Clarksville - Hollywood segments of the Cornelia - Tallulah Lodge 115kV line with 200C 795 ACSS conductor.,line,Clarksville - Hollywood,Clarksville,Hollywood,115,,existing,work,Third segment,description_checked,standard_public_gis,GA:01_expansion_plan_projects.pdf:10:10478:3,
GA:01_expansion_plan_projects.pdf:10:21097,GPC,GA,21097,EAST POINT - TRIBUTARY 230KV REBUILD,Rebuild the 2.9 mile section from Cavender Drive to Marietta 25 with 200C 1351 ACSS conductor on the East Point - Tributary 230kV line.,line,Cavender Drive - Marietta 25,Cavender Drive,Marietta 25,230,,existing,work,2.9 miles; retain station number,description_checked,standard_public_gis,GA:01_expansion_plan_projects.pdf:10:21097:1,2.9
GA:01_expansion_plan_projects.pdf:11:20480,GPC,GA,20480,EAST POINT - UNION CITY 230KV BLACK LINE RECONDUCTOR,Reconductor the 1.5 mile section from Flat Shoals Road station to the Stonewall Tell loop - in point on the East Point - Union City 230kV Black line with 200C 1351 ACSS Martin conductor. Replace limiting elements at Union City,line,Flat Shoals Road - Stonewall Tell loop-in point,Flat Shoals Road,Stonewall Tell loop-in point,230,Black,existing,work,1.5 miles; loop-in boundary needs source,description_checked,standard_public_gis,GA:01_expansion_plan_projects.pdf:11:20480:1,1.5
GA:01_expansion_plan_projects.pdf:11:20480,GPC,GA,20480,EAST POINT - UNION CITY 230KV BLACK LINE RECONDUCTOR,Reconductor the 1.5 mile section from Flat Shoals Road station to the Stonewall Tell loop - in point on the East Point - Union City 230kV Black line with 200C 1351 ACSS Martin conductor. Replace limiting elements at Union City,station,Union City,,,230,Black,existing,work,Limiting elements,description_checked,standard_public_gis,GA:01_expansion_plan_projects.pdf:11:20480:2,
GA:01_expansion_plan_projects.pdf:11:19627,GPC,GA,19627,ECHECONNEE-WELLSTON 115KV LINE REBUILD,Rebuild approximately 11.8 miles of the Echeconnee - Wellston 115kV line with 200C 1351 ACSS conductor and the limiting elements along the line with higher ratings. Replace the Bus at North Warner Robins with 1590 AAC.,line,Echeconnee - Wellston,Echeconnee,Wellston,115,,existing,work,11.8 miles,description_checked,standard_public_gis,GA:01_expansion_plan_projects.pdf:11:19627:1,11.8
GA:01_expansion_plan_projects.pdf:11:19627,GPC,GA,19627,ECHECONNEE-WELLSTON 115KV LINE REBUILD,Rebuild approximately 11.8 miles of the Echeconnee - Wellston 115kV line with 200C 1351 ACSS conductor and the limiting elements along the line with higher ratings. Replace the Bus at North Warner Robins with 1590 AAC.,station,North Warner Robins,,,115,,existing,work,Bus,description_checked,standard_public_gis,GA:01_expansion_plan_projects.pdf:11:19627:2,
GA:01_expansion_plan_projects.pdf:11:19627,GPC,GA,19627,ECHECONNEE-WELLSTON 115KV LINE REBUILD,Rebuild approximately 11.8 miles of the Echeconnee - Wellston 115kV line with 200C 1351 ACSS conductor and the limiting elements along the line with higher ratings. Replace the Bus at North Warner Robins with 1590 AAC.,scope_review_needed,Limiting elements along Echeconnee-Wellston,,,115,,uncertain,work,Other locations not individually named,description_checked,standard_public_gis,GA:01_expansion_plan_projects.pdf:11:19627:3,
GA:01_expansion_plan_projects.pdf:11:21063,GPC,GA,21063,FARLEY (APC)-TAZEWELL 500KV,"Construct a new 500kV line from Farley (APC) to Tazewell substation, approximately 120 miles long. Construct a 5 breaker 500kV ring bus to loop in the Blacksmith - Talbot 500kV line, terminate the new Farley - Tazewell 500kV and Talbot #2 - Tazewell 500kV lines. Install a 500/230kV auto transformer to connect to the existing 230kV switchyard.",line,Farley - Tazewell,Farley,Tazewell,500,,proposed,work,120 mile new line; Farley in adjacent state,description_checked,standard_public_gis,GA:01_expansion_plan_projects.pdf:11:21063:1,
GA:01_expansion_plan_projects.pdf:11:21063,GPC,GA,21063,FARLEY (APC)-TAZEWELL 500KV,"Construct a new 500kV line from Farley (APC) to Tazewell substation, approximately 120 miles long. Construct a 5 breaker 500kV ring bus to loop in the Blacksmith - Talbot 500kV line, terminate the new Farley - Tazewell 500kV and Talbot #2 - Tazewell 500kV lines. Install a 500/230kV auto transformer to connect to the existing 230kV switchyard.",station,Tazewell,,,500;230,,existing,work,New ring bus and transformer at existing switchyard,description_checked,standard_public_gis,GA:01_expansion_plan_projects.pdf:11:21063:2,
GA:01_expansion_plan_projects.pdf:11:21063,GPC,GA,21063,FARLEY (APC)-TAZEWELL 500KV,"Construct a new 500kV line from Farley (APC) to Tazewell substation, approximately 120 miles long. Construct a 5 breaker 500kV ring bus to loop in the Blacksmith - Talbot 500kV line, terminate the new Farley - Tazewell 500kV and Talbot #2 - Tazewell 500kV lines. Install a 500/230kV auto transformer to connect to the existing 230kV switchyard.",line,Blacksmith - Talbot,Blacksmith,Talbot,500,,existing,context,Parent line for loop,description_checked,standard_public_gis,GA:01_expansion_plan_projects.pdf:11:21063:3,
GA:01_expansion_plan_projects.pdf:11:21063,GPC,GA,21063,FARLEY (APC)-TAZEWELL 500KV,"Construct a new 500kV line from Farley (APC) to Tazewell substation, approximately 120 miles long. Construct a 5 breaker 500kV ring bus to loop in the Blacksmith - Talbot 500kV line, terminate the new Farley - Tazewell 500kV and Talbot #2 - Tazewell 500kV lines. Install a 500/230kV auto transformer to connect to the existing 230kV switchyard.",line,Talbot #2 - Tazewell,Talbot #2,Tazewell,500,,proposed,work,New line termination,description_checked,standard_public_gis,GA:01_expansion_plan_projects.pdf:11:21063:4,
GA:01_expansion_plan_projects.pdf:11:12120,GPC,GA,12120,GAINESVILLE #2 - MCEVER ROAD 115 KV REBUILD,Rebuild approximately 5.3 miles of the Gainesville #2 - McEver Rd 115kV line with 200C 1351 ACSS conductor.,line,Gainesville #2 - McEver Road,Gainesville #2,McEver Road,115,,existing,work,5.3 miles,description_checked,standard_public_gis,GA:01_expansion_plan_projects.pdf:11:12120:1,5.3
GA:01_expansion_plan_projects.pdf:11:20298,GPC,GA,20298,GLENWOOD SPRINGS - LAKE OCONEE 115KV LINE REBUILD,Rebuild the North Eatonton Junction - Putnam Sawmill Junction line with 200C 1351 ACSS conductor.,line,North Eatonton Junction - Putnam Sawmill Junction,North Eatonton Junction,Putnam Sawmill Junction,115,,existing,work,Work section; voltage from title,description_checked,standard_public_gis,GA:01_expansion_plan_projects.pdf:11:20298:1,
GA:01_expansion_plan_projects.pdf:11:21128,GPC,GA,21128,GOAT ROCK REACTORS INSTALLATION,Install 1% series reactors on the Fortson - Goat Rock (Black) 230kV and Fortson - Goat Rock (White) 230kV.,scope_review_needed,Fortson-Goat Rock Black reactor site,,,230,Black,uncertain,work,Series reactor location not stated,description_checked,standard_public_gis,GA:01_expansion_plan_projects.pdf:11:21128:1,
GA:01_expansion_plan_projects.pdf:11:21128,GPC,GA,21128,GOAT ROCK REACTORS INSTALLATION,Install 1% series reactors on the Fortson - Goat Rock (Black) 230kV and Fortson - Goat Rock (White) 230kV.,scope_review_needed,Fortson-Goat Rock White reactor site,,,230,White,uncertain,work,Separate circuit reactor location not stated,description_checked,standard_public_gis,GA:01_expansion_plan_projects.pdf:11:21128:2,
GA:01_expansion_plan_projects.pdf:11:19996,GPC,GA,19996,GOLDENS CREEK - WARRENTON PRIMARY 230KV REBUILD,Rebuild approximately 0.34 miles of the Goldens Creek - Warrenton Primary 230kV line from 100C 1 - 1351.5 ACSR Martin conductor to 200C 1351 ACCR Martin conductor or equivalent.,line,Goldens Creek - Warrenton Primary,Goldens Creek,Warrenton Primary,230,,existing,work,Only 0.34 miles; exact subsegment unknown,description_checked,standard_public_gis,GA:01_expansion_plan_projects.pdf:11:19996:1,0.34
GA:01_expansion_plan_projects.pdf:11:20428,GPC,GA,20428,GORDON-SANDERSVILLE #1 115KV LINE REBUILD (DEEPSTEP-SAND #6),"Rebuild the Deepstep - Robins Spring (7.6 miles) Robins Spring - Kaolin J (2.23mi), and Kaolin J - Sandersville #6 (0.66 miles) line sections of the Gordon - Sandersville #1 115kV line. Rebuild a total of 10.49 miles from 100C 336 ACSR to 100C ACSR 795 conductor.",line,Deepstep - Robins Spring,Deepstep,Robins Spring,115,,existing,work,7.6 miles,description_checked,standard_public_gis,GA:01_expansion_plan_projects.pdf:11:20428:1,7.6
GA:01_expansion_plan_projects.pdf:11:20428,GPC,GA,20428,GORDON-SANDERSVILLE #1 115KV LINE REBUILD (DEEPSTEP-SAND #6),"Rebuild the Deepstep - Robins Spring (7.6 miles) Robins Spring - Kaolin J (2.23mi), and Kaolin J - Sandersville #6 (0.66 miles) line sections of the Gordon - Sandersville #1 115kV line. Rebuild a total of 10.49 miles from 100C 336 ACSR to 100C ACSR 795 conductor.",line,Robins Spring - Kaolin J,Robins Spring,Kaolin J,115,,existing,work,2.23 miles,description_checked,standard_public_gis,GA:01_expansion_plan_projects.pdf:11:20428:2,2.23
GA:01_expansion_plan_projects.pdf:11:20428,GPC,GA,20428,GORDON-SANDERSVILLE #1 115KV LINE REBUILD (DEEPSTEP-SAND #6),"Rebuild the Deepstep - Robins Spring (7.6 miles) Robins Spring - Kaolin J (2.23mi), and Kaolin J - Sandersville #6 (0.66 miles) line sections of the Gordon - Sandersville #1 115kV line. Rebuild a total of 10.49 miles from 100C 336 ACSR to 100C ACSR 795 conductor.",line,Kaolin J - Sandersville #6,Kaolin J,Sandersville #6,115,,existing,work,0.66 miles; not Sandersville #1,description_checked,standard_public_gis,GA:01_expansion_plan_projects.pdf:11:20428:3,0.66
GA:01_expansion_plan_projects.pdf:11:21116,GPC,GA,21116,GOSHEN AREA STRATEGIC SOLUTION,"Construct a 230kV switching station on the Waynesboro - Wilson 230kV line and a new 230kV line between the switching station and Goshen, approximately 12.3 miles. Provides an alternate power flow path into Goshen outside of the existing constrained Goshen - Vogtle corridor.",station,Unnamed Waynesboro-Wilson switching station,,,230,,proposed,work,New site unspecified,description_checked,standard_public_gis,GA:01_expansion_plan_projects.pdf:11:21116:1,
GA:01_expansion_plan_projects.pdf:11:21116,GPC,GA,21116,GOSHEN AREA STRATEGIC SOLUTION,"Construct a 230kV switching station on the Waynesboro - Wilson 230kV line and a new 230kV line between the switching station and Goshen, approximately 12.3 miles. Provides an alternate power flow path into Goshen outside of the existing constrained Goshen - Vogtle corridor.",line,Waynesboro - Wilson,Waynesboro,Wilson,230,,existing,context,Parent corridor; Goshen-Vogtle is background only,description_checked,standard_public_gis,GA:01_expansion_plan_projects.pdf:11:21116:2,
GA:01_expansion_plan_projects.pdf:11:21116,GPC,GA,21116,GOSHEN AREA STRATEGIC SOLUTION,"Construct a 230kV switching station on the Waynesboro - Wilson 230kV line and a new 230kV line between the switching station and Goshen, approximately 12.3 miles. Provides an alternate power flow path into Goshen outside of the existing constrained Goshen - Vogtle corridor.",line,Unnamed Waynesboro-Wilson switching station - Goshen,Unnamed Waynesboro-Wilson switching station,Goshen,230,,proposed,work,12.3 miles,description_checked,standard_public_gis,GA:01_expansion_plan_projects.pdf:11:21116:3,
GA:01_expansion_plan_projects.pdf:12:20789,GPC,GA,20789,JEFFERSON ROAD - WINDER PRIMARY 115KV REBUILD,Rebuild approximately 11 miles of the Jefferson Road - Russell - Richardson Street Junction segments of the Jefferson Road - Winder Primary 115kV line with 200C 1351 ACSS Martin conductor.,line,Jefferson Road - Russell,Jefferson Road,Russell,115,,existing,work,First segment of 11 mile chain,description_checked,standard_public_gis,GA:01_expansion_plan_projects.pdf:12:20789:1,
GA:01_expansion_plan_projects.pdf:12:20789,GPC,GA,20789,JEFFERSON ROAD - WINDER PRIMARY 115KV REBUILD,Rebuild approximately 11 miles of the Jefferson Road - Russell - Richardson Street Junction segments of the Jefferson Road - Winder Primary 115kV line with 200C 1351 ACSS Martin conductor.,line,Russell - Richardson Street Junction,Russell,Richardson Street Junction,115,,existing,work,Second segment,description_checked,standard_public_gis,GA:01_expansion_plan_projects.pdf:12:20789:2,
GA:01_expansion_plan_projects.pdf:12:20284,GPC,GA,20284,KETTLE CREEK PRIMARY - PINE GROVE PRIMARY 115KV REBUILD,Rebuild approximately 38.04 miles of 50C 4/0 ACSR conductor from the Pine Grove to the Pearson tap using 200C 1351 ACSS conductor.,line,Pine Grove - Pearson tap,Pine Grove,Pearson tap,115,,existing,work,38.04 miles; tap not Pearson station,description_checked,standard_public_gis,GA:01_expansion_plan_projects.pdf:12:20284:1,38.04
GA:01_expansion_plan_projects.pdf:12:20857,GPC,GA,20857,NEW CAVENDER DRIVE - TRIBUTARY 230KV LINE,Build a new 4 mile 230kV line from Cavender Drive to Tributary with 200C 1351 ACSS Martin.,line,Cavender Drive - Tributary,Cavender Drive,Tributary,230,,proposed,work,New 4 mile line,description_checked,standard_public_gis,GA:01_expansion_plan_projects.pdf:12:20857:1,
GA:01_expansion_plan_projects.pdf:12:21093,GPC,GA,21093,NORTH SPA 230KV STRATEGIC PROJECT,This project includes the following scope of work: Build a new 230kV switching station north of Oasis in a ring bus configuration with 4 - breakers. Loop in the East Social Circle - Oasis (White) 230kV line. Build a new 230kV line to Cornish Mountain from North Spa. New 230kV line from Rockville 230kV will terminate in this station.,station,North Spa,,,230,,proposed,work,New station north of Oasis,description_checked,standard_public_gis,GA:01_expansion_plan_projects.pdf:12:21093:1,
GA:01_expansion_plan_projects.pdf:12:21093,GPC,GA,21093,NORTH SPA 230KV STRATEGIC PROJECT,This project includes the following scope of work: Build a new 230kV switching station north of Oasis in a ring bus configuration with 4 - breakers. Loop in the East Social Circle - Oasis (White) 230kV line. Build a new 230kV line to Cornish Mountain from North Spa. New 230kV line from Rockville 230kV will terminate in this station.,line,East Social Circle - Oasis,East Social Circle,Oasis,230,White,existing,context,Parent corridor for loop,description_checked,standard_public_gis,GA:01_expansion_plan_projects.pdf:12:21093:2,
GA:01_expansion_plan_projects.pdf:12:21093,GPC,GA,21093,NORTH SPA 230KV STRATEGIC PROJECT,This project includes the following scope of work: Build a new 230kV switching station north of Oasis in a ring bus configuration with 4 - breakers. Loop in the East Social Circle - Oasis (White) 230kV line. Build a new 230kV line to Cornish Mountain from North Spa. New 230kV line from Rockville 230kV will terminate in this station.,line,North Spa - Cornish Mountain,North Spa,Cornish Mountain,230,,proposed,work,New line,description_checked,standard_public_gis,GA:01_expansion_plan_projects.pdf:12:21093:3,
GA:01_expansion_plan_projects.pdf:12:21093,GPC,GA,21093,NORTH SPA 230KV STRATEGIC PROJECT,This project includes the following scope of work: Build a new 230kV switching station north of Oasis in a ring bus configuration with 4 - breakers. Loop in the East Social Circle - Oasis (White) 230kV line. Build a new 230kV line to Cornish Mountain from North Spa. New 230kV line from Rockville 230kV will terminate in this station.,line,Rockville - North Spa,Rockville,North Spa,230,,proposed,work,New line termination,description_checked,standard_public_gis,GA:01_expansion_plan_projects.pdf:12:21093:4,
GA:01_expansion_plan_projects.pdf:12:19995,GPC,GA,19995,TALLULAH LODGE - TOCCOA 115 KV REBUILD,Rebuild the Tallulah Lodge - Toccoa 115kV Line with 100C 795 ACSR conductor (total of 10.3 miles). Replace limiting elements at Tallulah Lodge and Toccoa.,line,Tallulah Lodge - Toccoa,Tallulah Lodge,Toccoa,115,,existing,work,10.3 miles,description_checked,standard_public_gis,GA:01_expansion_plan_projects.pdf:12:19995:1,10.3
GA:01_expansion_plan_projects.pdf:12:19995,GPC,GA,19995,TALLULAH LODGE - TOCCOA 115 KV REBUILD,Rebuild the Tallulah Lodge - Toccoa 115kV Line with 100C 795 ACSR conductor (total of 10.3 miles). Replace limiting elements at Tallulah Lodge and Toccoa.,station,Tallulah Lodge,,,115,,existing,work,Limiting elements,description_checked,standard_public_gis,GA:01_expansion_plan_projects.pdf:12:19995:2,
GA:01_expansion_plan_projects.pdf:12:19995,GPC,GA,19995,TALLULAH LODGE - TOCCOA 115 KV REBUILD,Rebuild the Tallulah Lodge - Toccoa 115kV Line with 100C 795 ACSR conductor (total of 10.3 miles). Replace limiting elements at Tallulah Lodge and Toccoa.,station,Toccoa,,,115,,existing,work,Limiting elements,description_checked,standard_public_gis,GA:01_expansion_plan_projects.pdf:12:19995:3,
GA:01_expansion_plan_projects.pdf:12:21098,GPC,GA,21098,TRIBUTARY - THORNTON RD 230KV REBUILD,Rebuild the 2.8 mile Tributary - Thornton Road 230kV line with 200C 1351 ACSS Martin.,line,Tributary - Thornton Road,Tributary,Thornton Road,230,,existing,work,2.8 miles,description_checked,standard_public_gis,GA:01_expansion_plan_projects.pdf:12:21098:1,2.8
GA:01_expansion_plan_projects.pdf:12:20160,GPC,GA,20160,THOMASTON 230 NEW BUILD SUB,Replace Thomaston 230/115kV 285MVA auto transformers C and D with 400MVA auto transformers. Install high side breakers to meet the 230kV bus differential standards and redesign 230kV bus to a breaker and a half configuration.,station,Thomaston,,,230;115,,existing,work,Existing station transformers C and D; title says new build but description controls,description_checked,standard_public_gis,GA:01_expansion_plan_projects.pdf:12:20160:1,
GA:01_expansion_plan_projects.pdf:12:18848,GPC,GA,18848,"BAINBRIDGE TRANSMISSION: EAST RIVER ROAD, EAST BAINBRIDGE","This project will construct a new 115kV breaker and a half substation a mile north of the East Bainbridge substation. East Bainbridge will be simplified to a 115kV straight bus with two transmission lines for service to load, a generation interconnection point and a capacitor bank.",station,New station north of East Bainbridge,,,115,,proposed,work,Site one mile north not exact geographic evidence,description_checked,standard_public_gis,GA:01_expansion_plan_projects.pdf:12:18848:1,
GA:01_expansion_plan_projects.pdf:12:18848,GPC,GA,18848,"BAINBRIDGE TRANSMISSION: EAST RIVER ROAD, EAST BAINBRIDGE","This project will construct a new 115kV breaker and a half substation a mile north of the East Bainbridge substation. East Bainbridge will be simplified to a 115kV straight bus with two transmission lines for service to load, a generation interconnection point and a capacitor bank.",station,East Bainbridge,,,115,,existing,work,Simplification of existing substation,description_checked,standard_public_gis,GA:01_expansion_plan_projects.pdf:12:18848:2,
GA:01_expansion_plan_projects.pdf:12:19626,GPC,GA,19626,GLENWOOD SPRINGS 115KV CAP BANK,Install a 115kV two stage 30MVAR capacitor bank at Glenwood Springs substation.,station,Glenwood Springs,,,115,,existing,work,Capacitor,description_checked,standard_public_gis,GA:01_expansion_plan_projects.pdf:12:19626:1,
GA:01_expansion_plan_projects.pdf:12:20690,GPC,GA,20690,EAST POINT - UNION CITY (WHITE) 230KV REBUILD,Rebuild 5.49 miles of 100C 1590.0 ACSR Lapwing with 200C 1351.5 ACSS Martin 230kV line from Welcome All to Union City on the East Point - Union City 230kV line.,line,Welcome All - Union City,Welcome All,Union City,230,White,existing,work,5.49 mile section,description_checked,standard_public_gis,GA:01_expansion_plan_projects.pdf:12:20690:1,5.49
GA:01_expansion_plan_projects.pdf:12:19632,GPC,GA,19632,AVERY - HOPEWELL 115KV RECONDUCTOR,Reconductor the Hopewell to Birmingham line section (approximately 3.3 miles) on the Avery - Hopewell 115kV line with 100C 1033 ACSR conductor. Replace jumper at Birmingham with 1590 AAC jumper.,line,Hopewell - Birmingham,Hopewell,Birmingham,115,,existing,work,3.3 mile section; not Avery-Hopewell,description_checked,standard_public_gis,GA:01_expansion_plan_projects.pdf:12:19632:1,3.3
GA:01_expansion_plan_projects.pdf:12:19632,GPC,GA,19632,AVERY - HOPEWELL 115KV RECONDUCTOR,Reconductor the Hopewell to Birmingham line section (approximately 3.3 miles) on the Avery - Hopewell 115kV line with 100C 1033 ACSR conductor. Replace jumper at Birmingham with 1590 AAC jumper.,station,Birmingham,,,115,,existing,work,Jumper,description_checked,standard_public_gis,GA:01_expansion_plan_projects.pdf:12:19632:2,
GA:01_expansion_plan_projects.pdf:12:10811,GPC,GA,10811,BOWEN #10 500/230KV AUTOBANK REPLACEMENT,Replace the existing Bowen #10 1350 MVA 500/230kV auto transformer with a 2016 MVA 500/230kV auto transformer.,station,Bowen #10,,,500;230,,existing,work,Numbered auto bank; exact equipment position unverified,description_checked,standard_public_gis,GA:01_expansion_plan_projects.pdf:12:10811:1,
GA:01_expansion_plan_projects.pdf:12:20756,GPC,GA,20756,HATCH - WADLEY 500 KV LINE STRATEGIC PROJECT,Construct a new 500kV line from Hatch - Wadley Primary.,line,Hatch - Wadley Primary,Hatch,Wadley Primary,500,,proposed,work,New strategic line,description_checked,standard_public_gis,GA:01_expansion_plan_projects.pdf:12:20756:1,
GA:01_expansion_plan_projects.pdf:13:20767,GPC,GA,20767,ARKWRIGHT BUS AND JUMPER REPLACEMENT,Replace the 115kV bus at Arkwright with higher rating and replace the jumper on the Arkwright - Forrest Rd (Macon) 115kV line with at least 1590AAC.,station,Arkwright,,,115,,existing,work,Bus and line jumper,description_checked,standard_public_gis,GA:01_expansion_plan_projects.pdf:13:20767:1,
GA:01_expansion_plan_projects.pdf:13:20758,GPC,GA,20758,BAY CREEK - CONYERS 230KV LIMITING ELEMENT REPLACEMENT,"Replace equipment such as jumpers, switches, and traps at the Bay Creek, Rockdale, and Conyers substations with equipment capable of carrying 3000A.",station,Bay Creek,,,230,,existing,work,Station equipment only,description_checked,standard_public_gis,GA:01_expansion_plan_projects.pdf:13:20758:1,
GA:01_expansion_plan_projects.pdf:13:20758,GPC,GA,20758,BAY CREEK - CONYERS 230KV LIMITING ELEMENT REPLACEMENT,"Replace equipment such as jumpers, switches, and traps at the Bay Creek, Rockdale, and Conyers substations with equipment capable of carrying 3000A.",station,Rockdale,,,230,,existing,work,Station equipment only,description_checked,standard_public_gis,GA:01_expansion_plan_projects.pdf:13:20758:2,
GA:01_expansion_plan_projects.pdf:13:20758,GPC,GA,20758,BAY CREEK - CONYERS 230KV LIMITING ELEMENT REPLACEMENT,"Replace equipment such as jumpers, switches, and traps at the Bay Creek, Rockdale, and Conyers substations with equipment capable of carrying 3000A.",station,Conyers,,,230,,existing,work,Station equipment only,description_checked,standard_public_gis,GA:01_expansion_plan_projects.pdf:13:20758:3,
GA:01_expansion_plan_projects.pdf:13:20793,GPC,GA,20793,EVANS PRIMARY - THURMOND DAM (USA) #5 115KV REBUILD,Rebuild approximately 5.45 miles of Euchee Creek - Thurmond Dam segment of the Evans Primary - Thurmond Dam (USA) #5 115kV line with 200C 1351 ACSS Martin conductor. Replace the main bus with a larger element at Thurmond Dam (USA).,line,Euchee Creek - Thurmond Dam,Euchee Creek,Thurmond Dam,115,5,existing,work,5.45 mile work section; not Evans-Thurmond,description_checked,standard_public_gis,GA:01_expansion_plan_projects.pdf:13:20793:1,5.45
GA:01_expansion_plan_projects.pdf:13:20793,GPC,GA,20793,EVANS PRIMARY - THURMOND DAM (USA) #5 115KV REBUILD,Rebuild approximately 5.45 miles of Euchee Creek - Thurmond Dam segment of the Evans Primary - Thurmond Dam (USA) #5 115kV line with 200C 1351 ACSS Martin conductor. Replace the main bus with a larger element at Thurmond Dam (USA).,station,Thurmond Dam,,,115,,existing,work,Main bus,description_checked,standard_public_gis,GA:01_expansion_plan_projects.pdf:13:20793:2,
GA:01_expansion_plan_projects.pdf:13:20794,GPC,GA,20794,EVANS PRIMARY - THURMOND DAM (USA) #6 115KV REBUILD,Rebuild approximately 8.9 miles of the Evans Primary - Thurmond Dam (USA) #6 115kV line with 200C 1351 ACSS Martin conductor. Replace the main bus with a larger element at Thurmond Dam (USA).,line,Evans Primary - Thurmond Dam,Evans Primary,Thurmond Dam,115,6,existing,work,8.9 miles; separate circuit from project 20793,description_checked,standard_public_gis,GA:01_expansion_plan_projects.pdf:13:20794:1,8.9
GA:01_expansion_plan_projects.pdf:13:20794,GPC,GA,20794,EVANS PRIMARY - THURMOND DAM (USA) #6 115KV REBUILD,Rebuild approximately 8.9 miles of the Evans Primary - Thurmond Dam (USA) #6 115kV line with 200C 1351 ACSS Martin conductor. Replace the main bus with a larger element at Thurmond Dam (USA).,station,Thurmond Dam,,,115,,existing,work,Main bus,description_checked,standard_public_gis,GA:01_expansion_plan_projects.pdf:13:20794:2,
GA:01_expansion_plan_projects.pdf:13:21053,GPC,GA,21053,MCEVER ROAD - SHOAL CREEK 115KV REBUILD PHASE III,"Rebuild the 2 - 4/0 copper part (approximately 2.9 miles) of the Gainesville Ferry - Lakeside WTP A line section, part of the McEver Road - Shoal Creek 115kV line, using 200C 1351 ACSS conductor.",line,Gainesville Ferry - Lakeside WTP A,Gainesville Ferry,Lakeside WTP A,115,,existing,work,2.9 mile conductor section; retain A vs B,description_checked,standard_public_gis,GA:01_expansion_plan_projects.pdf:13:21053:1,2.9
GA:01_expansion_plan_projects.pdf:13:09661,GPC,GA,09661,MCGRAU FORD - MIDDLE FORK 500KV LINE PROJECT,Construct a new approximately 64 mile 500kV line from McGrau Ford to Middle Fork.,line,McGrau Ford - Middle Fork,McGrau Ford,Middle Fork,500,,proposed,work,New 64 mile line,description_checked,standard_public_gis,GA:01_expansion_plan_projects.pdf:13:09661:1,
GA:01_expansion_plan_projects.pdf:13:14222,GPC,GA,14222,THOMSON PRIMARY 230/115KV SECOND TRANSFORMER,"Install a second 400 MVA, 230/115kV auto transformer at Thomson Primary substation.",station,Thomson Primary,,,230;115,,existing,work,Second transformer,description_checked,standard_public_gis,GA:01_expansion_plan_projects.pdf:13:14222:1,
GA:01_expansion_plan_projects.pdf:14:20759,GPC,GA,20759,WINDER PRIMARY 230KV BUS 1-2 PARALLEL BUS-TIE INSTALLATION,Install a 2nd 230kV bus - tie breaker at the Winder Primary Station.,station,Winder Primary,,,230,,existing,work,Bus tie,description_checked,standard_public_gis,GA:01_expansion_plan_projects.pdf:14:20759:1,
GA:01_expansion_plan_projects.pdf:14:10487,GPC,GA,10487,PINE GROVE PRIMARY - WEST VALDOSTA 115 KV RECONDUCTOR,Rebuild 3.7 miles of 100C 4/0 ACSR conductor with 200C 795 ACSS Drake on the Bemis - Pine Grove Primary section of the Pine Grove Primary - West Valdosta 115kV line.,line,Bemis - Pine Grove Primary,Bemis,Pine Grove Primary,115,,existing,work,3.7 mile work section,description_checked,standard_public_gis,GA:01_expansion_plan_projects.pdf:14:10487:1,3.7
GA:01_expansion_plan_projects.pdf:14:18700,GPC,GA,18700,DAWSON CROSSING - GAINESVILLE #1 115 KV,"Replace the 500CU main bus at Gainesville #1 115kV with 3"" Sch 40 AL Tube.",station,Gainesville #1,,,115,,existing,work,Bus only; Dawson Crossing is title context,description_checked,standard_public_gis,GA:01_expansion_plan_projects.pdf:14:18700:1,
GA:01_expansion_plan_projects.pdf:14:17993,GPC,GA,17993,EVANS PRIMARY - THOMSON PRIMARY 115KV REBUILD,"Rebuild the existing 100C 336 ACSR conductor for the Thomson Primary to Pumpkin Center 115kV line section (approximately 5.28 miles), part of the Evans Primary - Thomson Primary 115kV line with 200C 1351 ACSS Martin conductor.",line,Thomson Primary - Pumpkin Center,Thomson Primary,Pumpkin Center,115,,existing,work,5.28 mile work section; not Evans-Thomson,description_checked,standard_public_gis,GA:01_expansion_plan_projects.pdf:14:17993:1,5.28
SC:scrtp_projects.pdf:10:5392 A-C,DESC,SC,5392 A-C,Coit – Gills Creek 115kV: Construct,Convert the existing Coit - Gills Creek 33 kV Line to 115 kV. Approximately 1.25 miles. Construct Gills Creek Terminal at Coit Bus #1.,line,Coit - Gills Creek existing 33 kV line,Coit,Gills Creek,33,,existing,work,Coit - Gills Creek existing 33 kV line; No known-owner Dominion/SCE&G HIFLD lines were found at 33 kV. Use OSM or official project documentation.,retained_DESC_asset_inventory,standard_public_gis,SC:scrtp_projects.pdf:10:5392 A-C:1,
SC:scrtp_projects.pdf:10:5392 A-C,DESC,SC,5392 A-C,Coit – Gills Creek 115kV: Construct,Convert the existing Coit - Gills Creek 33 kV Line to 115 kV. Approximately 1.25 miles. Construct Gills Creek Terminal at Coit Bus #1.,station,Coit,,,115,,existing,work,Coit; ,retained_DESC_asset_inventory,standard_public_gis,SC:scrtp_projects.pdf:10:5392 A-C:2,
"SC:scrtp_projects.pdf:11:0139 M,N",DESC,SC,"0139 M,N","Okatie 230-115kV Substation, Jasper – Yemassee 230kV #1 Fold-in","Expand existing Okatie Transmission sub, add a 230-115 autobank and fold the Jasper – Yemassee 230 kV #1 line into the 230 kV side. Construct two additional 115 kV bus tie lines.",station,Okatie,,,230;115,,existing,work,Okatie; ,retained_DESC_asset_inventory,standard_public_gis,"SC:scrtp_projects.pdf:11:0139 M,N:1",
"SC:scrtp_projects.pdf:11:0139 M,N",DESC,SC,"0139 M,N","Okatie 230-115kV Substation, Jasper – Yemassee 230kV #1 Fold-in","Expand existing Okatie Transmission sub, add a 230-115 autobank and fold the Jasper – Yemassee 230 kV #1 line into the 230 kV side. Construct two additional 115 kV bus tie lines.",line,Jasper - Yemassee #1 fold-in,Jasper,Yemassee,230,,existing,work,Jasper - Yemassee #1 fold-in; ,retained_DESC_asset_inventory,standard_public_gis,"SC:scrtp_projects.pdf:11:0139 M,N:2",
"SC:scrtp_projects.pdf:11:0139 M,N",DESC,SC,"0139 M,N","Okatie 230-115kV Substation, Jasper – Yemassee 230kV #1 Fold-in","Expand existing Okatie Transmission sub, add a 230-115 autobank and fold the Jasper – Yemassee 230 kV #1 line into the 230 kV side. Construct two additional 115 kV bus tie lines.",line,Okatie 115 kV bus tie 1,,,115,,proposed,work,Okatie 115 kV bus tie 1; This notebook does not force future lines into the current network.,retained_DESC_asset_inventory,standard_public_gis,"SC:scrtp_projects.pdf:11:0139 M,N:3",
"SC:scrtp_projects.pdf:11:0139 M,N",DESC,SC,"0139 M,N","Okatie 230-115kV Substation, Jasper – Yemassee 230kV #1 Fold-in","Expand existing Okatie Transmission sub, add a 230-115 autobank and fold the Jasper – Yemassee 230 kV #1 line into the 230 kV side. Construct two additional 115 kV bus tie lines.",line,Okatie 115 kV bus tie 2,,,115,,proposed,work,Okatie 115 kV bus tie 2; This notebook does not force future lines into the current network.,retained_DESC_asset_inventory,standard_public_gis,"SC:scrtp_projects.pdf:11:0139 M,N:4",
SC:scrtp_projects.pdf:12:06367 D - G,DESC,SC,06367 D - G,Jasper – Okatie 230 kV #2: Construct,Construct a 230 kV line with B1272 ACSR from Jasper to Okatie 230/115kV Substation. The line is estimated to be 6.5 miles long. This makes Jasper a Medium Impact substation and will require a new CIP Hut.,line,Jasper - Okatie #2,Jasper,Okatie,230,,proposed,work,Jasper - Okatie #2; This notebook does not force future lines into the current network.,retained_DESC_asset_inventory,standard_public_gis,SC:scrtp_projects.pdf:12:06367 D - G:1,
SC:scrtp_projects.pdf:12:06367 D - G,DESC,SC,06367 D - G,Jasper – Okatie 230 kV #2: Construct,Construct a 230 kV line with B1272 ACSR from Jasper to Okatie 230/115kV Substation. The line is estimated to be 6.5 miles long. This makes Jasper a Medium Impact substation and will require a new CIP Hut.,station,Jasper,,,230,,existing,work,Jasper; ,retained_DESC_asset_inventory,standard_public_gis,SC:scrtp_projects.pdf:12:06367 D - G:2,
SC:scrtp_projects.pdf:12:06367 D - G,DESC,SC,06367 D - G,Jasper – Okatie 230 kV #2: Construct,Construct a 230 kV line with B1272 ACSR from Jasper to Okatie 230/115kV Substation. The line is estimated to be 6.5 miles long. This makes Jasper a Medium Impact substation and will require a new CIP Hut.,station,Okatie,,,230;115,,existing,work,Okatie; ,retained_DESC_asset_inventory,standard_public_gis,SC:scrtp_projects.pdf:12:06367 D - G:3,
SC:scrtp_projects.pdf:13:6367 D,DESC,SC,6367 D,Riverport 115kV Tap: Construct Tap,Constructing a 230 kV Tap from Okatie to Riverport,line,Okatie - Riverport tap,Okatie,Riverport,230,,proposed,work,Okatie - Riverport tap; This notebook does not force future lines into the current network.,retained_DESC_asset_inventory,standard_public_gis,SC:scrtp_projects.pdf:13:6367 D:1,
SC:scrtp_projects.pdf:14:6381,DESC,SC,6381,Flat Rock 115kV Sub and Tap: Construct,Constructing a 115 kV tap off the Belv Sw Sta - Graniteville 115 kV #1 line to feed the new Sub. Will include a 3-Way GOAB.,station,Flat Rock,,,115,,proposed,work,Flat Rock; ,retained_DESC_asset_inventory,standard_public_gis,SC:scrtp_projects.pdf:14:6381:1,
SC:scrtp_projects.pdf:14:6381,DESC,SC,6381,Flat Rock 115kV Sub and Tap: Construct,Constructing a 115 kV tap off the Belv Sw Sta - Graniteville 115 kV #1 line to feed the new Sub. Will include a 3-Way GOAB.,line,Flat Rock 115 kV tap,,,115,,proposed,work,Flat Rock 115 kV tap; This notebook does not force future lines into the current network.,retained_DESC_asset_inventory,standard_public_gis,SC:scrtp_projects.pdf:14:6381:2,
SC:scrtp_projects.pdf:14:6381,DESC,SC,6381,Flat Rock 115kV Sub and Tap: Construct,Constructing a 115 kV tap off the Belv Sw Sta - Graniteville 115 kV #1 line to feed the new Sub. Will include a 3-Way GOAB.,line,Belv Sw Sta - Graniteville #1,Belv Sw Sta,Graniteville,115,,existing,work,"Belv Sw Sta - Graniteville #1; Endpoint anchors found: A=0, B=0. Need another public location source for the missing endpoint.",retained_DESC_asset_inventory,standard_public_gis,SC:scrtp_projects.pdf:14:6381:3,
SC:scrtp_projects.pdf:15:6870 A,DESC,SC,6870 A,Saluda Hydro – Bush River 115kV #1 and #2 Tie Lines Rebuild,Rebuild the existing Saluda Hydro – Bush River #1 and #2 Tie Lines to SPDC 1272.,line,Saluda Hydro - Bush River #1,Saluda Hydro,Bush River,115,,existing,work,"Saluda Hydro - Bush River #1; Endpoint anchors found: A=1, B=0. Need another public location source for the missing endpoint.",retained_DESC_asset_inventory,standard_public_gis,SC:scrtp_projects.pdf:15:6870 A:1,
SC:scrtp_projects.pdf:15:6870 A,DESC,SC,6870 A,Saluda Hydro – Bush River 115kV #1 and #2 Tie Lines Rebuild,Rebuild the existing Saluda Hydro – Bush River #1 and #2 Tie Lines to SPDC 1272.,line,Saluda Hydro - Bush River #2,Saluda Hydro,Bush River,115,,existing,work,"Saluda Hydro - Bush River #2; Endpoint anchors found: A=1, B=0. Need another public location source for the missing endpoint.",retained_DESC_asset_inventory,standard_public_gis,SC:scrtp_projects.pdf:15:6870 A:2,
SC:scrtp_projects.pdf:16:6847,DESC,SC,6847,Church Creek – Faber Place – Charleston Transmission: Add 230kV Line,"Construct a 230 kV transmission line from Church Creek to Charleston Transmission. The Church Creek – Faber Place 230kV and 115kV lines will be rebuilt, and a 230kV line will be added between Faber Place and Charleston Transmission. Add 230/115kV transformer at Charleston Transmission. Add/upgrade terminals and bus work at impacted substations.",line,Church Creek - Charleston Transmission,Church Creek,Charleston Transmission,230,,proposed,work,Church Creek - Charleston Transmission; This notebook does not force future lines into the current network.,retained_DESC_asset_inventory,standard_public_gis,SC:scrtp_projects.pdf:16:6847:1,
SC:scrtp_projects.pdf:16:6847,DESC,SC,6847,Church Creek – Faber Place – Charleston Transmission: Add 230kV Line,"Construct a 230 kV transmission line from Church Creek to Charleston Transmission. The Church Creek – Faber Place 230kV and 115kV lines will be rebuilt, and a 230kV line will be added between Faber Place and Charleston Transmission. Add 230/115kV transformer at Charleston Transmission. Add/upgrade terminals and bus work at impacted substations.",line,Church Creek - Faber Place 230 kV,Church Creek,Faber Place,230,,existing,work,Church Creek - Faber Place 230 kV; ,retained_DESC_asset_inventory,standard_public_gis,SC:scrtp_projects.pdf:16:6847:2,
SC:scrtp_projects.pdf:16:6847,DESC,SC,6847,Church Creek – Faber Place – Charleston Transmission: Add 230kV Line,"Construct a 230 kV transmission line from Church Creek to Charleston Transmission. The Church Creek – Faber Place 230kV and 115kV lines will be rebuilt, and a 230kV line will be added between Faber Place and Charleston Transmission. Add 230/115kV transformer at Charleston Transmission. Add/upgrade terminals and bus work at impacted substations.",line,Church Creek - Faber Place 115 kV,Church Creek,Faber Place,115,,existing,work,Church Creek - Faber Place 115 kV; ,retained_DESC_asset_inventory,standard_public_gis,SC:scrtp_projects.pdf:16:6847:3,
SC:scrtp_projects.pdf:16:6847,DESC,SC,6847,Church Creek – Faber Place – Charleston Transmission: Add 230kV Line,"Construct a 230 kV transmission line from Church Creek to Charleston Transmission. The Church Creek – Faber Place 230kV and 115kV lines will be rebuilt, and a 230kV line will be added between Faber Place and Charleston Transmission. Add 230/115kV transformer at Charleston Transmission. Add/upgrade terminals and bus work at impacted substations.",line,Faber Place - Charleston Transmission,Faber Place,Charleston Transmission,230,,proposed,work,Faber Place - Charleston Transmission; This notebook does not force future lines into the current network.,retained_DESC_asset_inventory,standard_public_gis,SC:scrtp_projects.pdf:16:6847:4,
SC:scrtp_projects.pdf:16:6847,DESC,SC,6847,Church Creek – Faber Place – Charleston Transmission: Add 230kV Line,"Construct a 230 kV transmission line from Church Creek to Charleston Transmission. The Church Creek – Faber Place 230kV and 115kV lines will be rebuilt, and a 230kV line will be added between Faber Place and Charleston Transmission. Add 230/115kV transformer at Charleston Transmission. Add/upgrade terminals and bus work at impacted substations.",station,Charleston Transmission,,,230;115,,existing,work,Charleston Transmission; ,retained_DESC_asset_inventory,standard_public_gis,SC:scrtp_projects.pdf:16:6847:5,
SC:scrtp_projects.pdf:16:6847,DESC,SC,6847,Church Creek – Faber Place – Charleston Transmission: Add 230kV Line,"Construct a 230 kV transmission line from Church Creek to Charleston Transmission. The Church Creek – Faber Place 230kV and 115kV lines will be rebuilt, and a 230kV line will be added between Faber Place and Charleston Transmission. Add 230/115kV transformer at Charleston Transmission. Add/upgrade terminals and bus work at impacted substations.",station,Church Creek,,,230;115,,existing,work,Church Creek; ,retained_DESC_asset_inventory,standard_public_gis,SC:scrtp_projects.pdf:16:6847:6,
SC:scrtp_projects.pdf:16:6847,DESC,SC,6847,Church Creek – Faber Place – Charleston Transmission: Add 230kV Line,"Construct a 230 kV transmission line from Church Creek to Charleston Transmission. The Church Creek – Faber Place 230kV and 115kV lines will be rebuilt, and a 230kV line will be added between Faber Place and Charleston Transmission. Add 230/115kV transformer at Charleston Transmission. Add/upgrade terminals and bus work at impacted substations.",station,Faber Place,,,230;115,,existing,work,Faber Place; ,retained_DESC_asset_inventory,standard_public_gis,SC:scrtp_projects.pdf:16:6847:7,
SC:scrtp_projects.pdf:17:6359,DESC,SC,6359,Yemassee– Ritter 230kV #1 & #2: Construct SPDC with B-1272,Construct Ritter – Yemassee 230kV #1 and #2 SPDC with B1272 ACSR on both sides. Convert the existing Ritter – Yemassee 230 kV to 115 kV operation. Convert and add terminals at Ritter and Yemassee. Add 230 kV bus tie at Ritter and upgrade the Yemassee 230 kV bus tie.,line,Ritter - Yemassee #1,Ritter,Yemassee,230,,proposed,work,Ritter - Yemassee #1; This notebook does not force future lines into the current network.,retained_DESC_asset_inventory,standard_public_gis,SC:scrtp_projects.pdf:17:6359:1,
SC:scrtp_projects.pdf:17:6359,DESC,SC,6359,Yemassee– Ritter 230kV #1 & #2: Construct SPDC with B-1272,Construct Ritter – Yemassee 230kV #1 and #2 SPDC with B1272 ACSR on both sides. Convert the existing Ritter – Yemassee 230 kV to 115 kV operation. Convert and add terminals at Ritter and Yemassee. Add 230 kV bus tie at Ritter and upgrade the Yemassee 230 kV bus tie.,line,Ritter - Yemassee #2,Ritter,Yemassee,230,,proposed,work,Ritter - Yemassee #2; This notebook does not force future lines into the current network.,retained_DESC_asset_inventory,standard_public_gis,SC:scrtp_projects.pdf:17:6359:2,
SC:scrtp_projects.pdf:17:6359,DESC,SC,6359,Yemassee– Ritter 230kV #1 & #2: Construct SPDC with B-1272,Construct Ritter – Yemassee 230kV #1 and #2 SPDC with B1272 ACSR on both sides. Convert the existing Ritter – Yemassee 230 kV to 115 kV operation. Convert and add terminals at Ritter and Yemassee. Add 230 kV bus tie at Ritter and upgrade the Yemassee 230 kV bus tie.,line,Ritter - Yemassee existing 230 kV,Ritter,Yemassee,230,,existing,work,"Ritter - Yemassee existing 230 kV; Endpoint anchors found: A=0, B=3. Need another public location source for the missing endpoint.",retained_DESC_asset_inventory,standard_public_gis,SC:scrtp_projects.pdf:17:6359:3,
SC:scrtp_projects.pdf:17:6359,DESC,SC,6359,Yemassee– Ritter 230kV #1 & #2: Construct SPDC with B-1272,Construct Ritter – Yemassee 230kV #1 and #2 SPDC with B1272 ACSR on both sides. Convert the existing Ritter – Yemassee 230 kV to 115 kV operation. Convert and add terminals at Ritter and Yemassee. Add 230 kV bus tie at Ritter and upgrade the Yemassee 230 kV bus tie.,station,Ritter,,,230,,existing,work,Ritter; ,retained_DESC_asset_inventory,standard_public_gis,SC:scrtp_projects.pdf:17:6359:4,
SC:scrtp_projects.pdf:17:6359,DESC,SC,6359,Yemassee– Ritter 230kV #1 & #2: Construct SPDC with B-1272,Construct Ritter – Yemassee 230kV #1 and #2 SPDC with B1272 ACSR on both sides. Convert the existing Ritter – Yemassee 230 kV to 115 kV operation. Convert and add terminals at Ritter and Yemassee. Add 230 kV bus tie at Ritter and upgrade the Yemassee 230 kV bus tie.,station,Yemassee,,,230,,existing,work,Yemassee; ,retained_DESC_asset_inventory,standard_public_gis,SC:scrtp_projects.pdf:17:6359:5,
SC:scrtp_projects.pdf:18:6238 H,DESC,SC,6238 H,Fairfax-Yemassee 115kV: Upgrade for DESCSQ #1151 Interconnection,Upgrade 336 ACSR portion of DESCSQ #1151 - Yemassee 115 kV line to 1272 ACSR.,line,DESCSQ #1151 - Yemassee,DESCSQ #1151,Yemassee,115,,existing,work,"DESCSQ #1151 - Yemassee; Endpoint anchors found: A=0, B=3. Need another public location source for the missing endpoint.",retained_DESC_asset_inventory,standard_public_gis,SC:scrtp_projects.pdf:18:6238 H:1,
SC:scrtp_projects.pdf:19:6809 M,DESC,SC,6809 M,St George - Sumter 230kV Tie: Rebuild Line from Santee Substation - Duke/Progress Energy Tie,Rebuild Line from Santee Substation - Duke/Progress Energy Tie.,line,Santee - Duke/Progress Energy tie,Santee,Duke/Progress Energy Tie,230,,existing,work,"Santee - Duke/Progress Energy tie; Endpoint anchors found: A=1, B=0. Need another public location source for the missing endpoint.",retained_DESC_asset_inventory,standard_public_gis,SC:scrtp_projects.pdf:19:6809 M:1,
SC:scrtp_projects.pdf:1:06810 H,DESC,SC,06810 H,Summerville 115kV Loop: Rebuild,Replacing several wood pole sections on the Summerville 115 kV Loop that have reached the end of life.,line,Summerville loop wood-pole sections,,,115,,existing,work,"Summerville loop wood-pole sections; Endpoint anchors found: A=0, B=0. Need another public location source for the missing endpoint.",retained_DESC_asset_inventory,standard_public_gis,SC:scrtp_projects.pdf:1:06810 H:1,
SC:scrtp_projects.pdf:20:6809 G,DESC,SC,6809 G,Hooks - Modoc 115/46 kV Rebuild,Upgrade 6.5 miles of aging conductor with 1272 ACSR and rebuild with SPDC.,line,Hooks - Modoc 115 kV,Hooks,Modoc,115,,existing,work,"Hooks - Modoc 115 kV; Endpoint anchors found: A=0, B=1. Need another public location source for the missing endpoint.",retained_DESC_asset_inventory,standard_public_gis,SC:scrtp_projects.pdf:20:6809 G:1,
SC:scrtp_projects.pdf:20:6809 G,DESC,SC,6809 G,Hooks - Modoc 115/46 kV Rebuild,Upgrade 6.5 miles of aging conductor with 1272 ACSR and rebuild with SPDC.,line,Hooks - Modoc 46 kV,Hooks,Modoc,46,,existing,work,Hooks - Modoc 46 kV; No known-owner Dominion/SCE&G HIFLD lines were found at 46 kV. Use OSM or official project documentation.,retained_DESC_asset_inventory,standard_public_gis,SC:scrtp_projects.pdf:20:6809 G:2,
SC:scrtp_projects.pdf:21:6808 L,DESC,SC,6808 L,Burton-St Helena 115kV: Rebuild Frogmore Distribution – St. Helena Section,Replace wooden structures with Self Supporting Steel Structures and restring with 1272 ACSR conductor for the Frogmore Transmission – St. Helena section.,line,Frogmore Transmission - St Helena,Frogmore Transmission,St Helena,115,,existing,work,"Frogmore Transmission - St Helena; Endpoint anchors found: A=1, B=0. Need another public location source for the missing endpoint.",retained_DESC_asset_inventory,requires_primary_source,SC:scrtp_projects.pdf:21:6808 L:1,
SC:scrtp_projects.pdf:22:06371 D,DESC,SC,06371 D,Wagener 115kV Tap: Construct Tap,Constructing a 115 kV Tap off the Edmund Switching Station- Owens Corning 115 kV Line to feed new Wagener Distribution substation.,line,Wagener 115 kV tap,,,115,,proposed,work,Wagener 115 kV tap; This notebook does not force future lines into the current network.,retained_DESC_asset_inventory,standard_public_gis,SC:scrtp_projects.pdf:22:06371 D:1,
SC:scrtp_projects.pdf:22:06371 D,DESC,SC,06371 D,Wagener 115kV Tap: Construct Tap,Constructing a 115 kV Tap off the Edmund Switching Station- Owens Corning 115 kV Line to feed new Wagener Distribution substation.,station,Wagener,,,115,,proposed,work,Wagener; ,retained_DESC_asset_inventory,standard_public_gis,SC:scrtp_projects.pdf:22:06371 D:2,
SC:scrtp_projects.pdf:22:06371 D,DESC,SC,06371 D,Wagener 115kV Tap: Construct Tap,Constructing a 115 kV Tap off the Edmund Switching Station- Owens Corning 115 kV Line to feed new Wagener Distribution substation.,line,Edmund Switching Station - Owens Corning,Edmund Switching Station,Owens Corning,115,,existing,work,"Edmund Switching Station - Owens Corning; Both endpoint locations were found, but no same-voltage public HIFLD path connected their nearby Dominion/unknown-owner transmission features.",retained_DESC_asset_inventory,standard_public_gis,SC:scrtp_projects.pdf:22:06371 D:3,
SC:scrtp_projects.pdf:23:6810 U,DESC,SC,6810 U,Cameron Jct – Elloree 46 kV Rebuild,Rebuilding the Cameron Jct – Elloree 46 kV Line. 7.3 miles.,line,Cameron Jct - Elloree,Cameron Jct,Elloree,46,,existing,work,Cameron Jct - Elloree; No known-owner Dominion/SCE&G HIFLD lines were found at 46 kV. Use OSM or official project documentation.,retained_DESC_asset_inventory,standard_public_gis,SC:scrtp_projects.pdf:23:6810 U:1,
SC:scrtp_projects.pdf:24:7956B,DESC,SC,7956B,Atomic Road 115/12kV Sub: Construct,New 115-12kV Sub Construction. Transformer will be 28 MVA. Will construct 4 bays with 3 breakers put in service.,station,Atomic Road,,,115;12,,proposed,work,Atomic Road; ,retained_DESC_asset_inventory,standard_public_gis,SC:scrtp_projects.pdf:24:7956B:1,
SC:scrtp_projects.pdf:25:6810 J,DESC,SC,6810 J,Elloree – Santee City 46 kV: Rebuild,Rebuilding the 46 kV line between Elloree and Santee City. 8.35 miles.,line,Elloree - Santee City,Elloree,Santee City,46,,existing,work,Elloree - Santee City; No known-owner Dominion/SCE&G HIFLD lines were found at 46 kV. Use OSM or official project documentation.,retained_DESC_asset_inventory,standard_public_gis,SC:scrtp_projects.pdf:25:6810 J:1,
SC:scrtp_projects.pdf:26:6810 O,DESC,SC,6810 O,Urquhart – Aiken PSA 46 kV: Rebuild,Rebuilding the section of 46 kV line from Urquhart to the Aiken PSA tap point. TBD if the scope of this project includes rebuilding the actual tap Aiken PSA. 4.5 miles.,line,Urquhart - Aiken PSA tap point,Urquhart,Aiken PSA,46,,existing,work,Urquhart - Aiken PSA tap point; No known-owner Dominion/SCE&G HIFLD lines were found at 46 kV. Use OSM or official project documentation.,retained_DESC_asset_inventory,standard_public_gis,SC:scrtp_projects.pdf:26:6810 O:1,
SC:scrtp_projects.pdf:26:6810 O,DESC,SC,6810 O,Urquhart – Aiken PSA 46 kV: Rebuild,Rebuilding the section of 46 kV line from Urquhart to the Aiken PSA tap point. TBD if the scope of this project includes rebuilding the actual tap Aiken PSA. 4.5 miles.,line,Aiken PSA tap,,,46,,uncertain,work,Aiken PSA tap; This notebook does not force future lines into the current network.,retained_DESC_asset_inventory,standard_public_gis,SC:scrtp_projects.pdf:26:6810 O:2,
SC:scrtp_projects.pdf:27:6808 P,DESC,SC,6808 P,Wateree-Hopkins 230kV Line #1: Rebuild,Rebuilding the Wateree - Hopkins 230 kV Line #1. Line will be rebuilt SPSC with 1272 ACSR.,line,Wateree - Hopkins #1,Wateree,Hopkins,230,,existing,work,"Wateree - Hopkins #1; Endpoint anchors found: A=2, B=0. Need another public location source for the missing endpoint.",retained_DESC_asset_inventory,standard_public_gis,SC:scrtp_projects.pdf:27:6808 P:1,
SC:scrtp_projects.pdf:28:6809 I2,DESC,SC,6809 I2,Adams Run – Red House Road 46 kV: Replace Dawhoo River Crossing and other Structures,"Set the 2 River Crossing structures on the Dawhoo River and replace the other structures in the marsh with Distribution Underbuild. In addition, replace other structures identified on the 46kV line. Str 2,6,9,12,18,25,38-40,47,48,81-83,95-110 (Dawhoo Marsh),125,130-134,167,168,184,203,206,218- 220,228,230,238,260-262,265,271-273,277,278,299,302. (58 Structures)",line,Adams Run - Red House Road listed structures,Adams Run,Red House Road,46,,existing,work,Adams Run - Red House Road listed structures; No known-owner Dominion/SCE&G HIFLD lines were found at 46 kV. Use OSM or official project documentation.,retained_DESC_asset_inventory,standard_public_gis,SC:scrtp_projects.pdf:28:6809 I2:1,
SC:scrtp_projects.pdf:29:6809 S,DESC,SC,6809 S,Lyles – Kilbourne Park 115kV: Replace Structure 67 – Kilbourne Park,Rebuild the section of 115kV line between Kilbourne Park and str# 67 on the Lyles - Kilbourne Park 115kV Line. Pull 1272 ACSR from Richland Mall GOAB to Kilbourne Park Sub. Most of this section of line is back lot construction (difficult access) along with distribution underbuilt throughout. 2.85 Miles,line,Lyles - Kilbourne Park structure 67 segment,Lyles,Kilbourne Park,115,,existing,work,"Lyles - Kilbourne Park structure 67 segment; Endpoint anchors found: A=0, B=0. Need another public location source for the missing endpoint.",retained_DESC_asset_inventory,requires_primary_source,SC:scrtp_projects.pdf:29:6809 S:1,
SC:scrtp_projects.pdf:29:6809 S,DESC,SC,6809 S,Lyles – Kilbourne Park 115kV: Replace Structure 67 – Kilbourne Park,Rebuild the section of 115kV line between Kilbourne Park and str# 67 on the Lyles - Kilbourne Park 115kV Line. Pull 1272 ACSR from Richland Mall GOAB to Kilbourne Park Sub. Most of this section of line is back lot construction (difficult access) along with distribution underbuilt throughout. 2.85 Miles,line,Richland Mall GOAB - Kilbourne Park conductor,Richland Mall GOAB,Kilbourne Park,115,,existing,work,"Richland Mall GOAB - Kilbourne Park conductor; Endpoint anchors found: A=0, B=0. Need another public location source for the missing endpoint.",retained_DESC_asset_inventory,requires_primary_source,SC:scrtp_projects.pdf:29:6809 S:2,
SC:scrtp_projects.pdf:2:02726 K,DESC,SC,02726 K,Columbia Canal 115 kV: Rebuild,This is the DESC funded portion of the Columbia Canal project and encompasses replacing the poles on the Columbia side of the canal.,line,Columbia Canal - Columbia-side poles,,,115,,existing,work,"Columbia Canal - Columbia-side poles; Endpoint anchors found: A=0, B=0. Need another public location source for the missing endpoint.",retained_DESC_asset_inventory,standard_public_gis,SC:scrtp_projects.pdf:2:02726 K:1,
SC:scrtp_projects.pdf:30:6873,DESC,SC,6873,Winnsboro West 230-115 kV Sub and Fold-in: Construct,Construct new 230-115 kV substation and fold in the Parr – Winnsboro 115 kV #1 and VCS1 – Killian 230 kV lines into the new substation.,station,Winnsboro West,,,230;115,,proposed,work,Winnsboro West; ,retained_DESC_asset_inventory,standard_public_gis,SC:scrtp_projects.pdf:30:6873:1,
SC:scrtp_projects.pdf:30:6873,DESC,SC,6873,Winnsboro West 230-115 kV Sub and Fold-in: Construct,Construct new 230-115 kV substation and fold in the Parr – Winnsboro 115 kV #1 and VCS1 – Killian 230 kV lines into the new substation.,line,Parr - Winnsboro #1 fold-in,Parr,Winnsboro,115,,existing,work,Parr - Winnsboro #1 fold-in; A route exists only when HIFLD segments with unknown ownership are allowed. Inspect the path before accepting it.,retained_DESC_asset_inventory,standard_public_gis,SC:scrtp_projects.pdf:30:6873:2,
SC:scrtp_projects.pdf:30:6873,DESC,SC,6873,Winnsboro West 230-115 kV Sub and Fold-in: Construct,Construct new 230-115 kV substation and fold in the Parr – Winnsboro 115 kV #1 and VCS1 – Killian 230 kV lines into the new substation.,line,VCS1 - Killian fold-in,VCS1,Killian,230,,existing,work,"VCS1 - Killian fold-in; Endpoint anchors found: A=1, B=0. Need another public location source for the missing endpoint.",retained_DESC_asset_inventory,standard_public_gis,SC:scrtp_projects.pdf:30:6873:3,
SC:scrtp_projects.pdf:31:6388 A,DESC,SC,6388 A,Williams-Summerville 230kV: Upgrade to SPDC B1272 ACSR,Rebuild the section of the Williams - Summerville 230 kV line from Ladson Jct to Williams. Line to upgraded to B-1272 and designed for a future second circuit. Approximately 10 miles.,line,Ladson Jct - Williams,Ladson Jct,Williams,230,,existing,work,"Ladson Jct - Williams; Endpoint anchors found: A=0, B=1. Need another public location source for the missing endpoint.",retained_DESC_asset_inventory,standard_public_gis,SC:scrtp_projects.pdf:31:6388 A:1,
SC:scrtp_projects.pdf:32:06372 A,DESC,SC,06372 A,Church Creek - Ritter 230kV - Replace 38 Large Angles and Dead Ends,"Replacing approximately 38 guyed wooden structures due to recent failures in the fiberglass strain insulators along this line. Structures to be changed out are dead ends/large angles. We will also be adding a few in-line dead ends where there are tangents runs of greater than 15,000'. Replacement structures will be designed for B-1272 ACSR and be offset such that a future circuit could be added along this alignment. Estimated STRs to Replace: 38 structures total. 28 concrete foundations and 10 vibratory caisson foundations.",line,Church Creek - Ritter selected structures,Church Creek,Ritter,230,,existing,work,"Church Creek - Ritter selected structures; Endpoint anchors found: A=2, B=0. Need another public location source for the missing endpoint.",retained_DESC_asset_inventory,standard_public_gis,SC:scrtp_projects.pdf:32:06372 A:1,
SC:scrtp_projects.pdf:33:6854 C,DESC,SC,6854 C,Jackson 115kV: Construct 115 – 12kV Distribution Substation,Construct 115 – 12kV distribution substation to replace Jackson 46kV Substation. Jackson 46kV has reverse power modifications for Aiken Schools #3936. Verify that Jackson 115-12kV will inherit this reverse power requirement.,station,Jackson,,,115;12,,proposed,work,Jackson; ,retained_DESC_asset_inventory,standard_public_gis,SC:scrtp_projects.pdf:33:6854 C:1,
SC:scrtp_projects.pdf:33:6854 C,DESC,SC,6854 C,Jackson 115kV: Construct 115 – 12kV Distribution Substation,Construct 115 – 12kV distribution substation to replace Jackson 46kV Substation. Jackson 46kV has reverse power modifications for Aiken Schools #3936. Verify that Jackson 115-12kV will inherit this reverse power requirement.,station,Jackson,,,46,,existing,work,Jackson; ,retained_DESC_asset_inventory,standard_public_gis,SC:scrtp_projects.pdf:33:6854 C:2,
SC:scrtp_projects.pdf:34:06005 B,DESC,SC,06005 B,Harleyville 115KV Transmission Tap – Construct (1.4 miles),Extend the 115 kV line from the Blue Circle tap to the Harleyville substation to provide 115 kV service.,line,Blue Circle tap - Harleyville,Blue Circle,Harleyville,115,,proposed,work,Blue Circle tap - Harleyville; This notebook does not force future lines into the current network.,retained_DESC_asset_inventory,standard_public_gis,SC:scrtp_projects.pdf:34:06005 B:1,
SC:scrtp_projects.pdf:34:06005 B,DESC,SC,06005 B,Harleyville 115KV Transmission Tap – Construct (1.4 miles),Extend the 115 kV line from the Blue Circle tap to the Harleyville substation to provide 115 kV service.,station,Harleyville,,,115,,existing,work,Harleyville; ,retained_DESC_asset_inventory,standard_public_gis,SC:scrtp_projects.pdf:34:06005 B:2,
SC:scrtp_projects.pdf:35:6809 F,DESC,SC,6809 F,Orangeburg #1 - Cameron Jct 46kV Line Rebuild,"Rebuilding the 7.5 mile Orangeburg #1 – Cameron Jct. 46 kV Line. The line will be rebuilt on existing R/W using steel poles, 115 kV insulation, and 1272 ACSR Conductor",line,Orangeburg #1 - Cameron Jct,Orangeburg #1,Cameron Jct,46,,existing,work,Orangeburg #1 - Cameron Jct; No known-owner Dominion/SCE&G HIFLD lines were found at 46 kV. Use OSM or official project documentation.,retained_DESC_asset_inventory,standard_public_gis,SC:scrtp_projects.pdf:35:6809 F:1,
"SC:scrtp_projects.pdf:36:6808 N,O",DESC,SC,"6808 N,O",VCS1-Denny Terrace 230kV & VCS1-Pineland 230kV: Rebuild Single Circuit Sections,Replace wooden H-Frame structures with Self Supporting Steel Structures and restring with standard 1272 ACSR conductor.,line,VCS1 - Denny Terrace single-circuit sections,VCS1,Denny Terrace,230,,existing,work,VCS1 - Denny Terrace single-circuit sections; ,retained_DESC_asset_inventory,standard_public_gis,"SC:scrtp_projects.pdf:36:6808 N,O:1",
"SC:scrtp_projects.pdf:36:6808 N,O",DESC,SC,"6808 N,O",VCS1-Denny Terrace 230kV & VCS1-Pineland 230kV: Rebuild Single Circuit Sections,Replace wooden H-Frame structures with Self Supporting Steel Structures and restring with standard 1272 ACSR conductor.,line,VCS1 - Pineland single-circuit sections,VCS1,Pineland,230,,existing,work,"VCS1 - Pineland single-circuit sections; Both endpoint locations were found, but no same-voltage public HIFLD path connected their nearby Dominion/unknown-owner transmission features.",retained_DESC_asset_inventory,standard_public_gis,"SC:scrtp_projects.pdf:36:6808 N,O:2",
"SC:scrtp_projects.pdf:37:6842 C,D",DESC,SC,"6842 C,D",Coast Guard 115kV Substation and Tap: Construct,Construct a 115-23.9kV substation at the Coast Guard substation site with 37.3MVA transformer and 4 feeder bays. There is room in the substation for a future transformer. Construct a 115kV transmission line between Clemson Wind Turbine & Coast Guard Sub. The Coast Guard Substation will be served radially from this new line.,station,Coast Guard,,,115;23.9,,proposed,work,Coast Guard; ,retained_DESC_asset_inventory,standard_public_gis,"SC:scrtp_projects.pdf:37:6842 C,D:1",
"SC:scrtp_projects.pdf:37:6842 C,D",DESC,SC,"6842 C,D",Coast Guard 115kV Substation and Tap: Construct,Construct a 115-23.9kV substation at the Coast Guard substation site with 37.3MVA transformer and 4 feeder bays. There is room in the substation for a future transformer. Construct a 115kV transmission line between Clemson Wind Turbine & Coast Guard Sub. The Coast Guard Substation will be served radially from this new line.,line,Clemson Wind Turbine - Coast Guard,Clemson Wind Turbine,Coast Guard,115,,proposed,work,Clemson Wind Turbine - Coast Guard; This notebook does not force future lines into the current network.,retained_DESC_asset_inventory,standard_public_gis,"SC:scrtp_projects.pdf:37:6842 C,D:2",
"SC:scrtp_projects.pdf:38:6864 D, E",DESC,SC,"6864 D, E",Millrace 115 kV Tap: Construct,"Construct Millrace 115kV tap from the existing Dunbar Road – Lyles 115kV line. Due to added load on the Dunbar Road – Lyles 115kV line, rebuild with 1272 ACSR.",line,Millrace 115 kV tap,,,115,,proposed,work,Millrace 115 kV tap; This notebook does not force future lines into the current network.,retained_DESC_asset_inventory,standard_public_gis,"SC:scrtp_projects.pdf:38:6864 D, E:1",
"SC:scrtp_projects.pdf:38:6864 D, E",DESC,SC,"6864 D, E",Millrace 115 kV Tap: Construct,"Construct Millrace 115kV tap from the existing Dunbar Road – Lyles 115kV line. Due to added load on the Dunbar Road – Lyles 115kV line, rebuild with 1272 ACSR.",line,Dunbar Road - Lyles,Dunbar Road,Lyles,115,,existing,work,"Dunbar Road - Lyles; Endpoint anchors found: A=1, B=0. Need another public location source for the missing endpoint.",retained_DESC_asset_inventory,standard_public_gis,"SC:scrtp_projects.pdf:38:6864 D, E:2",
"SC:scrtp_projects.pdf:39:1060A, I, L",DESC,SC,"1060A, I, L","Williams St Sub: Replace Sw House & Relays, AM Williams Sub: Replace Sw House, and McMeekin Sub: Add Sw House","Replace switch house, switch house equipment, and relay panels at Williams Street substation. Replace the switch house at AM Williams substation. Add Switching House at McMeekin Substation to move relays from plant relay room.",station,Williams Street,,,,,existing,work,Williams Street; ,retained_DESC_asset_inventory,standard_public_gis,"SC:scrtp_projects.pdf:39:1060A, I, L:1",
"SC:scrtp_projects.pdf:39:1060A, I, L",DESC,SC,"1060A, I, L","Williams St Sub: Replace Sw House & Relays, AM Williams Sub: Replace Sw House, and McMeekin Sub: Add Sw House","Replace switch house, switch house equipment, and relay panels at Williams Street substation. Replace the switch house at AM Williams substation. Add Switching House at McMeekin Substation to move relays from plant relay room.",station,AM Williams,,,,,existing,work,AM Williams; ,retained_DESC_asset_inventory,standard_public_gis,"SC:scrtp_projects.pdf:39:1060A, I, L:2",
"SC:scrtp_projects.pdf:39:1060A, I, L",DESC,SC,"1060A, I, L","Williams St Sub: Replace Sw House & Relays, AM Williams Sub: Replace Sw House, and McMeekin Sub: Add Sw House","Replace switch house, switch house equipment, and relay panels at Williams Street substation. Replace the switch house at AM Williams substation. Add Switching House at McMeekin Substation to move relays from plant relay room.",station,McMeekin,,,,,existing,work,McMeekin; ,retained_DESC_asset_inventory,standard_public_gis,"SC:scrtp_projects.pdf:39:1060A, I, L:3",
SC:scrtp_projects.pdf:3:6853 B-F,DESC,SC,6853 B-F,Scout 230 kV Sub and Fold-in: Construct,Construct 230kV Transmission Line for Scout Customer Substation and modify VCS1 and Killian terminals.,line,Scout 230 kV fold-in,,,230,,proposed,work,Scout 230 kV fold-in; This notebook does not force future lines into the current network.,retained_DESC_asset_inventory,standard_public_gis,SC:scrtp_projects.pdf:3:6853 B-F:1,
SC:scrtp_projects.pdf:3:6853 B-F,DESC,SC,6853 B-F,Scout 230 kV Sub and Fold-in: Construct,Construct 230kV Transmission Line for Scout Customer Substation and modify VCS1 and Killian terminals.,station,Scout,,,230,,proposed,work,Scout; ,retained_DESC_asset_inventory,standard_public_gis,SC:scrtp_projects.pdf:3:6853 B-F:2,
SC:scrtp_projects.pdf:3:6853 B-F,DESC,SC,6853 B-F,Scout 230 kV Sub and Fold-in: Construct,Construct 230kV Transmission Line for Scout Customer Substation and modify VCS1 and Killian terminals.,station,VCS1,,,230,,existing,work,VCS1; ,retained_DESC_asset_inventory,standard_public_gis,SC:scrtp_projects.pdf:3:6853 B-F:3,
SC:scrtp_projects.pdf:3:6853 B-F,DESC,SC,6853 B-F,Scout 230 kV Sub and Fold-in: Construct,Construct 230kV Transmission Line for Scout Customer Substation and modify VCS1 and Killian terminals.,station,Killian,,,230,,existing,work,Killian; ,retained_DESC_asset_inventory,standard_public_gis,SC:scrtp_projects.pdf:3:6853 B-F:4,
SC:scrtp_projects.pdf:40:6810 T,DESC,SC,6810 T,Cameron Jct – Cameron – St Matthews 46 kV Rebuild,Rebuilding the 46 kV line between Cameron Jct and St Matthews. 9.8 miles.,line,Cameron Jct - Cameron,Cameron Jct,Cameron,46,,existing,work,Cameron Jct - Cameron; No known-owner Dominion/SCE&G HIFLD lines were found at 46 kV. Use OSM or official project documentation.,retained_DESC_asset_inventory,standard_public_gis,SC:scrtp_projects.pdf:40:6810 T:1,
SC:scrtp_projects.pdf:40:6810 T,DESC,SC,6810 T,Cameron Jct – Cameron – St Matthews 46 kV Rebuild,Rebuilding the 46 kV line between Cameron Jct and St Matthews. 9.8 miles.,line,Cameron - St Matthews,Cameron,St Matthews,46,,existing,work,Cameron - St Matthews; No known-owner Dominion/SCE&G HIFLD lines were found at 46 kV. Use OSM or official project documentation.,retained_DESC_asset_inventory,standard_public_gis,SC:scrtp_projects.pdf:40:6810 T:2,
SC:scrtp_projects.pdf:41:6888,DESC,SC,6888,Okatie – McIntosh 115kV Tie: Add Series Reactor,Construct Deerfield Switching Station and Install a 9% series reactor on the Okatie – McIntosh 115kV Tie Line.,station,Deerfield Switching Station,,,115,,proposed,work,Deerfield Switching Station; ,retained_DESC_asset_inventory,standard_public_gis,SC:scrtp_projects.pdf:41:6888:1,
SC:scrtp_projects.pdf:41:6888,DESC,SC,6888,Okatie – McIntosh 115kV Tie: Add Series Reactor,Construct Deerfield Switching Station and Install a 9% series reactor on the Okatie – McIntosh 115kV Tie Line.,line,Okatie - McIntosh reactor location,Okatie,McIntosh,115,,existing,work,"Okatie - McIntosh reactor location; Endpoint anchors found: A=0, B=2. Need another public location source for the missing endpoint.",retained_DESC_asset_inventory,standard_public_gis,SC:scrtp_projects.pdf:41:6888:2,
SC:scrtp_projects.pdf:42:6809 R,DESC,SC,6809 R,CAE Industrial Park - Springdale Sub 115kV: Replace Laminated Wood Polls.,"There are 28 laminated wood poles on the CAE Industrial Park - Springdale Sub 115kV line, and 5 have been identified as ""rotten"" by OSMOSE inspections. Replace all 28 laminated wood poles.",line,CAE Industrial Park - Springdale laminated poles,CAE Industrial Park,Springdale,115,,existing,work,"CAE Industrial Park - Springdale laminated poles; Endpoint anchors found: A=0, B=1. Need another public location source for the missing endpoint.",retained_DESC_asset_inventory,requires_primary_source,SC:scrtp_projects.pdf:42:6809 R:1,
SC:scrtp_projects.pdf:43:6809 O,DESC,SC,6809 O,St. George- Holly Hill 115kV: Rebuild Structures 83-108,"Rebuild Structures 83-108 on existing St. George – Holly Hill 115 kV transmission line. Total length, 3.4 miles. Replace flat switches at Don's Car Crushing with new flat switches. Distribution wants to be underbuilt when we rebuild.",line,St George - Holly Hill structures 83-108,St George,Holly Hill,115,,existing,work,St George - Holly Hill structures 83-108; ,retained_DESC_asset_inventory,standard_public_gis,SC:scrtp_projects.pdf:43:6809 O:1,
SC:scrtp_projects.pdf:43:6809 O,DESC,SC,6809 O,St. George- Holly Hill 115kV: Rebuild Structures 83-108,"Rebuild Structures 83-108 on existing St. George – Holly Hill 115 kV transmission line. Total length, 3.4 miles. Replace flat switches at Don's Car Crushing with new flat switches. Distribution wants to be underbuilt when we rebuild.",station,Don's Car Crushing switches,,,115,,existing,work,Don's Car Crushing switches; ,retained_DESC_asset_inventory,standard_public_gis,SC:scrtp_projects.pdf:43:6809 O:2,
SC:scrtp_projects.pdf:44:06076 A,DESC,SC,06076 A,Canadys-Ritter 115KV: Rebuild SPDC 230/115KV 1272 (Approx 18 Miles),Rebuild Canadys-Ritter 115 kV line as SPDC with 1272 ACSR. Project includes the rebuild of the Canadys - Ritter 115kV only. No 230kV work associated with this project. 17.5 miles,line,Canadys - Ritter 115 kV,Canadys,Ritter,115,,existing,work,"Canadys - Ritter 115 kV; Endpoint anchors found: A=2, B=0. Need another public location source for the missing endpoint.",retained_DESC_asset_inventory,standard_public_gis,SC:scrtp_projects.pdf:44:06076 A:1,
SC:scrtp_projects.pdf:45:6808 R,DESC,SC,6808 R,Wateree-Killian 230kV: Rebuild,Rebuilding the Wateree - Killian 230 kV Line. Line will be rebuilt SPSC with 1272 ACSR Length - 35 miles,line,Wateree - Killian,Wateree,Killian,230,,existing,work,"Wateree - Killian; Endpoint anchors found: A=2, B=0. Need another public location source for the missing endpoint.",retained_DESC_asset_inventory,standard_public_gis,SC:scrtp_projects.pdf:45:6808 R:1,
SC:scrtp_projects.pdf:46:6877 A,DESC,SC,6877 A,Church Creek – Dawson 230 kV: Rebuild from Long Savannah to Dawson,"Rebuild Dawson – Long Savannah 230kV Line SPSC B1272 (Designed SPDC B1272). Approximately 13.6 miles. 6869C includes rebuild from Long Savannah – Church Creek 230kV (3.0 miles). For 8 miles (Dawson – Mateeba), include the rebuild of Dawson – Faber Place SPSC B1272 (Designed SPDC B1272)",line,Dawson - Long Savannah,Dawson,Long Savannah,230,,existing,work,"Dawson - Long Savannah; Endpoint anchors found: A=0, B=0. Need another public location source for the missing endpoint.",retained_DESC_asset_inventory,standard_public_gis,SC:scrtp_projects.pdf:46:6877 A:1,
SC:scrtp_projects.pdf:46:6877 A,DESC,SC,6877 A,Church Creek – Dawson 230 kV: Rebuild from Long Savannah to Dawson,"Rebuild Dawson – Long Savannah 230kV Line SPSC B1272 (Designed SPDC B1272). Approximately 13.6 miles. 6869C includes rebuild from Long Savannah – Church Creek 230kV (3.0 miles). For 8 miles (Dawson – Mateeba), include the rebuild of Dawson – Faber Place SPSC B1272 (Designed SPDC B1272)",line,Dawson - Mateeba on Dawson - Faber Place,Dawson,Mateeba,230,,existing,work,"Dawson - Mateeba on Dawson - Faber Place; Endpoint anchors found: A=0, B=0. Need another public location source for the missing endpoint.",retained_DESC_asset_inventory,standard_public_gis,SC:scrtp_projects.pdf:46:6877 A:2,
SC:scrtp_projects.pdf:47:6869 D,DESC,SC,6869 D,Long Savannah 115 kV Tap: Construct,Rebuild Church Creek - Dawson 230kV line from Long Savannah to Church Creek. Include Long Savannah 115kV Tap SPDC with Church Creek - Dawson 230kV from Long Savannah to tap point with Church Creek - Ravenel (BEC) 115kV Line and SPSC from Tap Point to Church Creek. Long Savannah will be fed from Church Creek – Ravenel (BEC) 115 kV.,line,Long Savannah - Church Creek 230 kV,Long Savannah,Church Creek,230,,existing,work,"Long Savannah - Church Creek 230 kV; Endpoint anchors found: A=0, B=2. Need another public location source for the missing endpoint.",retained_DESC_asset_inventory,standard_public_gis,SC:scrtp_projects.pdf:47:6869 D:1,
SC:scrtp_projects.pdf:47:6869 D,DESC,SC,6869 D,Long Savannah 115 kV Tap: Construct,Rebuild Church Creek - Dawson 230kV line from Long Savannah to Church Creek. Include Long Savannah 115kV Tap SPDC with Church Creek - Dawson 230kV from Long Savannah to tap point with Church Creek - Ravenel (BEC) 115kV Line and SPSC from Tap Point to Church Creek. Long Savannah will be fed from Church Creek – Ravenel (BEC) 115 kV.,line,Long Savannah 115 kV tap,,,115,,proposed,work,Long Savannah 115 kV tap; This notebook does not force future lines into the current network.,retained_DESC_asset_inventory,standard_public_gis,SC:scrtp_projects.pdf:47:6869 D:2,
SC:scrtp_projects.pdf:47:6869 D,DESC,SC,6869 D,Long Savannah 115 kV Tap: Construct,Rebuild Church Creek - Dawson 230kV line from Long Savannah to Church Creek. Include Long Savannah 115kV Tap SPDC with Church Creek - Dawson 230kV from Long Savannah to tap point with Church Creek - Ravenel (BEC) 115kV Line and SPSC from Tap Point to Church Creek. Long Savannah will be fed from Church Creek – Ravenel (BEC) 115 kV.,line,Church Creek - Ravenel (BEC) tap point,Church Creek,Ravenel,115,,existing,work,"Church Creek - Ravenel (BEC) tap point; Endpoint anchors found: A=2, B=0. Need another public location source for the missing endpoint.",retained_DESC_asset_inventory,standard_public_gis,SC:scrtp_projects.pdf:47:6869 D:3,
SC:scrtp_projects.pdf:48:6809 M,DESC,SC,6809 M,Modoc – McCormick 115/46 kV Rebuild,Rebuilding the section of 115/46kV line between Modoc and McCormick. Lines will be SPDC with 115 kV insulation on both sides.,line,Modoc - McCormick 115 kV,Modoc,McCormick,115,,existing,work,"Modoc - McCormick 115 kV; Both endpoint locations were found, but no same-voltage public HIFLD path connected their nearby Dominion/unknown-owner transmission features.",retained_DESC_asset_inventory,standard_public_gis,SC:scrtp_projects.pdf:48:6809 M:1,
SC:scrtp_projects.pdf:48:6809 M,DESC,SC,6809 M,Modoc – McCormick 115/46 kV Rebuild,Rebuilding the section of 115/46kV line between Modoc and McCormick. Lines will be SPDC with 115 kV insulation on both sides.,line,Modoc - McCormick 46 kV,Modoc,McCormick,46,,existing,work,Modoc - McCormick 46 kV; No known-owner Dominion/SCE&G HIFLD lines were found at 46 kV. Use OSM or official project documentation.,retained_DESC_asset_inventory,standard_public_gis,SC:scrtp_projects.pdf:48:6809 M:2,
SC:scrtp_projects.pdf:49:6809 T,DESC,SC,6809 T,Stevens Creek - Graniteville 115 kV: Rebuild,"Rebuilding the 15 mile section of 115 kv line between Stevens Creek and Graniteville. This line was built in the early 1960s, has small wire, and is in rough shape, as noted by the extensive damage during the hurricane.",line,Stevens Creek - Graniteville,Stevens Creek,Graniteville,115,,existing,work,"Stevens Creek - Graniteville; Endpoint anchors found: A=1, B=0. Need another public location source for the missing endpoint.",retained_DESC_asset_inventory,standard_public_gis,SC:scrtp_projects.pdf:49:6809 T:1,
SC:scrtp_projects.pdf:4:6846 A,DESC,SC,6846 A,Eastover – Sumter 115kV DEP Tie: Rebuild with 1272 ACSR,Upgrade the DESC section (approx. 1 mile) of the tie line from 397.5 ACSR Ibis to 1272 ACSR.,line,Eastover - Sumter DESC tie section,Eastover,Sumter,115,,existing,work,"Eastover - Sumter DESC tie section; Endpoint anchors found: A=0, B=1. Need another public location source for the missing endpoint.",retained_DESC_asset_inventory,standard_public_gis,SC:scrtp_projects.pdf:4:6846 A:1,
SC:scrtp_projects.pdf:50:6810 N,DESC,SC,6810 N,Calhoun County - North 46 kV Rebuild,System Hardening project – Rebuilding the 46 kV line between North and Calhoun County. 9.5 miles,line,Calhoun County - North,Calhoun County,North,46,,existing,work,Calhoun County - North; No known-owner Dominion/SCE&G HIFLD lines were found at 46 kV. Use OSM or official project documentation.,retained_DESC_asset_inventory,standard_public_gis,SC:scrtp_projects.pdf:50:6810 N:1,
SC:scrtp_projects.pdf:51:0167 C-D,DESC,SC,0167 C-D,Union Pier 115-13.8 kV Sub: Tap,Installing a 115 kV Tap (or possibly dedicated feed from Charlotte St) to feed the Union Pier 115 kV Sub.,line,Union Pier 115 kV supply tap,,,115,,uncertain,work,Union Pier 115 kV supply tap; This notebook does not force future lines into the current network.,retained_DESC_asset_inventory,standard_public_gis,SC:scrtp_projects.pdf:51:0167 C-D:1,
SC:scrtp_projects.pdf:51:0167 C-D,DESC,SC,0167 C-D,Union Pier 115-13.8 kV Sub: Tap,Installing a 115 kV Tap (or possibly dedicated feed from Charlotte St) to feed the Union Pier 115 kV Sub.,station,Union Pier,,,115;13.8,,proposed,work,Union Pier; ,retained_DESC_asset_inventory,standard_public_gis,SC:scrtp_projects.pdf:51:0167 C-D:2,
SC:scrtp_projects.pdf:52:6808 V,DESC,SC,6808 V,Faber Place-Bayfront 115kV: Rebuild North Bridge Terrace to Bayfront Section,Rebuild Faber Place - Bayfront 115kV from N. Bridge Terrace Sub - Bayfront Sub. Line will be rebuilt SPSC with 1272 ACSR. String 1272 ACSR from Across the Ashley River - N. Bridge Terrace. String 1272 ACSR from Bayfront - Camp Rd. Scope modified to include Camp Rd. - James Island section as well.,line,North Bridge Terrace - Bayfront,North Bridge Terrace,Bayfront,115,,existing,work,"North Bridge Terrace - Bayfront; Endpoint anchors found: A=0, B=0. Need another public location source for the missing endpoint.",retained_DESC_asset_inventory,standard_public_gis,SC:scrtp_projects.pdf:52:6808 V:1,
SC:scrtp_projects.pdf:52:6808 V,DESC,SC,6808 V,Faber Place-Bayfront 115kV: Rebuild North Bridge Terrace to Bayfront Section,Rebuild Faber Place - Bayfront 115kV from N. Bridge Terrace Sub - Bayfront Sub. Line will be rebuilt SPSC with 1272 ACSR. String 1272 ACSR from Across the Ashley River - N. Bridge Terrace. String 1272 ACSR from Bayfront - Camp Rd. Scope modified to include Camp Rd. - James Island section as well.,line,Across Ashley River - North Bridge Terrace,Ashley River,North Bridge Terrace,115,,existing,work,"Across Ashley River - North Bridge Terrace; Endpoint anchors found: A=0, B=0. Need another public location source for the missing endpoint.",retained_DESC_asset_inventory,standard_public_gis,SC:scrtp_projects.pdf:52:6808 V:2,
SC:scrtp_projects.pdf:52:6808 V,DESC,SC,6808 V,Faber Place-Bayfront 115kV: Rebuild North Bridge Terrace to Bayfront Section,Rebuild Faber Place - Bayfront 115kV from N. Bridge Terrace Sub - Bayfront Sub. Line will be rebuilt SPSC with 1272 ACSR. String 1272 ACSR from Across the Ashley River - N. Bridge Terrace. String 1272 ACSR from Bayfront - Camp Rd. Scope modified to include Camp Rd. - James Island section as well.,line,Bayfront - Camp Road,Bayfront,Camp Road,115,,existing,work,"Bayfront - Camp Road; Endpoint anchors found: A=0, B=0. Need another public location source for the missing endpoint.",retained_DESC_asset_inventory,standard_public_gis,SC:scrtp_projects.pdf:52:6808 V:3,
SC:scrtp_projects.pdf:52:6808 V,DESC,SC,6808 V,Faber Place-Bayfront 115kV: Rebuild North Bridge Terrace to Bayfront Section,Rebuild Faber Place - Bayfront 115kV from N. Bridge Terrace Sub - Bayfront Sub. Line will be rebuilt SPSC with 1272 ACSR. String 1272 ACSR from Across the Ashley River - N. Bridge Terrace. String 1272 ACSR from Bayfront - Camp Rd. Scope modified to include Camp Rd. - James Island section as well.,line,Camp Road - James Island,Camp Road,James Island,115,,existing,work,"Camp Road - James Island; Endpoint anchors found: A=0, B=0. Need another public location source for the missing endpoint.",retained_DESC_asset_inventory,standard_public_gis,SC:scrtp_projects.pdf:52:6808 V:4,
SC:scrtp_projects.pdf:53:0147 A-I,DESC,SC,0147 A-I,Clements Ferry Rd Sub: 115kV Tap from Cainhoy,Construct a 115 kV tap from Cainhoy to Clements Ferry. Approximately 2.8 miles. Construct terminal at Cainhoy.,line,Cainhoy - Clements Ferry tap,Cainhoy,Clements Ferry,115,,proposed,work,Cainhoy - Clements Ferry tap; This notebook does not force future lines into the current network.,retained_DESC_asset_inventory,standard_public_gis,SC:scrtp_projects.pdf:53:0147 A-I:1,
SC:scrtp_projects.pdf:53:0147 A-I,DESC,SC,0147 A-I,Clements Ferry Rd Sub: 115kV Tap from Cainhoy,Construct a 115 kV tap from Cainhoy to Clements Ferry. Approximately 2.8 miles. Construct terminal at Cainhoy.,station,Cainhoy,,,115,,existing,work,Cainhoy; ,retained_DESC_asset_inventory,standard_public_gis,SC:scrtp_projects.pdf:53:0147 A-I:2,
SC:scrtp_projects.pdf:54:06810 F,DESC,SC,06810 F,VCS2-Ward 230kV: Rebuild Line,Rebuild 40 miles of 230 kV line.,line,VCS2 - Ward,VCS2,Ward,230,,existing,work,VCS2 - Ward; ,retained_DESC_asset_inventory,standard_public_gis,SC:scrtp_projects.pdf:54:06810 F:1,
SC:scrtp_projects.pdf:5:6809 N,DESC,SC,6809 N,Batesburg - Saluda County 115kV: Rebuild,Rebuild 13.5 miles of conductor.,line,Batesburg - Saluda County,Batesburg,Saluda County,115,,existing,work,"Batesburg - Saluda County; Endpoint anchors found: A=1, B=0. Need another public location source for the missing endpoint.",retained_DESC_asset_inventory,standard_public_gis,SC:scrtp_projects.pdf:5:6809 N:1,
SC:scrtp_projects.pdf:6:06874 B,DESC,SC,06874 B,Summerville-Boone Hill 115kV: Move Line for US78 SCDOT Road Widening,Move Summerville – Boone Hill 115kV Transmission Line for SCDOT Road widening. Approximately 1.2 miles of Transmission line (23 Transmission Poles).,line,Summerville - Boone Hill US78 section,Summerville,Boone Hill,115,,existing,work,"Summerville - Boone Hill US78 section; Endpoint anchors found: A=0, B=0. Need another public location source for the missing endpoint.",retained_DESC_asset_inventory,standard_public_gis,SC:scrtp_projects.pdf:6:06874 B:1,
SC:scrtp_projects.pdf:7:6852,DESC,SC,6852,Urquhart – Toolebeck 115kV line: Rebuild,Upgrade the 477 ACSR portions of the Urquhart – Toolebeck 115 kV line to 1272 ACSR. Replace existing structures with Single Pole Double Circuit Structures. Approximately 12.5 miles.,line,Urquhart - Toolebeck,Urquhart,Toolebeck,115,,existing,work,Urquhart - Toolebeck; Both project endpoints matched the published OSM line name at the correct voltage.,retained_DESC_asset_inventory,standard_public_gis,SC:scrtp_projects.pdf:7:6852:1,
SC:scrtp_projects.pdf:8:6859,DESC,SC,6859,Dawson 230kV Sub and Fold-in: Construct and Rebuild,Construct Dawson 230kV substation. Fold in the existing Canadys – Church Creek and Canadys – Faber Place 230kV lines at the Dawson 230kV substation (phase 1). Rebuild Canadys – Dawson 230kV #1 and #2 with B1272 ACSR (phase 2).,station,Dawson,,,230,,proposed,work,Dawson; ,retained_DESC_asset_inventory,standard_public_gis,SC:scrtp_projects.pdf:8:6859:1,
SC:scrtp_projects.pdf:8:6859,DESC,SC,6859,Dawson 230kV Sub and Fold-in: Construct and Rebuild,Construct Dawson 230kV substation. Fold in the existing Canadys – Church Creek and Canadys – Faber Place 230kV lines at the Dawson 230kV substation (phase 1). Rebuild Canadys – Dawson 230kV #1 and #2 with B1272 ACSR (phase 2).,line,Canadys - Church Creek fold-in,Canadys,Church Creek,230,,existing,work,Canadys - Church Creek fold-in; ,retained_DESC_asset_inventory,standard_public_gis,SC:scrtp_projects.pdf:8:6859:2,
SC:scrtp_projects.pdf:8:6859,DESC,SC,6859,Dawson 230kV Sub and Fold-in: Construct and Rebuild,Construct Dawson 230kV substation. Fold in the existing Canadys – Church Creek and Canadys – Faber Place 230kV lines at the Dawson 230kV substation (phase 1). Rebuild Canadys – Dawson 230kV #1 and #2 with B1272 ACSR (phase 2).,line,Canadys - Faber Place fold-in,Canadys,Faber Place,230,,existing,work,Canadys - Faber Place fold-in; ,retained_DESC_asset_inventory,standard_public_gis,SC:scrtp_projects.pdf:8:6859:3,
SC:scrtp_projects.pdf:8:6859,DESC,SC,6859,Dawson 230kV Sub and Fold-in: Construct and Rebuild,Construct Dawson 230kV substation. Fold in the existing Canadys – Church Creek and Canadys – Faber Place 230kV lines at the Dawson 230kV substation (phase 1). Rebuild Canadys – Dawson 230kV #1 and #2 with B1272 ACSR (phase 2).,line,Canadys - Dawson #1,Canadys,Dawson,230,,existing,work,"Canadys - Dawson #1; Endpoint anchors found: A=2, B=0. Need another public location source for the missing endpoint.",retained_DESC_asset_inventory,standard_public_gis,SC:scrtp_projects.pdf:8:6859:4,
SC:scrtp_projects.pdf:8:6859,DESC,SC,6859,Dawson 230kV Sub and Fold-in: Construct and Rebuild,Construct Dawson 230kV substation. Fold in the existing Canadys – Church Creek and Canadys – Faber Place 230kV lines at the Dawson 230kV substation (phase 1). Rebuild Canadys – Dawson 230kV #1 and #2 with B1272 ACSR (phase 2).,line,Canadys - Dawson #2,Canadys,Dawson,230,,existing,work,"Canadys - Dawson #2; Endpoint anchors found: A=2, B=0. Need another public location source for the missing endpoint.",retained_DESC_asset_inventory,standard_public_gis,SC:scrtp_projects.pdf:8:6859:5,
SC:scrtp_projects.pdf:9:6341 A-F,DESC,SC,6341 A-F,Cainhoy - Hamlin 115kV: Rebuild Line and Cainhoy – Hamlin 115 kV #2: Construct New 115 kV Line,"Upgrade the 954 ACSR portion of the Cainhoy – Hamlin 115 kV line to B795 ACSR conductor, construct a new Cainhoy – Hamlin 115 kV #2 line, add terminals to Cainhoy and Hamlin sub to accommodate upgrades.",line,Cainhoy - Hamlin existing line,Cainhoy,Hamlin,115,,existing,work,Cainhoy - Hamlin existing line; ,retained_DESC_asset_inventory,standard_public_gis,SC:scrtp_projects.pdf:9:6341 A-F:1,
SC:scrtp_projects.pdf:9:6341 A-F,DESC,SC,6341 A-F,Cainhoy - Hamlin 115kV: Rebuild Line and Cainhoy – Hamlin 115 kV #2: Construct New 115 kV Line,"Upgrade the 954 ACSR portion of the Cainhoy – Hamlin 115 kV line to B795 ACSR conductor, construct a new Cainhoy – Hamlin 115 kV #2 line, add terminals to Cainhoy and Hamlin sub to accommodate upgrades.",line,Cainhoy - Hamlin #2,Cainhoy,Hamlin,115,,proposed,work,Cainhoy - Hamlin #2; This notebook does not force future lines into the current network.,retained_DESC_asset_inventory,standard_public_gis,SC:scrtp_projects.pdf:9:6341 A-F:2,
SC:scrtp_projects.pdf:9:6341 A-F,DESC,SC,6341 A-F,Cainhoy - Hamlin 115kV: Rebuild Line and Cainhoy – Hamlin 115 kV #2: Construct New 115 kV Line,"Upgrade the 954 ACSR portion of the Cainhoy – Hamlin 115 kV line to B795 ACSR conductor, construct a new Cainhoy – Hamlin 115 kV #2 line, add terminals to Cainhoy and Hamlin sub to accommodate upgrades.",station,Cainhoy,,,115,,existing,work,Cainhoy; ,retained_DESC_asset_inventory,standard_public_gis,SC:scrtp_projects.pdf:9:6341 A-F:3,
SC:scrtp_projects.pdf:9:6341 A-F,DESC,SC,6341 A-F,Cainhoy - Hamlin 115kV: Rebuild Line and Cainhoy – Hamlin 115 kV #2: Construct New 115 kV Line,"Upgrade the 954 ACSR portion of the Cainhoy – Hamlin 115 kV line to B795 ACSR conductor, construct a new Cainhoy – Hamlin 115 kV #2 line, add terminals to Cainhoy and Hamlin sub to accommodate upgrades.",station,Hamlin,,,115,,existing,work,Hamlin; ,retained_DESC_asset_inventory,standard_public_gis,SC:scrtp_projects.pdf:9:6341 A-F:4,
