state,zone,plan_year,project_id,project_name,need_date_raw,project_sponsor,estimated_cost_gpc_raw,estimated_cost_gtc_raw,estimated_cost_meag_raw,estimated_cost_du_raw,estimated_cost_total_raw,source_file,source_pdf_page,source_plan_page,source_url,need_date,description,description_section,description_source_file,description_pdf_page,description_plan_page,strategic_summary,strategic_source_file,strategic_pdf_first_page,strategic_plan_first_page,strategic_pdf_last_page,strategic_plan_last_page,utility,project_key,action_type,detected_actions,endpoint_a,endpoint_b,longitude,latitude,geometry,geometry_type,location_method,point_location_method,confidence,review_required,source,location_source_url,location_source_file,resolution_requirement,review_note,endpoint_names,matched_locations,route_evidence
GA,216,2025,18492,MITCHELL - NORTH TIFTON 230KV RECONDUCTOR,5/1/2025,GPC,REDACTED,REDACTED,REDACTED,REDACTED,REDACTED,01_expansion_plan_projects.pdf,1,7,https://psc.ga.gov/search/facts-document/?documentId=221233,2025-05-01,Rebuild 35.21 miles of the Mitchell - North Tifton 230kV line from 100C 795 ACSR to 100C 1351 ACSR.,Steady state,05_steady_state_projects.pdf,4,63,,,,,,,GPC,GA:01_expansion_plan_projects.pdf:1:18492,other,,mitchell,north tifton,-83.8414861,31.462604749999997,"{""type"": ""Point"", ""coordinates"": [-83.8414861, 31.462604749999997]}",Point,endpoint_midpoint,endpoint_midpoint,medium,False,osm,https://www.openstreetmap.org/way/656743294;https://www.openstreetmap.org/way/53154820,C:\Users\sebas\PycharmProjects\Git\Project_secret_project\data\raw\osm\GA\power_substations_overpass.json,standard_public_gis,,"[""mitchell"", ""north tifton""]","[{""endpoint_name"": ""mitchell"", ""feature_name"": ""Mitchell Substation (230kV)"", ""coordinates"": [-84.13384260000001, 31.447120849999997], ""feature_id"": ""way/656743294"", ""source"": ""osm"", ""source_url"": ""https://www.openstreetmap.org/way/656743294"", ""source_file"": ""C:\\Users\\sebas\\PycharmProjects\\Git\\Project_secret_project\\data\\raw\\osm\\GA\\power_substations_overpass.json"", ""point_method"": ""facility_bounds_center"", ""review_required"": false, ""in_title"": true}, {""endpoint_name"": ""north tifton"", ""feature_name"": ""North Tifton Substation (500kV)"", ""coordinates"": [-83.5491296, 31.47808865], ""feature_id"": ""way/53154820"", ""source"": ""osm"", ""source_url"": ""https://www.openstreetmap.org/way/53154820"", ""source_file"": ""C:\\Users\\sebas\\PycharmProjects\\Git\\Project_secret_project\\data\\raw\\osm\\GA\\power_substations_overpass.json"", ""point_method"": ""facility_bounds_center"", ""review_required"": false, ""in_title"": true}]",[]
GA,206,2025,19676,ADAMSVILLE - JACK MCDONOUGH 230KV LINE REBUILD,6/1/2025,GPC,REDACTED,REDACTED,REDACTED,REDACTED,REDACTED,01_expansion_plan_projects.pdf,1,7,https://psc.ga.gov/search/facts-document/?documentId=221233,2025-06-01,Rebuild the entire 6.1 mile Adamsville - Jack McDonough 230kV line with 160C 1351 ACSS.,Steady state,05_steady_state_projects.pdf,5,64,,,,,,,GPC,GA:01_expansion_plan_projects.pdf:1:19676,rebuild,rebuild,,,,,,,unresolved,unresolved,low,True,,,,standard_public_gis,,"[""adamsville"", ""jack mcdonough""]",[],[]
GA,214,2025,18800,ECHECONNEE-WELLSTON 115KV REBUILD,6/1/2025,GPC,REDACTED,REDACTED,REDACTED,REDACTED,REDACTED,01_expansion_plan_projects.pdf,1,7,https://psc.ga.gov/search/facts-document/?documentId=221233,2025-06-01,Rebuild the South Warner Robins to Wellston section (1.2 miles) with 100C 1351.5 ACSR Martin conductor.,Steady state,05_steady_state_projects.pdf,6,65,,,,,,,GPC,GA:01_expansion_plan_projects.pdf:1:18800,rebuild,rebuild,,,,,,,unresolved,unresolved,low,True,,,,standard_public_gis,,"[""echeconnee"", ""wellston"", ""south warner robins"", ""martin""]",[],[]
GA,211,2025,19187,GRID - BREMEN - CROOKED CREEK (APC) 115 KV PROJECT,6/1/2025,GPC,REDACTED,REDACTED,REDACTED,REDACTED,REDACTED,01_expansion_plan_projects.pdf,1,7,https://psc.ga.gov/search/facts-document/?documentId=221233,2025-06-01,"Rebuild from Bremen to Indian Creek Road, on the Bremen - Crooked Creek 115kV line (14 miles), using 795 ACSR conductor at 100C.",Steady state,05_steady_state_projects.pdf,7,66,,,,,,,GPC,GA:01_expansion_plan_projects.pdf:1:19187,other,,bremen,,-85.14269955,33.70920385,"{""type"": ""Point"", ""coordinates"": [-85.14269955, 33.70920385]}",Point,single_endpoint,facility_bounds_center,high,False,osm,https://www.openstreetmap.org/way/9307582,C:\Users\sebas\PycharmProjects\Git\Project_secret_project\data\raw\osm\GA\power_substations_overpass.json,standard_public_gis,,"[""bremen"", ""crooked creek"", ""apc"", ""indian creek road""]","[{""endpoint_name"": ""bremen"", ""feature_name"": ""Bremen Primary Substation"", ""coordinates"": [-85.14269955, 33.70920385], ""feature_id"": ""way/9307582"", ""source"": ""osm"", ""source_url"": ""https://www.openstreetmap.org/way/9307582"", ""source_file"": ""C:\\Users\\sebas\\PycharmProjects\\Git\\Project_secret_project\\data\\raw\\osm\\GA\\power_substations_overpass.json"", ""point_method"": ""facility_bounds_center"", ""review_required"": false, ""in_title"": true}]",[]
GA,218,2025,11821,JESUP - LUDOWICI PRIMARY 115KV REBUILD,6/1/2025,GPC,REDACTED,REDACTED,REDACTED,REDACTED,REDACTED,01_expansion_plan_projects.pdf,1,7,https://psc.ga.gov/search/facts-document/?documentId=221233,2025-06-01,Rebuild approximately 7.5 miles of the Jesup - North Jesup - Rayonier section of the Jesup - Ludowici Primary 115kV line from 100C 336.4 ACSR Linnet conductor to 100C 795 ACSR Drake conductor.,Steady state,05_steady_state_projects.pdf,11,70,,,,,,,GPC,GA:01_expansion_plan_projects.pdf:1:11821,rebuild,rebuild,Jesup,North Jesup,-81.91208600013624,31.61618782078953,"{""type"": ""MultiLineString"", ""coordinates"": [[[-81.92473690017151, 31.603156641905606], [-81.92517299990259, 31.60464000003886], [-81.92484999986239, 31.6050909997782], [-81.9192539995972, 31.612902999988723], [-81.91770700006664, 31.61509799999701], [-81.91582999992488, 31.617729000301892], [-81.91510000017891, 31.618752999852713], [-81.91396399965376, 31.62034300013708], [-81.91244300006247, 31.62247199978554], [-81.91161799988194, 31.623627000335556], [-81.91144200015485, 31.62384799995377], [-81.9103550000335, 31.624917999927035], [-81.90758499993917, 31.628797000340438], [-81.90525300041104, 31.628813999855726], [-81.90152544383454, 31.628607888267414], [-81.89899900036991, 31.629218999673455]]]}",MultiLineString,traced_route_candidate,asset_bounds_center,medium,True,public_gis_endpoint_graph,https://arcgis.netl.doe.gov/server/rest/services/Hosted/Energy_Transition_Atlas_493d6/FeatureServer/18,C:\Users\sebas\PycharmProjects\Git\Project_secret_project\data\raw\public_gis\GA\netl_lines_0.json,standard_public_gis,"ambiguous facility names: rayonier; Description asset candidates; review unresolved rows, circuit identity and exact work limits.","[""jesup"", ""ludowici"", ""north jesup"", ""rayonier"", ""linnet"", ""drake""]","[{""endpoint_name"": ""jesup"", ""feature_name"": ""Jesup Substation"", ""coordinates"": [-81.92494740000001, 31.6031063], ""feature_id"": ""way/103029795"", ""source"": ""osm"", ""source_url"": ""https://www.openstreetmap.org/way/103029795"", ""source_file"": ""C:\\Users\\sebas\\PycharmProjects\\Git\\Project_secret_project\\data\\raw\\osm\\GA\\power_substations_overpass.json"", ""point_method"": ""facility_bounds_center"", ""review_required"": false, ""in_title"": true}, {""endpoint_name"": ""ludowici"", ""feature_name"": ""Ludowici Primary Substation"", ""coordinates"": [-81.7437028, 31.721597449999997], ""feature_id"": ""way/358894868"", ""source"": ""osm"", ""source_url"": ""https://www.openstreetmap.org/way/358894868"", ""source_file"": ""C:\\Users\\sebas\\PycharmProjects\\Git\\Project_secret_project\\data\\raw\\osm\\GA\\power_substations_overpass.json"", ""point_method"": ""facility_bounds_center"", ""review_required"": false, ""in_title"": true}, {""endpoint_name"": ""north jesup"", ""feature_name"": ""North Jesup Substation"", ""coordinates"": [-81.899016, 31.629206600000003], ""feature_id"": ""way/730172673"", ""source"": ""osm"", ""source_url"": ""https://www.openstreetmap.org/way/730172673"", ""source_file"": ""C:\\Users\\sebas\\PycharmProjects\\Git\\Project_secret_project\\data\\raw\\osm\\GA\\power_substations_overpass.json"", ""point_method"": ""facility_bounds_center"", ""review_required"": false, ""in_title"": false}]","[{""project_key"": ""GA:01_expansion_plan_projects.pdf:1:11821"", ""utility"": ""GPC"", ""state"": ""GA"", ""project_id"": ""11821"", ""project_name"": ""JESUP - LUDOWICI PRIMARY 115KV REBUILD"", ""description"": ""Rebuild approximately 7.5 miles of the Jesup - North Jesup - Rayonier section of the Jesup - Ludowici Primary 115kV line from 100C 336.4 ACSR Linnet conductor to 100C 795 ACSR Drake conductor."", ""asset_type"": ""line"", ""asset_name"": ""Jesup - North Jesup"", ""endpoint_a"": ""Jesup"", ""endpoint_b"": ""North Jesup"", ""voltage_kv"": ""115"", ""circuit"": """", ""asset_stage"": ""existing"", ""scope_role"": ""work"", ""scope_notes"": ""First part of 7.5 mile chain"", ""scope_source"": ""description_checked"", ""resolution_requirement"": ""standard_public_gis"", ""asset_key"": ""GA:01_expansion_plan_projects.pdf:1:11821:1"", ""expected_length_miles"": """", ""source_file"": ""01_expansion_plan_projects.pdf"", ""source_page"": """", ""source_pdf_page"": ""1"", ""source_url"": ""https://arcgis.netl.doe.gov/server/rest/services/Hosted/Energy_Transition_Atlas_493d6/FeatureServer/18"", ""description_source_file"": ""05_steady_state_projects.pdf"", ""description_pdf_page"": ""11"", ""action_type"": ""rebuild"", ""detected_actions"": ""rebuild"", ""route_status"": ""review_required"", ""route_method"": ""public_gis_endpoint_graph"", ""route_file"": ""C:\\Users\\sebas\\PycharmProjects\\Git\\Project_secret_project\\data\\raw\\public_gis\\GA\\netl_lines_0.json"", ""review_note"": ""First part of 7.5 mile chain; GIS endpoint graph candidate; rounded endpoint connectivity, circuit and source-feature extent need review."", ""anchor_evidence"": ""[{\""name\"": \""Jesup Substation\"", \""names\"": [\""Jesup Substation\""], \""state\"": \""GA\"", \""geometry\"": {\""type\"": \""Polygon\"", \""coordinates\"": [[[-81.9254633, 31.6031286], [-81.9252403, 31.6027439], [-81.9244315, 31.603084], [-81.9246544, 31.6034687], [-81.9254633, 31.6031286]]]}, \""feature_id\"": \""way/103029795\"", \""kind\"": \""substation\"", \""voltage\"": \""115000\"", \""source\"": \""osm\"", \""source_url\"": \""https://www.openstreetmap.org/way/103029795\"", \""source_file\"": \""C:\\\\Users\\\\sebas\\\\PycharmProjects\\\\Git\\\\Project_secret_project\\\\data\\\\raw\\\\osm\\\\GA\\\\power_substations_overpass.json\"", \""review_required\"": false, \""coordinates\"": [-81.92494740000001, 31.6031063]}, {\""name\"": \""North Jesup Substation\"", \""names\"": [\""North Jesup Substation\""], \""state\"": \""GA\"", \""geometry\"": {\""type\"": \""Polygon\"", \""coordinates\"": [[[-81.8992975, 31.6290567], [-81.8988018, 31.6289906], [-81.8987345, 31.6293565], [-81.8992302, 31.6294226], [-81.8992975, 31.6290567]]]}, \""feature_id\"": \""way/730172673\"", \""kind\"": \""substation\"", \""voltage\"": \""115000\"", \""source\"": \""osm\"", \""source_url\"": \""https://www.openstreetmap.org/way/730172673\"", \""source_file\"": \""C:\\\\Users\\\\sebas\\\\PycharmProjects\\\\Git\\\\Project_secret_project\\\\data\\\\raw\\\\osm\\\\GA\\\\power_substations_overpass.json\"", \""review_required\"": false, \""coordinates\"": [-81.899016, 31.629206600000003]}]"", ""distance_km"": 4.155801277033126, ""source"": ""public_gis"", ""segment_feature_ids"": [""netl/23246""], ""source_tags"": [{""owner"": ""GEORGIA POWER CO"", ""volt_class"": ""100-161"", ""naics_code"": ""221121"", ""naics_desc"": ""ELECTRIC BULK POWER TRANSMISSION AND CONTROL"", ""val_method"": ""IMAGERY"", ""shape__len"": 4885.70117609, ""globalid"": ""e4f6ecaa-69b6-4d73-858b-ae43db1192ad"", ""source"": ""IMAGERY, OpenStreetMap, EIA 861, EIA 860"", ""objectid_1"": 23246, ""type"": ""AC; OVERHEAD"", ""sourcedate"": 1397088000000, ""voltage"": 115, ""val_date"": 1514851200000, ""inferred"": ""Y"", ""sub_2"": ""UNKNOWN111839"", ""sub_1"": ""UNKNOWN111837"", ""id"": ""107549"", ""SHAPE__Length"": 4885.7011487552545, ""objectid"": 23246, ""status"": ""IN SERVICE""}], ""start_snap_km"": 0.020706323369210543, ""end_snap_km"": 0.0021193182338583743, ""hops"": """", ""start_osm_node"": """", ""end_osm_node"": """", ""osm_way_ids"": """", ""way_names"": """", ""operators"": """", ""unknown_voltage_edge_count"": """", ""attribution"": """", ""license"": """", ""saved_evidence"": """"}]"
GA,202,2025,20464,NORCROSS 230KV BUS 1-3 SERIES BUS TIE BREAKER INSTALLATION,6/1/2025,GPC,REDACTED,REDACTED,REDACTED,REDACTED,REDACTED,01_expansion_plan_projects.pdf,1,7,https://psc.ga.gov/search/facts-document/?documentId=221233,2025-06-01,Install a bus tie breaker in series with existing bus tie breaker between 230kV Bus 1 and Bus 3 at Norcross.,Steady state,05_steady_state_projects.pdf,14,73,,,,,,,GPC,GA:01_expansion_plan_projects.pdf:1:20464,other,,norcross,,-84.2134303,33.93255715,"{""type"": ""Polygon"", ""coordinates"": [[[-84.2159964, 33.9338977], [-84.2148853, 33.9342083], [-84.2144275, 33.9340219], [-84.2136241, 33.9341913], [-84.2130894, 33.9338037], [-84.2127869, 33.9330778], [-84.2112692, 33.933499], [-84.2108642, 33.9325176], [-84.2116852, 33.9316499], [-84.2144956, 33.930906], [-84.2147276, 33.9315353], [-84.2152589, 33.9319252], [-84.2153478, 33.9321629], [-84.2159964, 33.9338977]]]}",Polygon,description_facilities,asset_bounds_center,medium,True,exact_facility_name,https://psc.ga.gov/search/facts-document/?documentId=221233,C:\Users\sebas\PycharmProjects\Git\Project_secret_project\data\raw\osm\GA\power_substations_overpass.json,standard_public_gis,"Description asset candidates; review unresolved rows, circuit identity and exact work limits.","[""norcross""]","[{""endpoint_name"": ""norcross"", ""feature_name"": ""Norcross Substation"", ""coordinates"": [-84.2134303, 33.93255715], ""feature_id"": ""way/159758307"", ""source"": ""osm"", ""source_url"": ""https://www.openstreetmap.org/way/159758307"", ""source_file"": ""C:\\Users\\sebas\\PycharmProjects\\Git\\Project_secret_project\\data\\raw\\osm\\GA\\power_substations_overpass.json"", ""point_method"": ""facility_bounds_center"", ""review_required"": false, ""in_title"": true}]","[{""project_key"": ""GA:01_expansion_plan_projects.pdf:1:20464"", ""utility"": ""GPC"", ""state"": ""GA"", ""project_id"": ""20464"", ""project_name"": ""NORCROSS 230KV BUS 1-3 SERIES BUS TIE BREAKER INSTALLATION"", ""description"": ""Install a bus tie breaker in series with existing bus tie breaker between 230kV Bus 1 and Bus 3 at Norcross."", ""asset_type"": ""station"", ""asset_name"": ""Norcross"", ""endpoint_a"": """", ""endpoint_b"": """", ""voltage_kv"": ""230"", ""circuit"": """", ""asset_stage"": ""existing"", ""scope_role"": ""work"", ""scope_notes"": ""Bus tie equipment"", ""scope_source"": ""description_checked"", ""resolution_requirement"": ""standard_public_gis"", ""asset_key"": ""GA:01_expansion_plan_projects.pdf:1:20464:1"", ""expected_length_miles"": """", ""source_file"": ""01_expansion_plan_projects.pdf"", ""source_page"": """", ""source_pdf_page"": ""1"", ""source_url"": ""https://psc.ga.gov/search/facts-document/?documentId=221233"", ""description_source_file"": ""05_steady_state_projects.pdf"", ""description_pdf_page"": ""14"", ""action_type"": ""other"", ""detected_actions"": """", ""route_status"": ""facility_candidate"", ""route_method"": ""exact_facility_name"", ""route_file"": ""C:\\Users\\sebas\\PycharmProjects\\Git\\Project_secret_project\\data\\raw\\osm\\GA\\power_substations_overpass.json"", ""review_note"": ""Bus tie equipment"", ""anchor_evidence"": ""[{\""name\"": \""Norcross Substation\"", \""names\"": [\""Norcross Substation\""], \""state\"": \""GA\"", \""geometry\"": {\""type\"": \""Polygon\"", \""coordinates\"": [[[-84.2159964, 33.9338977], [-84.2148853, 33.9342083], [-84.2144275, 33.9340219], [-84.2136241, 33.9341913], [-84.2130894, 33.9338037], [-84.2127869, 33.9330778], [-84.2112692, 33.933499], [-84.2108642, 33.9325176], [-84.2116852, 33.9316499], [-84.2144956, 33.930906], [-84.2147276, 33.9315353], [-84.2152589, 33.9319252], [-84.2153478, 33.9321629], [-84.2159964, 33.9338977]]]}, \""feature_id\"": \""way/159758307\"", \""kind\"": \""substation\"", \""voltage\"": \""500000\"", \""source\"": \""osm\"", \""source_url\"": \""https://www.openstreetmap.org/way/159758307\"", \""source_file\"": \""C:\\\\Users\\\\sebas\\\\PycharmProjects\\\\Git\\\\Project_secret_project\\\\data\\\\raw\\\\osm\\\\GA\\\\power_substations_overpass.json\"", \""review_required\"": false, \""coordinates\"": [-84.2134303, 33.93255715]}]"", ""distance_km"": """", ""source"": ""osm"", ""segment_feature_ids"": """", ""source_tags"": """", ""start_snap_km"": """", ""end_snap_km"": """", ""hops"": """", ""start_osm_node"": """", ""end_osm_node"": """", ""osm_way_ids"": """", ""way_names"": """", ""operators"": """", ""unknown_voltage_edge_count"": """", ""attribution"": """", ""license"": """", ""saved_evidence"": """"}]"
GA,216,2025,19631,PINE GROVE PRIMARY 115 KV DUAL STAGE CAPACITOR BANK,6/1/2025,GPC,REDACTED,REDACTED,REDACTED,REDACTED,REDACTED,01_expansion_plan_projects.pdf,2,8,https://psc.ga.gov/search/facts-document/?documentId=221233,2025-06-01,Install a Dual Stage 30MVAR capacitor bank at Pine Grove Primary.,Steady state,05_steady_state_projects.pdf,15,74,,,,,,,GPC,GA:01_expansion_plan_projects.pdf:2:19631,other,,,,,,,,unresolved,unresolved,low,True,,,,standard_public_gis,; ambiguous facility names: pine grove,"[""pine grove""]",[],[]
GA,214,2025,20466,SMART VALVE INSTALLATION,6/1/2025,GPC,REDACTED,REDACTED,REDACTED,REDACTED,REDACTED,01_expansion_plan_projects.pdf,2,8,https://psc.ga.gov/search/facts-document/?documentId=221233,2025-06-01,Installation of Smart Valve devices inside the Eatonton Primary substation on the Branch - Oasis 230kV and Eatonton Primary - Oasis 230kV lines.,Steady state,05_steady_state_projects.pdf,17,76,,,,,,,GPC,GA:01_expansion_plan_projects.pdf:2:20466,other,,eatonton,,-83.40251860000001,33.30448085,"{""type"": ""Polygon"", ""coordinates"": [[[-83.4028408, 33.3048247], [-83.4027443, 33.3047089], [-83.4020452, 33.3051178], [-83.4012033, 33.3043615], [-83.4020599, 33.3038632], [-83.4025028, 33.3043808], [-83.4034224, 33.3038439], [-83.403647, 33.3038737], [-83.4038339, 33.3041089], [-83.4037877, 33.3043019], [-83.4028408, 33.3048247]]]}",Polygon,description_facilities,asset_bounds_center,medium,True,exact_facility_name,https://psc.ga.gov/search/facts-document/?documentId=221233,C:\Users\sebas\PycharmProjects\Git\Project_secret_project\data\raw\osm\GA\power_substations_overpass.json,standard_public_gis,"Description asset candidates; review unresolved rows, circuit identity and exact work limits.","[""smart valve"", ""eatonton"", ""branch"", ""oasis""]","[{""endpoint_name"": ""eatonton"", ""feature_name"": ""Eatonton Substation"", ""coordinates"": [-83.40251860000001, 33.30448085], ""feature_id"": ""way/171527955"", ""source"": ""osm"", ""source_url"": ""https://www.openstreetmap.org/way/171527955"", ""source_file"": ""C:\\Users\\sebas\\PycharmProjects\\Git\\Project_secret_project\\data\\raw\\osm\\GA\\power_substations_overpass.json"", ""point_method"": ""facility_bounds_center"", ""review_required"": false, ""in_title"": false}]","[{""project_key"": ""GA:01_expansion_plan_projects.pdf:2:20466"", ""utility"": ""GPC"", ""state"": ""GA"", ""project_id"": ""20466"", ""project_name"": ""SMART VALVE INSTALLATION"", ""description"": ""Installation of Smart Valve devices inside the Eatonton Primary substation on the Branch - Oasis 230kV and Eatonton Primary - Oasis 230kV lines."", ""asset_type"": ""station"", ""asset_name"": ""Eatonton Primary"", ""endpoint_a"": """", ""endpoint_b"": """", ""voltage_kv"": ""230"", ""circuit"": """", ""asset_stage"": ""existing"", ""scope_role"": ""work"", ""scope_notes"": ""Smart Valves inside station; lines are context"", ""scope_source"": ""description_checked"", ""resolution_requirement"": ""standard_public_gis"", ""asset_key"": ""GA:01_expansion_plan_projects.pdf:2:20466:1"", ""expected_length_miles"": """", ""source_file"": ""01_expansion_plan_projects.pdf"", ""source_page"": """", ""source_pdf_page"": ""2"", ""source_url"": ""https://psc.ga.gov/search/facts-document/?documentId=221233"", ""description_source_file"": ""05_steady_state_projects.pdf"", ""description_pdf_page"": ""17"", ""action_type"": ""other"", ""detected_actions"": """", ""route_status"": ""facility_candidate"", ""route_method"": ""exact_facility_name"", ""route_file"": ""C:\\Users\\sebas\\PycharmProjects\\Git\\Project_secret_project\\data\\raw\\osm\\GA\\power_substations_overpass.json"", ""review_note"": ""Smart Valves inside station; lines are context"", ""anchor_evidence"": ""[{\""name\"": \""Eatonton Substation\"", \""names\"": [\""Eatonton Substation\""], \""state\"": \""GA\"", \""geometry\"": {\""type\"": \""Polygon\"", \""coordinates\"": [[[-83.4028408, 33.3048247], [-83.4027443, 33.3047089], [-83.4020452, 33.3051178], [-83.4012033, 33.3043615], [-83.4020599, 33.3038632], [-83.4025028, 33.3043808], [-83.4034224, 33.3038439], [-83.403647, 33.3038737], [-83.4038339, 33.3041089], [-83.4037877, 33.3043019], [-83.4028408, 33.3048247]]]}, \""feature_id\"": \""way/171527955\"", \""kind\"": \""substation\"", \""voltage\"": \""230000;115000\"", \""source\"": \""osm\"", \""source_url\"": \""https://www.openstreetmap.org/way/171527955\"", \""source_file\"": \""C:\\\\Users\\\\sebas\\\\PycharmProjects\\\\Git\\\\Project_secret_project\\\\data\\\\raw\\\\osm\\\\GA\\\\power_substations_overpass.json\"", \""review_required\"": false, \""coordinates\"": [-83.40251860000001, 33.30448085]}]"", ""distance_km"": """", ""source"": ""osm"", ""segment_feature_ids"": """", ""source_tags"": """", ""start_snap_km"": """", ""end_snap_km"": """", ""hops"": """", ""start_osm_node"": """", ""end_osm_node"": """", ""osm_way_ids"": """", ""way_names"": """", ""operators"": """", ""unknown_voltage_edge_count"": """", ""attribution"": """", ""license"": """", ""saved_evidence"": """"}]"
GA,218,2025,21046,THALMANN AND COLERAIN 23O KV LINE RELAY PANEL UPGRADES,6/1/2025,GPC,REDACTED,REDACTED,REDACTED,REDACTED,REDACTED,01_expansion_plan_projects.pdf,2,8,https://psc.ga.gov/search/facts-document/?documentId=221233,2025-06-01,Relay protection modifications at GPC's Thalmann and Colerain substations to match relay scheme used at GTC's new Camden Industrial Park 230/115kV substation.,Stability,02_stability_projects.pdf,2,44,,,,,,,GPC,GA:01_expansion_plan_projects.pdf:2:21046,other,,thalmann,,-81.68078065,31.29345885,"{""type"": ""Polygon"", ""coordinates"": [[[-81.6831656, 31.2918122], [-81.6829596, 31.2917117], [-81.6818673, 31.2911792], [-81.6810847, 31.2923516], [-81.6803591, 31.291998], [-81.6794471, 31.2921813], [-81.6783957, 31.2937215], [-81.6786746, 31.2944825], [-81.6811315, 31.2957385], [-81.6820971, 31.295546], [-81.6824941, 31.2949775], [-81.6822473, 31.2942441], [-81.6817149, 31.2939845], [-81.6831656, 31.2918122]]]}",Polygon,description_facilities,asset_bounds_center,medium,True,exact_facility_name,https://psc.ga.gov/search/facts-document/?documentId=221233,C:\Users\sebas\PycharmProjects\Git\Project_secret_project\data\raw\osm\GA\power_substations_overpass.json,standard_public_gis,"Description asset candidates; review unresolved rows, circuit identity and exact work limits.","[""thalmann"", ""colerain"", ""kv"", ""gtc s"", ""camden industrial park""]","[{""endpoint_name"": ""thalmann"", ""feature_name"": ""Thalmann Substation"", ""coordinates"": [-81.68078065, 31.29345885], ""feature_id"": ""way/52068570"", ""source"": ""osm"", ""source_url"": ""https://www.openstreetmap.org/way/52068570"", ""source_file"": ""C:\\Users\\sebas\\PycharmProjects\\Git\\Project_secret_project\\data\\raw\\osm\\GA\\power_substations_overpass.json"", ""point_method"": ""facility_bounds_center"", ""review_required"": false, ""in_title"": true}]","[{""project_key"": ""GA:01_expansion_plan_projects.pdf:2:21046"", ""utility"": ""GPC"", ""state"": ""GA"", ""project_id"": ""21046"", ""project_name"": ""THALMANN AND COLERAIN 23O KV LINE RELAY PANEL UPGRADES"", ""description"": ""Relay protection modifications at GPC's Thalmann and Colerain substations to match relay scheme used at GTC's new Camden Industrial Park 230/115kV substation."", ""asset_type"": ""station"", ""asset_name"": ""Thalmann"", ""endpoint_a"": """", ""endpoint_b"": """", ""voltage_kv"": ""230"", ""circuit"": """", ""asset_stage"": ""existing"", ""scope_role"": ""work"", ""scope_notes"": ""Relay scheme"", ""scope_source"": ""description_checked"", ""resolution_requirement"": ""standard_public_gis"", ""asset_key"": ""GA:01_expansion_plan_projects.pdf:2:21046:1"", ""expected_length_miles"": """", ""source_file"": ""01_expansion_plan_projects.pdf"", ""source_page"": """", ""source_pdf_page"": ""2"", ""source_url"": ""https://psc.ga.gov/search/facts-document/?documentId=221233"", ""description_source_file"": ""02_stability_projects.pdf"", ""description_pdf_page"": ""2"", ""action_type"": ""other"", ""detected_actions"": """", ""route_status"": ""facility_candidate"", ""route_method"": ""exact_facility_name"", ""route_file"": ""C:\\Users\\sebas\\PycharmProjects\\Git\\Project_secret_project\\data\\raw\\osm\\GA\\power_substations_overpass.json"", ""review_note"": ""Relay scheme"", ""anchor_evidence"": ""[{\""name\"": \""Thalmann Substation\"", \""names\"": [\""Thalmann Substation\""], \""state\"": \""GA\"", \""geometry\"": {\""type\"": \""Polygon\"", \""coordinates\"": [[[-81.6831656, 31.2918122], [-81.6829596, 31.2917117], [-81.6818673, 31.2911792], [-81.6810847, 31.2923516], [-81.6803591, 31.291998], [-81.6794471, 31.2921813], [-81.6783957, 31.2937215], [-81.6786746, 31.2944825], [-81.6811315, 31.2957385], [-81.6820971, 31.295546], [-81.6824941, 31.2949775], [-81.6822473, 31.2942441], [-81.6817149, 31.2939845], [-81.6831656, 31.2918122]]]}, \""feature_id\"": \""way/52068570\"", \""kind\"": \""substation\"", \""voltage\"": \""500000;230000\"", \""source\"": \""osm\"", \""source_url\"": \""https://www.openstreetmap.org/way/52068570\"", \""source_file\"": \""C:\\\\Users\\\\sebas\\\\PycharmProjects\\\\Git\\\\Project_secret_project\\\\data\\\\raw\\\\osm\\\\GA\\\\power_substations_overpass.json\"", \""review_required\"": false, \""coordinates\"": [-81.68078065, 31.29345885]}]"", ""distance_km"": """", ""source"": ""osm"", ""segment_feature_ids"": """", ""source_tags"": """", ""start_snap_km"": """", ""end_snap_km"": """", ""hops"": """", ""start_osm_node"": """", ""end_osm_node"": """", ""osm_way_ids"": """", ""way_names"": """", ""operators"": """", ""unknown_voltage_edge_count"": """", ""attribution"": """", ""license"": """", ""saved_evidence"": """"}]"
GA,211,2025,20431,VILLA RICA LOW SIDE BREAKER,6/1/2025,GPC,REDACTED,REDACTED,REDACTED,REDACTED,REDACTED,01_expansion_plan_projects.pdf,2,8,https://psc.ga.gov/search/facts-document/?documentId=221233,2025-06-01,Replace a low side breaker at Villa Rica with a 4000A breaker.,Steady state,05_steady_state_projects.pdf,18,77,,,,,,,GPC,GA:01_expansion_plan_projects.pdf:2:20431,other,,villa rica,,-84.8548379,33.740971,"{""type"": ""Polygon"", ""coordinates"": [[[-84.8579112, 33.7422247], [-84.8559315, 33.742564], [-84.8545505, 33.7428002], [-84.8545237, 33.7427918], [-84.8542722, 33.7417902], [-84.8529951, 33.742017], [-84.8529415, 33.7418077], [-84.852007, 33.7420282], [-84.8517646, 33.7413512], [-84.85186, 33.7413298], [-84.852742, 33.7411319], [-84.8526678, 33.7409681], [-84.8540122, 33.7407366], [-84.8537423, 33.739725], [-84.8548046, 33.7395447], [-84.857154, 33.7391418], [-84.8579112, 33.7422247]]]}",Polygon,description_facilities,asset_bounds_center,medium,True,exact_facility_name,https://psc.ga.gov/search/facts-document/?documentId=221233,C:\Users\sebas\PycharmProjects\Git\Project_secret_project\data\raw\osm\GA\power_substations_overpass.json,standard_public_gis,"Description asset candidates; review unresolved rows, circuit identity and exact work limits.","[""villa rica""]","[{""endpoint_name"": ""villa rica"", ""feature_name"": ""Villa Rica Substation"", ""coordinates"": [-84.8548379, 33.740971], ""feature_id"": ""way/159758304"", ""source"": ""osm"", ""source_url"": ""https://www.openstreetmap.org/way/159758304"", ""source_file"": ""C:\\Users\\sebas\\PycharmProjects\\Git\\Project_secret_project\\data\\raw\\osm\\GA\\power_substations_overpass.json"", ""point_method"": ""facility_bounds_center"", ""review_required"": false, ""in_title"": true}]","[{""project_key"": ""GA:01_expansion_plan_projects.pdf:2:20431"", ""utility"": ""GPC"", ""state"": ""GA"", ""project_id"": ""20431"", ""project_name"": ""VILLA RICA LOW SIDE BREAKER"", ""description"": ""Replace a low side breaker at Villa Rica with a 4000A breaker."", ""asset_type"": ""station"", ""asset_name"": ""Villa Rica"", ""endpoint_a"": """", ""endpoint_b"": """", ""voltage_kv"": """", ""circuit"": """", ""asset_stage"": ""existing"", ""scope_role"": ""work"", ""scope_notes"": ""Low side breaker"", ""scope_source"": ""description_checked"", ""resolution_requirement"": ""standard_public_gis"", ""asset_key"": ""GA:01_expansion_plan_projects.pdf:2:20431:1"", ""expected_length_miles"": """", ""source_file"": ""01_expansion_plan_projects.pdf"", ""source_page"": """", ""source_pdf_page"": ""2"", ""source_url"": ""https://psc.ga.gov/search/facts-document/?documentId=221233"", ""description_source_file"": ""05_steady_state_projects.pdf"", ""description_pdf_page"": ""18"", ""action_type"": ""other"", ""detected_actions"": """", ""route_status"": ""facility_candidate"", ""route_method"": ""exact_facility_name"", ""route_file"": ""C:\\Users\\sebas\\PycharmProjects\\Git\\Project_secret_project\\data\\raw\\osm\\GA\\power_substations_overpass.json"", ""review_note"": ""Low side breaker"", ""anchor_evidence"": ""[{\""name\"": \""Villa Rica Substation\"", \""names\"": [\""Villa Rica Substation\""], \""state\"": \""GA\"", \""geometry\"": {\""type\"": \""Polygon\"", \""coordinates\"": [[[-84.8579112, 33.7422247], [-84.8559315, 33.742564], [-84.8545505, 33.7428002], [-84.8545237, 33.7427918], [-84.8542722, 33.7417902], [-84.8529951, 33.742017], [-84.8529415, 33.7418077], [-84.852007, 33.7420282], [-84.8517646, 33.7413512], [-84.85186, 33.7413298], [-84.852742, 33.7411319], [-84.8526678, 33.7409681], [-84.8540122, 33.7407366], [-84.8537423, 33.739725], [-84.8548046, 33.7395447], [-84.857154, 33.7391418], [-84.8579112, 33.7422247]]]}, \""feature_id\"": \""way/159758304\"", \""kind\"": \""substation\"", \""voltage\"": \""500000;230000;115000;46000\"", \""source\"": \""osm\"", \""source_url\"": \""https://www.openstreetmap.org/way/159758304\"", \""source_file\"": \""C:\\\\Users\\\\sebas\\\\PycharmProjects\\\\Git\\\\Project_secret_project\\\\data\\\\raw\\\\osm\\\\GA\\\\power_substations_overpass.json\"", \""review_required\"": false, \""coordinates\"": [-84.8548379, 33.740971]}]"", ""distance_km"": """", ""source"": ""osm"", ""segment_feature_ids"": """", ""source_tags"": """", ""start_snap_km"": """", ""end_snap_km"": """", ""hops"": """", ""start_osm_node"": """", ""end_osm_node"": """", ""osm_way_ids"": """", ""way_names"": """", ""operators"": """", ""unknown_voltage_edge_count"": """", ""attribution"": """", ""license"": """", ""saved_evidence"": """"}]"
GA,218,2025,20684,CAMDEN INDUSTRIAL PARK (GPC),6/1/2025,GPC,REDACTED,REDACTED,REDACTED,REDACTED,REDACTED,01_expansion_plan_projects.pdf,2,8,https://psc.ga.gov/search/facts-document/?documentId=221233,2025-06-01,This project will loop in GPC's existing Colerain to Thalman 230kV line into GTC's new Camden Industrial Park station. GPC's Kingsland termination at GTC's Kinlaw sub will be relocated to a new 115kV bay position.,Steady state,05_steady_state_projects.pdf,19,78,,,,,,,GPC,GA:01_expansion_plan_projects.pdf:2:20684,other,,kingsland,,-81.6724992,30.79549175,"{""type"": ""Point"", ""coordinates"": [-81.6724992, 30.79549175]}",Point,single_endpoint,facility_bounds_center,medium,False,osm,https://www.openstreetmap.org/way/159061003,C:\Users\sebas\PycharmProjects\Git\Project_secret_project\data\raw\osm\GA\power_substations_overpass.json,standard_public_gis,,"[""camden industrial park"", ""colerain"", ""thalman"", ""gtc s"", ""kingsland"", ""gtc s kinlaw""]","[{""endpoint_name"": ""kingsland"", ""feature_name"": ""Kingsland Primary Substation"", ""coordinates"": [-81.6724992, 30.79549175], ""feature_id"": ""way/159061003"", ""source"": ""osm"", ""source_url"": ""https://www.openstreetmap.org/way/159061003"", ""source_file"": ""C:\\Users\\sebas\\PycharmProjects\\Git\\Project_secret_project\\data\\raw\\osm\\GA\\power_substations_overpass.json"", ""point_method"": ""facility_bounds_center"", ""review_required"": false, ""in_title"": false}]",[]
GA,206,2025,18889,JEFFERSON STREET#3 - NORTHWEST (WHITE) 115 KV RECONDUCTOR,12/1/2025,GPC,REDACTED,REDACTED,REDACTED,REDACTED,REDACTED,01_expansion_plan_projects.pdf,2,8,https://psc.ga.gov/search/facts-document/?documentId=221233,2025-12-01,Rebuild the 115kV White line from Northwest to Jefferson Street #3 (1.2 miles) with 200C 1351 ACSS conductor.,Steady state,05_steady_state_projects.pdf,21,80,,,,,,,GPC,GA:01_expansion_plan_projects.pdf:2:18889,other,,,,,,,,unresolved,unresolved,low,True,,,,standard_public_gis,,"[""jefferson street"", ""northwest"", ""white""]",[],[]
GA,212,2025,20326,ANTHONY SHOALS STATCOM SYSTEM,12/31/2025,GPC,REDACTED,REDACTED,REDACTED,REDACTED,REDACTED,01_expansion_plan_projects.pdf,2,8,https://psc.ga.gov/search/facts-document/?documentId=221233,2025-12-31,Install a + 150 / - 150 MVAR turnkey STATCOM system at Anthony Shoals 230kV substation.,Stability,02_stability_projects.pdf,3,45,,,,,,,GPC,GA:01_expansion_plan_projects.pdf:2:20326,other,,anthony shoals,,-82.63627875,34.00183235,"{""type"": ""Polygon"", ""coordinates"": [[[-82.6369748, 34.001903], [-82.6365926, 34.0023522], [-82.6355827, 34.0017617], [-82.6359649, 34.0013125], [-82.6369748, 34.001903]]]}",Polygon,description_facilities,asset_bounds_center,medium,True,exact_facility_name,https://psc.ga.gov/search/facts-document/?documentId=221233,C:\Users\sebas\PycharmProjects\Git\Project_secret_project\data\raw\osm\GA\power_substations_overpass.json,standard_public_gis,"Description asset candidates; review unresolved rows, circuit identity and exact work limits.","[""anthony shoals"", ""mvar""]","[{""endpoint_name"": ""anthony shoals"", ""feature_name"": ""Anthony Shoals Substation"", ""coordinates"": [-82.63627875, 34.00183235], ""feature_id"": ""way/171540506"", ""source"": ""osm"", ""source_url"": ""https://www.openstreetmap.org/way/171540506"", ""source_file"": ""C:\\Users\\sebas\\PycharmProjects\\Git\\Project_secret_project\\data\\raw\\osm\\GA\\power_substations_overpass.json"", ""point_method"": ""facility_bounds_center"", ""review_required"": false, ""in_title"": true}]","[{""project_key"": ""GA:01_expansion_plan_projects.pdf:2:20326"", ""utility"": ""GPC"", ""state"": ""GA"", ""project_id"": ""20326"", ""project_name"": ""ANTHONY SHOALS STATCOM SYSTEM"", ""description"": ""Install a + 150 / - 150 MVAR turnkey STATCOM system at Anthony Shoals 230kV substation."", ""asset_type"": ""station"", ""asset_name"": ""Anthony Shoals"", ""endpoint_a"": """", ""endpoint_b"": """", ""voltage_kv"": ""230"", ""circuit"": """", ""asset_stage"": ""existing"", ""scope_role"": ""work"", ""scope_notes"": ""STATCOM"", ""scope_source"": ""description_checked"", ""resolution_requirement"": ""standard_public_gis"", ""asset_key"": ""GA:01_expansion_plan_projects.pdf:2:20326:1"", ""expected_length_miles"": """", ""source_file"": ""01_expansion_plan_projects.pdf"", ""source_page"": """", ""source_pdf_page"": ""2"", ""source_url"": ""https://psc.ga.gov/search/facts-document/?documentId=221233"", ""description_source_file"": ""02_stability_projects.pdf"", ""description_pdf_page"": ""3"", ""action_type"": ""other"", ""detected_actions"": """", ""route_status"": ""facility_candidate"", ""route_method"": ""exact_facility_name"", ""route_file"": ""C:\\Users\\sebas\\PycharmProjects\\Git\\Project_secret_project\\data\\raw\\osm\\GA\\power_substations_overpass.json"", ""review_note"": ""STATCOM"", ""anchor_evidence"": ""[{\""name\"": \""Anthony Shoals Substation\"", \""names\"": [\""Anthony Shoals Substation\""], \""state\"": \""GA\"", \""geometry\"": {\""type\"": \""Polygon\"", \""coordinates\"": [[[-82.6369748, 34.001903], [-82.6365926, 34.0023522], [-82.6355827, 34.0017617], [-82.6359649, 34.0013125], [-82.6369748, 34.001903]]]}, \""feature_id\"": \""way/171540506\"", \""kind\"": \""substation\"", \""voltage\"": \""230000;115000\"", \""source\"": \""osm\"", \""source_url\"": \""https://www.openstreetmap.org/way/171540506\"", \""source_file\"": \""C:\\\\Users\\\\sebas\\\\PycharmProjects\\\\Git\\\\Project_secret_project\\\\data\\\\raw\\\\osm\\\\GA\\\\power_substations_overpass.json\"", \""review_required\"": false, \""coordinates\"": [-82.63627875, 34.00183235]}]"", ""distance_km"": """", ""source"": ""osm"", ""segment_feature_ids"": """", ""source_tags"": """", ""start_snap_km"": """", ""end_snap_km"": """", ""hops"": """", ""start_osm_node"": """", ""end_osm_node"": """", ""osm_way_ids"": """", ""way_names"": """", ""operators"": """", ""unknown_voltage_edge_count"": """", ""attribution"": """", ""license"": """", ""saved_evidence"": """"}]"
GA,211,2025,20152,CC - CASS PINE- HILL VIEW 230 KV LINE- CC IMPROVEMENTS,12/31/2025,GPC,REDACTED,REDACTED,REDACTED,REDACTED,REDACTED,01_expansion_plan_projects.pdf,2,8,https://psc.ga.gov/search/facts-document/?documentId=221233,2025-12-31,Build a new 7.58 mile 200C 1351 ACSS conductor 230kV line between new Cass Pine and Hill View 230kV substations.,Steady state,05_steady_state_projects.pdf,22,81,,,,,,,GPC,GA:01_expansion_plan_projects.pdf:2:20152,other,,,,,,,,unresolved,unresolved,low,True,,,,standard_public_gis,,"[""cass pine"", ""hill view"", ""build""]",[],[]
GA,211,2025,20175,CC - PROJECT CHRONOS- SK/HYUNDAI,12/31/2025,GPC,REDACTED,REDACTED,REDACTED,REDACTED,REDACTED,01_expansion_plan_projects.pdf,2,8,https://psc.ga.gov/search/facts-document/?documentId=221233,2025-12-31,GPC will build a 230/25kV station named Two Run Ranch and loop it into the Cartersville - Pinson 230kV line to serve SK Battery/Hyundai and new load in the area.,Steady state,05_steady_state_projects.pdf,23,82,,,,,,,GPC,GA:01_expansion_plan_projects.pdf:2:20175,other,,cartersville,sk battery,-84.145423,34.209595225,"{""type"": ""Point"", ""coordinates"": [-84.145423, 34.209595225]}",Point,endpoint_midpoint,endpoint_midpoint,medium,False,osm,https://www.openstreetmap.org/way/175158197;https://www.openstreetmap.org/way/1066858908,C:\Users\sebas\PycharmProjects\Git\Project_secret_project\data\raw\osm\GA\power_substations_overpass.json,standard_public_gis,,"[""chronos"", ""sk"", ""hyundai"", ""two run ranch"", ""cartersville"", ""pinson"", ""sk battery""]","[{""endpoint_name"": ""cartersville"", ""feature_name"": ""Cartersville Primary Substation"", ""coordinates"": [-84.8106911, 34.1799448], ""feature_id"": ""way/175158197"", ""source"": ""osm"", ""source_url"": ""https://www.openstreetmap.org/way/175158197"", ""source_file"": ""C:\\Users\\sebas\\PycharmProjects\\Git\\Project_secret_project\\data\\raw\\osm\\GA\\power_substations_overpass.json"", ""point_method"": ""facility_bounds_center"", ""review_required"": false, ""in_title"": false}, {""endpoint_name"": ""sk battery"", ""feature_name"": ""SK Battery Substation"", ""coordinates"": [-83.4801549, 34.23924565], ""feature_id"": ""way/1066858908"", ""source"": ""osm"", ""source_url"": ""https://www.openstreetmap.org/way/1066858908"", ""source_file"": ""C:\\Users\\sebas\\PycharmProjects\\Git\\Project_secret_project\\data\\raw\\osm\\GA\\power_substations_overpass.json"", ""point_method"": ""facility_bounds_center"", ""review_required"": false, ""in_title"": false}]",[]
GA,208,2026,20018,CC - QTS FAYETTEVILLE TRANSMISSION NEEDS,4/1/2026,GPC,REDACTED,REDACTED,REDACTED,REDACTED,REDACTED,01_expansion_plan_projects.pdf,2,8,https://psc.ga.gov/search/facts-document/?documentId=221233,2026-04-01,"Build a new 500/230kV substation (Ashley Park) splitting the Ohara - Union City 500kV line. Install two 500/230kV auto transformers at the Ashley Park station. At Ashley Park, the 500kV side will be a 4 - breaker ring bus, while the 230kV side will be a 2 - rung Breaker and a Half configuration. Build two new 230kV lines (~6 miles each) from Ashley Park to the high side of customer substations. The new lines will be built with bundled 200C 1351 ACSS Martin conductor.",Steady state,05_steady_state_projects.pdf,26,85,,,,,,,GPC,GA:01_expansion_plan_projects.pdf:2:20018,other,,,,,,,,unresolved,unresolved,low,True,,,,standard_public_gis,,"[""qts fayetteville"", ""build"", ""ashley park"", ""ohara"", ""union city"", ""half"", ""martin""]",[],[]
GA,208,2026,19597,ADAMSVILLE - BUZZARD ROOST 230KV REBUILD AND JUMPER UPGRADE,6/1/2026,GPC,REDACTED,REDACTED,REDACTED,REDACTED,REDACTED,01_expansion_plan_projects.pdf,3,9,https://psc.ga.gov/search/facts-document/?documentId=221233,2026-06-01,Rebuild the line sections from Adamsville to Boat Rock Road (8.08 miles) on the Adamsville - Buzzard Roost 230kV line with 200C 1351 ACSS Martin conductor. Replace the AAC 750 jumper on the line at Adamsville with (2) 1590 AAC jumper. Replace 1590 AAC jumpers at Bakers Ferry and Boat Rock with (2) 1590 AAC jumpers. Replace 1600A line switches at Boat Rock with 3000A switches.,Steady state,05_steady_state_projects.pdf,27,86,,,,,,,GPC,GA:01_expansion_plan_projects.pdf:3:19597,rebuild,rebuild;upgrade,,,,,,,unresolved,unresolved,low,True,,,,standard_public_gis,,"[""adamsville"", ""buzzard roost"", ""jumper"", ""boat rock road"", ""martin"", ""aac"", ""bakers ferry""]",[],[]
GA,201,2026,18960,BLANKETS CREEK – WOODSTOCK 115KV LINE REBUILD,6/1/2026,GPC,REDACTED,REDACTED,REDACTED,REDACTED,REDACTED,01_expansion_plan_projects.pdf,3,9,https://psc.ga.gov/search/facts-document/?documentId=221233,2026-06-01,"Rebuild the entire Blankets Creek - Woodstock 115kV line, approximately 7.1 miles, with 200C 795 ACSS conductor.",Steady state,05_steady_state_projects.pdf,28,87,,,,,,,GPC,GA:01_expansion_plan_projects.pdf:3:18960,rebuild,rebuild,Blankets Creek,Woodstock,-84.50915891243409,34.13446467353819,"{""type"": ""MultiLineString"", ""coordinates"": [[[-84.5086713320507, 34.18351416266052], [-84.50856749938026, 34.183666346963854], [-84.50790437202068, 34.18358376663319], [-84.50812541507275, 34.18234211213178], [-84.50872793310013, 34.18119481805559], [-84.50890975840183, 34.1796493376704], [-84.50828228337924, 34.17826900028412], [-84.50845697785424, 34.17724553003042], [-84.50885271538128, 34.17466467829922], [-84.50900601827442, 34.17398921914034], [-84.50907375663674, 34.17357627229256], [-84.50875100004, 34.173570999947145]], [[-84.50875100004, 34.173570999947145], [-84.50909871273365, 34.173473034893306], [-84.50929836420386, 34.17237281486136], [-84.5096085363018, 34.17036406565862], [-84.5099436635983, 34.1685027591257], [-84.5103893142175, 34.16586854236645], [-84.5105283572538, 34.16523431198508], [-84.51063531156984, 34.16414283422832], [-84.51080287701474, 34.16333159225129], [-84.51006844587948, 34.16062051109559], [-84.50943384092848, 34.15818075880774], [-84.50867445459461, 34.15532199975721], [-84.50805767581213, 34.15304731430159], [-84.5074515932697, 34.150834525799624], [-84.5069310743598, 34.148934432243564], [-84.50613960020398, 34.145862917210955], [-84.50569038596808, 34.144272531159096], [-84.50516986705817, 34.142307373930905], [-84.50486682488864, 34.14085560685003], [-84.5050094333383, 34.13913528883191], [-84.50520195398178, 34.137344115994075], [-84.50548716998283, 34.13496271078438], [-84.50565829904444, 34.13334851134503], [-84.50580447200916, 34.13198807428271], [-84.50593281880538, 34.13055973817639], [-84.50615386095913, 34.12844965325388], [-84.50654246765947, 34.124863863686436], [-84.50677776967005, 34.12287169314981], [-84.50694889962998, 34.1215878252744], [-84.50737315776898, 34.11879866412732], [-84.50648899005229, 34.11885179212079]], [[-84.50648899005229, 34.11885179212079], [-84.50647472929715, 34.11859205602085], [-84.507408810106, 34.11856254021719], [-84.50767263542346, 34.116747317826835], [-84.50801132813336, 34.114799231015965], [-84.50835715166998, 34.11237291375245], [-84.50870654061994, 34.110404064320534], [-84.50900601827442, 34.10849125267288], [-84.50930549413226, 34.106690574856145], [-84.50962992698533, 34.10456218172252], [-84.50996148976682, 34.10264628719358], [-84.51033227119696, 34.100317045043354], [-84.51088844064725, 34.09651749563488], [-84.51124139590888, 34.09459846714708], [-84.51154087176674, 34.09265577408453], [-84.51195087004892, 34.09006348130935], [-84.51238225811635, 34.08737071786726], [-84.51268886480092, 34.085664076067786], [-84.5132379052211, 34.08572017700057], [-84.51345099997954, 34.08526300011252]]]}",MultiLineString,traced_route_candidate,asset_bounds_center,medium,True,public_gis_endpoint_graph,https://arcgis.netl.doe.gov/server/rest/services/Hosted/Energy_Transition_Atlas_493d6/FeatureServer/18,C:\Users\sebas\PycharmProjects\Git\Project_secret_project\data\raw\public_gis\GA\netl_lines_2000.json;C:\Users\sebas\PycharmProjects\Git\Project_secret_project\data\raw\public_gis\GA\netl_lines_0.json,standard_public_gis,"Description asset candidates; review unresolved rows, circuit identity and exact work limits.","[""blankets creek"", ""woodstock""]","[{""endpoint_name"": ""blankets creek"", ""feature_name"": ""Blankets Creek Substation"", ""coordinates"": [-84.50801229999999, 34.185756749999996], ""feature_id"": ""way/178249108"", ""source"": ""osm"", ""source_url"": ""https://www.openstreetmap.org/way/178249108"", ""source_file"": ""C:\\Users\\sebas\\PycharmProjects\\Git\\Project_secret_project\\data\\raw\\osm\\GA\\power_substations_overpass.json"", ""point_method"": ""facility_bounds_center"", ""review_required"": false, ""in_title"": true}, {""endpoint_name"": ""woodstock"", ""feature_name"": ""Woodstock Substation"", ""coordinates"": [-84.51345570000001, 34.0852701], ""feature_id"": ""way/177931262"", ""source"": ""osm"", ""source_url"": ""https://www.openstreetmap.org/way/177931262"", ""source_file"": ""C:\\Users\\sebas\\PycharmProjects\\Git\\Project_secret_project\\data\\raw\\osm\\GA\\power_substations_overpass.json"", ""point_method"": ""facility_bounds_center"", ""review_required"": false, ""in_title"": true}]","[{""project_key"": ""GA:01_expansion_plan_projects.pdf:3:18960"", ""utility"": ""GPC"", ""state"": ""GA"", ""project_id"": ""18960"", ""project_name"": ""BLANKETS CREEK \u2013 WOODSTOCK 115KV LINE REBUILD"", ""description"": ""Rebuild the entire Blankets Creek - Woodstock 115kV line, approximately 7.1 miles, with 200C 795 ACSS conductor."", ""asset_type"": ""line"", ""asset_name"": ""Blankets Creek - Woodstock"", ""endpoint_a"": ""Blankets Creek"", ""endpoint_b"": ""Woodstock"", ""voltage_kv"": ""115"", ""circuit"": """", ""asset_stage"": ""existing"", ""scope_role"": ""work"", ""scope_notes"": ""Entire 7.1 miles"", ""scope_source"": ""description_checked"", ""resolution_requirement"": ""standard_public_gis"", ""asset_key"": ""GA:01_expansion_plan_projects.pdf:3:18960:1"", ""expected_length_miles"": ""7.1"", ""source_file"": ""01_expansion_plan_projects.pdf"", ""source_page"": """", ""source_pdf_page"": ""3"", ""source_url"": ""https://arcgis.netl.doe.gov/server/rest/services/Hosted/Energy_Transition_Atlas_493d6/FeatureServer/18"", ""description_source_file"": ""05_steady_state_projects.pdf"", ""description_pdf_page"": ""28"", ""action_type"": ""rebuild"", ""detected_actions"": ""rebuild"", ""route_status"": ""review_required"", ""route_method"": ""public_gis_endpoint_graph"", ""route_file"": ""C:\\Users\\sebas\\PycharmProjects\\Git\\Project_secret_project\\data\\raw\\public_gis\\GA\\netl_lines_2000.json;C:\\Users\\sebas\\PycharmProjects\\Git\\Project_secret_project\\data\\raw\\public_gis\\GA\\netl_lines_0.json"", ""review_note"": ""Entire 7.1 miles; GIS endpoint graph candidate; rounded endpoint connectivity, circuit and source-feature extent need review."", ""anchor_evidence"": ""[{\""name\"": \""Blankets Creek Substation\"", \""names\"": [\""Blankets Creek Substation\""], \""state\"": \""GA\"", \""geometry\"": {\""type\"": \""Polygon\"", \""coordinates\"": [[[-84.5084145, 34.185419], [-84.5084083, 34.1860995], [-84.5076101, 34.1860946], [-84.5076162, 34.185414], [-84.5084145, 34.185419]]]}, \""feature_id\"": \""way/178249108\"", \""kind\"": \""substation\"", \""voltage\"": \""115000\"", \""source\"": \""osm\"", \""source_url\"": \""https://www.openstreetmap.org/way/178249108\"", \""source_file\"": \""C:\\\\Users\\\\sebas\\\\PycharmProjects\\\\Git\\\\Project_secret_project\\\\data\\\\raw\\\\osm\\\\GA\\\\power_substations_overpass.json\"", \""review_required\"": false, \""coordinates\"": [-84.50801229999999, 34.185756749999996]}, {\""name\"": \""Woodstock Substation\"", \""names\"": [\""Woodstock Substation\""], \""state\"": \""GA\"", \""geometry\"": {\""type\"": \""Polygon\"", \""coordinates\"": [[[-84.5139944, 34.0846426], [-84.5137829, 34.0859281], [-84.5137346, 34.0859382], [-84.5134432, 34.0859934], [-84.512917, 34.085934], [-84.5131452, 34.0845468], [-84.5139944, 34.0846426]]]}, \""feature_id\"": \""way/177931262\"", \""kind\"": \""substation\"", \""voltage\"": \""230000;115000\"", \""source\"": \""osm\"", \""source_url\"": \""https://www.openstreetmap.org/way/177931262\"", \""source_file\"": \""C:\\\\Users\\\\sebas\\\\PycharmProjects\\\\Git\\\\Project_secret_project\\\\data\\\\raw\\\\osm\\\\GA\\\\power_substations_overpass.json\"", \""review_required\"": false, \""coordinates\"": [-84.51345570000001, 34.0852701]}]"", ""distance_km"": 11.440398674692604, ""source"": ""public_gis"", ""segment_feature_ids"": [""netl/25413"", ""netl/31478"", ""netl/7691""], ""source_tags"": [{""owner"": ""GEORGIA POWER CO"", ""volt_class"": ""100-161"", ""naics_code"": ""221121"", ""naics_desc"": ""ELECTRIC BULK POWER TRANSMISSION AND CONTROL"", ""val_method"": ""IMAGERY"", ""shape__len"": 1516.3743716, ""globalid"": ""1a985df2-5f46-4dee-a509-ccc1c74f52bd"", ""source"": ""IMAGERY, EIA 861, EIA 860"", ""objectid_1"": 25413, ""type"": ""AC; OVERHEAD"", ""sourcedate"": 1401408000000, ""voltage"": 115, ""val_date"": 1514937600000, ""inferred"": ""Y"", ""sub_2"": ""UNKNOWN111155"", ""sub_1"": ""UNKNOWN110862"", ""id"": ""110350"", ""SHAPE__Length"": 1516.3743009783038, ""objectid"": 25413, ""status"": ""IN SERVICE""}, {""owner"": ""GEORGIA POWER CO"", ""volt_class"": ""100-161"", ""naics_code"": ""221121"", ""naics_desc"": ""ELECTRIC BULK POWER TRANSMISSION AND CONTROL"", ""val_method"": ""IMAGERY"", ""shape__len"": 7592.27525608, ""globalid"": ""bf3aef4a-130b-45c7-b8c6-cfb3a4305637"", ""source"": ""IMAGERY, EIA 861, EIA 860"", ""objectid_1"": 31478, ""type"": ""AC; OVERHEAD"", ""sourcedate"": 1401408000000, ""voltage"": 115, ""val_date"": 1514937600000, ""inferred"": ""Y"", ""sub_2"": ""UNKNOWN111157"", ""sub_1"": ""UNKNOWN111155"", ""id"": ""118429"", ""SHAPE__Length"": 7592.275172876929, ""objectid"": 31478, ""status"": ""IN SERVICE""}, {""owner"": ""GEORGIA POWER CO"", ""volt_class"": ""100-161"", ""naics_code"": ""221121"", ""naics_desc"": ""ELECTRIC BULK POWER TRANSMISSION AND CONTROL"", ""val_method"": ""IMAGERY"", ""shape__len"": 4728.37177443, ""globalid"": ""a98f5cfb-23d6-414c-8415-9210f2b61461"", ""source"": ""IMAGERY, EIA 861, EIA 860"", ""objectid_1"": 7691, ""type"": ""AC; OVERHEAD"", ""sourcedate"": 1401408000000, ""voltage"": 115, ""val_date"": 1514937600000, ""inferred"": ""Y"", ""sub_2"": ""UNKNOWN111158"", ""sub_1"": ""UNKNOWN111157"", ""id"": ""150893"", ""SHAPE__Length"": 4728.371802321963, ""objectid"": 7691, ""status"": ""IN SERVICE""}], ""start_snap_km"": 0.23798659422419965, ""end_snap_km"": 0.0009003407725779422, ""hops"": """", ""start_osm_node"": """", ""end_osm_node"": """", ""osm_way_ids"": """", ""way_names"": """", ""operators"": """", ""unknown_voltage_edge_count"": """", ""attribution"": """", ""license"": """", ""saved_evidence"": """"}]"
GA,201,2026,20243,CC - GARRETT ROAD SWITCHING STATION - TRAE LANE,6/1/2026,GPC,REDACTED,REDACTED,REDACTED,REDACTED,REDACTED,01_expansion_plan_projects.pdf,3,9,https://psc.ga.gov/search/facts-document/?documentId=221233,2026-06-01,Build the new Garrett Road 230kV switching station (three - element ring bus) splitting the Villa Rica - West Marietta 230kV line. Build a new 230kV line (8.6 miles) from the Trae Lane substation to the Garrett Road switching station with bundled 100C 1351 ACSR conductor.,Steady state,05_steady_state_projects.pdf,29,88,,,,,,,GPC,GA:01_expansion_plan_projects.pdf:3:20243,other,,villa rica,,-84.8548379,33.740971,"{""type"": ""Point"", ""coordinates"": [-84.8548379, 33.740971]}",Point,single_endpoint,facility_bounds_center,medium,False,osm,https://www.openstreetmap.org/way/159758304,C:\Users\sebas\PycharmProjects\Git\Project_secret_project\data\raw\osm\GA\power_substations_overpass.json,standard_public_gis,,"[""garrett road"", ""trae lane"", ""build"", ""villa rica"", ""west marietta""]","[{""endpoint_name"": ""villa rica"", ""feature_name"": ""Villa Rica Substation"", ""coordinates"": [-84.8548379, 33.740971], ""feature_id"": ""way/159758304"", ""source"": ""osm"", ""source_url"": ""https://www.openstreetmap.org/way/159758304"", ""source_file"": ""C:\\Users\\sebas\\PycharmProjects\\Git\\Project_secret_project\\data\\raw\\osm\\GA\\power_substations_overpass.json"", ""point_method"": ""facility_bounds_center"", ""review_required"": false, ""in_title"": false}]",[]
GA,208,2026,20216,CC - STONEWALL TELL ROAD (TA REALTY),6/1/2026,GPC,REDACTED,REDACTED,REDACTED,REDACTED,REDACTED,01_expansion_plan_projects.pdf,3,9,https://psc.ga.gov/search/facts-document/?documentId=221233,2026-06-01,"Build 230kV line segment, using 200C 1351 ACSS Martin conductor, to loop in the Stonewall Tell Road (TA Realty) customer station into the East Point - Union City 230kV Black line.",Steady state,05_steady_state_projects.pdf,30,89,,,,,,,GPC,GA:01_expansion_plan_projects.pdf:3:20216,other,,east point,,-84.46219725,33.675453000000005,"{""type"": ""Point"", ""coordinates"": [-84.46219725, 33.675453000000005]}",Point,single_endpoint,facility_bounds_center,medium,False,osm,https://www.openstreetmap.org/way/171173865,C:\Users\sebas\PycharmProjects\Git\Project_secret_project\data\raw\osm\GA\power_substations_overpass.json,standard_public_gis,,"[""stonewall tell road"", ""ta realty"", ""build"", ""martin"", ""east"", ""union city"", ""black""]","[{""endpoint_name"": ""east point"", ""feature_name"": ""East Point 12kV Switching Station"", ""coordinates"": [-84.46219725, 33.675453000000005], ""feature_id"": ""way/171173865"", ""source"": ""osm"", ""source_url"": ""https://www.openstreetmap.org/way/171173865"", ""source_file"": ""C:\\Users\\sebas\\PycharmProjects\\Git\\Project_secret_project\\data\\raw\\osm\\GA\\power_substations_overpass.json"", ""point_method"": ""facility_bounds_center"", ""review_required"": false, ""in_title"": false}]",[]
GA,208,2026,20491,EAST POINT RELAY MODERNIZATION,6/1/2026,GPC,REDACTED,REDACTED,REDACTED,REDACTED,REDACTED,01_expansion_plan_projects.pdf,3,9,https://psc.ga.gov/search/facts-document/?documentId=221233,2026-06-01,"Upgrade protection on 230kV buses, 115kV buses, and 230/115kV auto transformer at the East Point station. Add adequate monitoring on DC supply.",Stability,02_stability_projects.pdf,5,47,,,,,,,GPC,GA:01_expansion_plan_projects.pdf:3:20491,other,,east point,,-84.46219725,33.675453000000005,"{""type"": ""Polygon"", ""coordinates"": [[[-84.4623344, 33.6753225], [-84.4623393, 33.675518], [-84.4622299, 33.6756316], [-84.4620552, 33.6755139], [-84.4622655, 33.6752744], [-84.4623344, 33.6753225]]]}",Polygon,description_facilities,asset_bounds_center,medium,True,exact_facility_name,https://psc.ga.gov/search/facts-document/?documentId=221233,C:\Users\sebas\PycharmProjects\Git\Project_secret_project\data\raw\osm\GA\power_substations_overpass.json,standard_public_gis,"Description asset candidates; review unresolved rows, circuit identity and exact work limits.","[""east"", ""dc""]","[{""endpoint_name"": ""east point"", ""feature_name"": ""East Point 12kV Switching Station"", ""coordinates"": [-84.46219725, 33.675453000000005], ""feature_id"": ""way/171173865"", ""source"": ""osm"", ""source_url"": ""https://www.openstreetmap.org/way/171173865"", ""source_file"": ""C:\\Users\\sebas\\PycharmProjects\\Git\\Project_secret_project\\data\\raw\\osm\\GA\\power_substations_overpass.json"", ""point_method"": ""facility_bounds_center"", ""review_required"": false, ""in_title"": false}]","[{""project_key"": ""GA:01_expansion_plan_projects.pdf:3:20491"", ""utility"": ""GPC"", ""state"": ""GA"", ""project_id"": ""20491"", ""project_name"": ""EAST POINT RELAY MODERNIZATION"", ""description"": ""Upgrade protection on 230kV buses, 115kV buses, and 230/115kV auto transformer at the East Point station. Add adequate monitoring on DC supply."", ""asset_type"": ""station"", ""asset_name"": ""East Point"", ""endpoint_a"": """", ""endpoint_b"": """", ""voltage_kv"": ""230;115"", ""circuit"": """", ""asset_stage"": ""existing"", ""scope_role"": ""work"", ""scope_notes"": ""Relay modernization"", ""scope_source"": ""description_checked"", ""resolution_requirement"": ""standard_public_gis"", ""asset_key"": ""GA:01_expansion_plan_projects.pdf:3:20491:1"", ""expected_length_miles"": """", ""source_file"": ""01_expansion_plan_projects.pdf"", ""source_page"": """", ""source_pdf_page"": ""3"", ""source_url"": ""https://psc.ga.gov/search/facts-document/?documentId=221233"", ""description_source_file"": ""02_stability_projects.pdf"", ""description_pdf_page"": ""5"", ""action_type"": ""other"", ""detected_actions"": """", ""route_status"": ""facility_candidate"", ""route_method"": ""exact_facility_name"", ""route_file"": ""C:\\Users\\sebas\\PycharmProjects\\Git\\Project_secret_project\\data\\raw\\osm\\GA\\power_substations_overpass.json"", ""review_note"": ""Relay modernization"", ""anchor_evidence"": ""[{\""name\"": \""East Point 12kV Switching Station\"", \""names\"": [\""East Point 12kV Switching Station\""], \""state\"": \""GA\"", \""geometry\"": {\""type\"": \""Polygon\"", \""coordinates\"": [[[-84.4623344, 33.6753225], [-84.4623393, 33.675518], [-84.4622299, 33.6756316], [-84.4620552, 33.6755139], [-84.4622655, 33.6752744], [-84.4623344, 33.6753225]]]}, \""feature_id\"": \""way/171173865\"", \""kind\"": \""substation\"", \""voltage\"": \""12000\"", \""source\"": \""osm\"", \""source_url\"": \""https://www.openstreetmap.org/way/171173865\"", \""source_file\"": \""C:\\\\Users\\\\sebas\\\\PycharmProjects\\\\Git\\\\Project_secret_project\\\\data\\\\raw\\\\osm\\\\GA\\\\power_substations_overpass.json\"", \""review_required\"": false, \""coordinates\"": [-84.46219725, 33.675453000000005]}]"", ""distance_km"": """", ""source"": ""osm"", ""segment_feature_ids"": """", ""source_tags"": """", ""start_snap_km"": """", ""end_snap_km"": """", ""hops"": """", ""start_osm_node"": """", ""end_osm_node"": """", ""osm_way_ids"": """", ""way_names"": """", ""operators"": """", ""unknown_voltage_edge_count"": """", ""attribution"": """", ""license"": """", ""saved_evidence"": """"}]"
GA,215,2026,16007,FENWICK STREET - SAND BAR FERRY 115KV (RECONDUCTOR/REBUILD),6/1/2026,GPC,REDACTED,REDACTED,REDACTED,REDACTED,REDACTED,01_expansion_plan_projects.pdf,3,9,https://psc.ga.gov/search/facts-document/?documentId=221233,2026-06-01,Reconductor approximately 2.72 miles of transmission line from Fenwick St to East Augusta Jct. with 100C 1351 ACSR conductor.,Steady state,05_steady_state_projects.pdf,32,91,,,,,,,GPC,GA:01_expansion_plan_projects.pdf:3:16007,rebuild,rebuild,,,,,,,unresolved,unresolved,low,True,,,,standard_public_gis,,"[""fenwick street"", ""sand bar ferry"", ""east augusta junction""]",[],[]
GA,213,2026,20516,"GOAT ROCK 230KV SWITCH, JUMPER, & LINE TRAP REPLACEMENT",6/1/2026,GPC,REDACTED,REDACTED,REDACTED,REDACTED,REDACTED,01_expansion_plan_projects.pdf,3,9,https://psc.ga.gov/search/facts-document/?documentId=221233,2026-06-01,"Replace the 230kV 1200A switch with 3000A, 90C 1351.5 ACSR Martin jumper with (2) AAC 1590, and 1600A line trap with 3000A (part of the Goat Rock - North Opelika 230kV line at Goat Rock substation.",Steady state,05_steady_state_projects.pdf,33,92,,,,,,,GPC,GA:01_expansion_plan_projects.pdf:3:20516,other,,,,,,,,unresolved,unresolved,low,True,,,,standard_public_gis,,"[""goat rock"", ""jumper"", ""trap"", ""martin"", ""aac"", ""north opelika""]",[],[]
GA,214,2026,19618,GORDON-N DUBLIN 115KV (GORDON-ENGL MCI J) REBUILD,6/1/2026,GPC,REDACTED,REDACTED,REDACTED,REDACTED,REDACTED,01_expansion_plan_projects.pdf,3,9,https://psc.ga.gov/search/facts-document/?documentId=221233,2026-06-01,Rebuild the Gordon - Engelhard McIntyre J of the Gordon - North Dublin 115kV line from 100C 336.4 ACSR (2.81 miles) Linnet and 75C 4/0 F Copper/CW (3.18 miles) to 200C ACSS 795 conductor.,Steady state,05_steady_state_projects.pdf,34,93,,,,,,,GPC,GA:01_expansion_plan_projects.pdf:3:19618,rebuild,rebuild,,,,,,,unresolved,unresolved,low,True,,,,standard_public_gis,; ambiguous facility names: gordon,"[""gordon"", ""n dublin"", ""engl mci j"", ""engelhard mcintyre j"", ""north dublin"", ""linnet"", ""f copper"", ""cw""]",[],[]
GA,206,2026,21139,GRADY - MORROW (WHITE) 115KV REBUILD,6/1/2026,GPC,REDACTED,REDACTED,REDACTED,REDACTED,REDACTED,01_expansion_plan_projects.pdf,3,9,https://psc.ga.gov/search/facts-document/?documentId=221233,2026-06-01,Replace 0.72 miles of conductor from Moreland Way to Morrow including the bus and jumper at Moreland Way with 1351.5 Martin/ACSS 54/19 conductor.,Steady state,05_steady_state_projects.pdf,35,94,,,,,,,GPC,GA:01_expansion_plan_projects.pdf:3:21139,rebuild,rebuild,morrow,moreland,-84.555744225,33.4574316,"{""type"": ""Point"", ""coordinates"": [-84.555744225, 33.4574316]}",Point,endpoint_midpoint,endpoint_midpoint,medium,False,osm,https://www.openstreetmap.org/way/171479107;https://www.openstreetmap.org/way/180202047,C:\Users\sebas\PycharmProjects\Git\Project_secret_project\data\raw\osm\GA\power_substations_overpass.json,standard_public_gis,,"[""grady"", ""morrow"", ""white"", ""moreland"", ""martin""]","[{""endpoint_name"": ""morrow"", ""feature_name"": ""Morrow Substation"", ""coordinates"": [-84.33346165, 33.60593095], ""feature_id"": ""way/171479107"", ""source"": ""osm"", ""source_url"": ""https://www.openstreetmap.org/way/171479107"", ""source_file"": ""C:\\Users\\sebas\\PycharmProjects\\Git\\Project_secret_project\\data\\raw\\osm\\GA\\power_substations_overpass.json"", ""point_method"": ""facility_bounds_center"", ""review_required"": false, ""in_title"": true}, {""endpoint_name"": ""moreland"", ""feature_name"": ""Moreland Substation"", ""coordinates"": [-84.77802679999999, 33.30893225], ""feature_id"": ""way/180202047"", ""source"": ""osm"", ""source_url"": ""https://www.openstreetmap.org/way/180202047"", ""source_file"": ""C:\\Users\\sebas\\PycharmProjects\\Git\\Project_secret_project\\data\\raw\\osm\\GA\\power_substations_overpass.json"", ""point_method"": ""facility_bounds_center"", ""review_required"": false, ""in_title"": false}]",[]
GA,206,2026,20474,GRADY 230/115KV RELAY MODERNIZATION,6/1/2026,GPC,REDACTED,REDACTED,REDACTED,REDACTED,REDACTED,01_expansion_plan_projects.pdf,3,9,https://psc.ga.gov/search/facts-document/?documentId=221233,2026-06-01,"Upgrade protection on 230kV bus, all 115kV buses, and both 230/115kV auto transformers at Grady. Add adequate monitoring on DC supply. Install a 230kV breaker and associated switches on the high side of Grady 230/115kV auto transformer D.",Stability,02_stability_projects.pdf,6,48,,,,,,,GPC,GA:01_expansion_plan_projects.pdf:3:20474,other,,,,,,,,unresolved,unresolved,low,True,,,,standard_public_gis,,"[""grady"", ""dc""]",[],[]
GA,212,2026,19706,GRID - GAINESVILLE #2 EQUIPMENT REPLACEMENT,6/1/2026,GPC,REDACTED,REDACTED,REDACTED,REDACTED,REDACTED,01_expansion_plan_projects.pdf,3,9,https://psc.ga.gov/search/facts-document/?documentId=221233,2026-06-01,GPC: Replace the two 230/115kV auto transformers (Bank C and D) at Gainesville #2 with 400MVA. Project was originally maintenance driven but now compliance driven.,Steady state,05_steady_state_projects.pdf,36,95,,,,,,,GPC,GA:01_expansion_plan_projects.pdf:3:19706,other,,gainesville 2,,-83.8096728,34.263022,"{""type"": ""Polygon"", ""coordinates"": [[[-83.8106779, 34.2628845], [-83.8097471, 34.2638618], [-83.8086677, 34.2631595], [-83.8095986, 34.2621822], [-83.8106779, 34.2628845]]]}",Polygon,description_facilities,asset_bounds_center,medium,True,exact_facility_name,https://psc.ga.gov/search/facts-document/?documentId=221233,C:\Users\sebas\PycharmProjects\Git\Project_secret_project\data\raw\osm\GA\power_substations_overpass.json,standard_public_gis,"Description asset candidates; review unresolved rows, circuit identity and exact work limits.","[""gainesville""]","[{""endpoint_name"": ""gainesville 2"", ""feature_name"": ""Gainesville Substation #2"", ""coordinates"": [-83.8096728, 34.263022], ""feature_id"": ""way/179716524"", ""source"": ""osm"", ""source_url"": ""https://www.openstreetmap.org/way/179716524"", ""source_file"": ""C:\\Users\\sebas\\PycharmProjects\\Git\\Project_secret_project\\data\\raw\\osm\\GA\\power_substations_overpass.json"", ""point_method"": ""facility_bounds_center"", ""review_required"": false, ""in_title"": false}]","[{""project_key"": ""GA:01_expansion_plan_projects.pdf:3:19706"", ""utility"": ""GPC"", ""state"": ""GA"", ""project_id"": ""19706"", ""project_name"": ""GRID - GAINESVILLE #2 EQUIPMENT REPLACEMENT"", ""description"": ""GPC: Replace the two 230/115kV auto transformers (Bank C and D) at Gainesville #2 with 400MVA. Project was originally maintenance driven but now compliance driven."", ""asset_type"": ""station"", ""asset_name"": ""Gainesville #2"", ""endpoint_a"": """", ""endpoint_b"": """", ""voltage_kv"": ""230;115"", ""circuit"": """", ""asset_stage"": ""existing"", ""scope_role"": ""work"", ""scope_notes"": ""Transformer banks C and D"", ""scope_source"": ""description_checked"", ""resolution_requirement"": ""standard_public_gis"", ""asset_key"": ""GA:01_expansion_plan_projects.pdf:3:19706:1"", ""expected_length_miles"": """", ""source_file"": ""01_expansion_plan_projects.pdf"", ""source_page"": """", ""source_pdf_page"": ""3"", ""source_url"": ""https://psc.ga.gov/search/facts-document/?documentId=221233"", ""description_source_file"": ""05_steady_state_projects.pdf"", ""description_pdf_page"": ""36"", ""action_type"": ""other"", ""detected_actions"": """", ""route_status"": ""facility_candidate"", ""route_method"": ""exact_facility_name"", ""route_file"": ""C:\\Users\\sebas\\PycharmProjects\\Git\\Project_secret_project\\data\\raw\\osm\\GA\\power_substations_overpass.json"", ""review_note"": ""Transformer banks C and D"", ""anchor_evidence"": ""[{\""name\"": \""Gainesville Substation #2\"", \""names\"": [\""Gainesville Substation #2\""], \""state\"": \""GA\"", \""geometry\"": {\""type\"": \""Polygon\"", \""coordinates\"": [[[-83.8106779, 34.2628845], [-83.8097471, 34.2638618], [-83.8086677, 34.2631595], [-83.8095986, 34.2621822], [-83.8106779, 34.2628845]]]}, \""feature_id\"": \""way/179716524\"", \""kind\"": \""substation\"", \""voltage\"": \""230000;115000;46000;12000\"", \""source\"": \""osm\"", \""source_url\"": \""https://www.openstreetmap.org/way/179716524\"", \""source_file\"": \""C:\\\\Users\\\\sebas\\\\PycharmProjects\\\\Git\\\\Project_secret_project\\\\data\\\\raw\\\\osm\\\\GA\\\\power_substations_overpass.json\"", \""review_required\"": false, \""coordinates\"": [-83.8096728, 34.263022]}]"", ""distance_km"": """", ""source"": ""osm"", ""segment_feature_ids"": """", ""source_tags"": """", ""start_snap_km"": """", ""end_snap_km"": """", ""hops"": """", ""start_osm_node"": """", ""end_osm_node"": """", ""osm_way_ids"": """", ""way_names"": """", ""operators"": """", ""unknown_voltage_edge_count"": """", ""attribution"": """", ""license"": """", ""saved_evidence"": """"}]"
GA,211,2026,19636,HAMMOND - WEISS DAM 115KV LINE REBUILD,6/1/2026,GPC,REDACTED,REDACTED,REDACTED,REDACTED,REDACTED,01_expansion_plan_projects.pdf,4,10,https://psc.ga.gov/search/facts-document/?documentId=221233,2026-06-01,Rebuild 11.2 miles of Hammond - Weiss Dam 115kV from Hammond to the APC border with 200C 795 ACSS.,Steady state,05_steady_state_projects.pdf,42,101,,,,,,,GPC,GA:01_expansion_plan_projects.pdf:4:19636,rebuild,rebuild,hammond,,-85.345549072293,34.2512346692463,"{""type"": ""Point"", ""coordinates"": [-85.345549072293, 34.2512346692463]}",Point,single_endpoint,published_point,medium,True,hifld_substation,https://services.arcgis.com/HQ0xoN0EzDPBOEci/ArcGIS/rest/services/Substations/FeatureServer/0/query,C:\Users\sebas\PycharmProjects\Git\Project_secret_project\data\raw\public_gis\endpoint_points\hifld_substations_GA.geojson,standard_public_gis,,"[""hammond"", ""weiss dam"", ""apc""]","[{""endpoint_name"": ""hammond"", ""feature_name"": ""HAMMOND STATION"", ""coordinates"": [-85.345549072293, 34.2512346692463], ""feature_id"": ""hifld/150093"", ""source"": ""hifld_substation"", ""source_url"": ""https://services.arcgis.com/HQ0xoN0EzDPBOEci/ArcGIS/rest/services/Substations/FeatureServer/0/query"", ""source_file"": ""C:\\Users\\sebas\\PycharmProjects\\Git\\Project_secret_project\\data\\raw\\public_gis\\endpoint_points\\hifld_substations_GA.geojson"", ""point_method"": ""published_point"", ""review_required"": true, ""in_title"": true}]",[]
GA,214,2026,20512,KATHLEEN AREA IMPROVEMENTS,6/1/2026,GPC,REDACTED,REDACTED,REDACTED,REDACTED,REDACTED,01_expansion_plan_projects.pdf,4,10,https://psc.ga.gov/search/facts-document/?documentId=221233,2026-06-01,Rebuild the Kathleen - Big Grocery Creek 230kV line (approximately 1.5 miles). Rebuild the Bonaire Primary - Kathleen 230kV line (approximately 6 miles). Upgrade limiting elements at Kathleen substation.,Steady state,05_steady_state_projects.pdf,43,102,,,,,,,GPC,GA:01_expansion_plan_projects.pdf:4:20512,other,,bonaire,,-83.60002255,32.56479495,"{""type"": ""Point"", ""coordinates"": [-83.60002255, 32.56479495]}",Point,single_endpoint,facility_bounds_center,medium,False,osm,https://www.openstreetmap.org/way/160308063,C:\Users\sebas\PycharmProjects\Git\Project_secret_project\data\raw\osm\GA\power_substations_overpass.json,standard_public_gis,,"[""kathleen area"", ""kathleen"", ""big grocery creek"", ""bonaire""]","[{""endpoint_name"": ""bonaire"", ""feature_name"": ""Bonaire Primary Substation"", ""coordinates"": [-83.60002255, 32.56479495], ""feature_id"": ""way/160308063"", ""source"": ""osm"", ""source_url"": ""https://www.openstreetmap.org/way/160308063"", ""source_file"": ""C:\\Users\\sebas\\PycharmProjects\\Git\\Project_secret_project\\data\\raw\\osm\\GA\\power_substations_overpass.json"", ""point_method"": ""facility_bounds_center"", ""review_required"": false, ""in_title"": false}]",[]
GA,206,2026,20490,KLONDIKE RELAY MODERNIZATION,6/1/2026,GPC,REDACTED,REDACTED,REDACTED,REDACTED,REDACTED,01_expansion_plan_projects.pdf,4,10,https://psc.ga.gov/search/facts-document/?documentId=221233,2026-06-01,Upgrade protection on 230kV buses at the Klondike station. Add adequate monitoring on DC supply.,Stability,02_stability_projects.pdf,7,49,,,,,,,GPC,GA:01_expansion_plan_projects.pdf:4:20490,other,,klondike,,-84.12448705,33.63697675,"{""type"": ""Polygon"", ""coordinates"": [[[-84.1271235, 33.6382805], [-84.1265173, 33.6387577], [-84.1255533, 33.6387547], [-84.1255366, 33.6378485], [-84.1226216, 33.6378076], [-84.1218109, 33.6371219], [-84.1218367, 33.6359955], [-84.1228204, 33.6351958], [-84.1248421, 33.6352216], [-84.1247982, 33.6361309], [-84.1271632, 33.6361331], [-84.1271235, 33.6382805]]]}",Polygon,description_facilities,asset_bounds_center,medium,True,exact_facility_name,https://psc.ga.gov/search/facts-document/?documentId=221233,C:\Users\sebas\PycharmProjects\Git\Project_secret_project\data\raw\osm\GA\power_substations_overpass.json,standard_public_gis,"Description asset candidates; review unresolved rows, circuit identity and exact work limits.","[""klondike"", ""dc""]","[{""endpoint_name"": ""klondike"", ""feature_name"": ""Klondike Substation"", ""coordinates"": [-84.12448705, 33.63697675], ""feature_id"": ""way/159784541"", ""source"": ""osm"", ""source_url"": ""https://www.openstreetmap.org/way/159784541"", ""source_file"": ""C:\\Users\\sebas\\PycharmProjects\\Git\\Project_secret_project\\data\\raw\\osm\\GA\\power_substations_overpass.json"", ""point_method"": ""facility_bounds_center"", ""review_required"": false, ""in_title"": true}]","[{""project_key"": ""GA:01_expansion_plan_projects.pdf:4:20490"", ""utility"": ""GPC"", ""state"": ""GA"", ""project_id"": ""20490"", ""project_name"": ""KLONDIKE RELAY MODERNIZATION"", ""description"": ""Upgrade protection on 230kV buses at the Klondike station. Add adequate monitoring on DC supply."", ""asset_type"": ""station"", ""asset_name"": ""Klondike"", ""endpoint_a"": """", ""endpoint_b"": """", ""voltage_kv"": ""230"", ""circuit"": """", ""asset_stage"": ""existing"", ""scope_role"": ""work"", ""scope_notes"": ""Protection"", ""scope_source"": ""description_checked"", ""resolution_requirement"": ""standard_public_gis"", ""asset_key"": ""GA:01_expansion_plan_projects.pdf:4:20490:1"", ""expected_length_miles"": """", ""source_file"": ""01_expansion_plan_projects.pdf"", ""source_page"": """", ""source_pdf_page"": ""4"", ""source_url"": ""https://psc.ga.gov/search/facts-document/?documentId=221233"", ""description_source_file"": ""02_stability_projects.pdf"", ""description_pdf_page"": ""7"", ""action_type"": ""other"", ""detected_actions"": """", ""route_status"": ""facility_candidate"", ""route_method"": ""exact_facility_name"", ""route_file"": ""C:\\Users\\sebas\\PycharmProjects\\Git\\Project_secret_project\\data\\raw\\osm\\GA\\power_substations_overpass.json"", ""review_note"": ""Protection"", ""anchor_evidence"": ""[{\""name\"": \""Klondike Substation\"", \""names\"": [\""Klondike Substation\""], \""state\"": \""GA\"", \""geometry\"": {\""type\"": \""Polygon\"", \""coordinates\"": [[[-84.1271235, 33.6382805], [-84.1265173, 33.6387577], [-84.1255533, 33.6387547], [-84.1255366, 33.6378485], [-84.1226216, 33.6378076], [-84.1218109, 33.6371219], [-84.1218367, 33.6359955], [-84.1228204, 33.6351958], [-84.1248421, 33.6352216], [-84.1247982, 33.6361309], [-84.1271632, 33.6361331], [-84.1271235, 33.6382805]]]}, \""feature_id\"": \""way/159784541\"", \""kind\"": \""substation\"", \""voltage\"": \""500000;230000\"", \""source\"": \""osm\"", \""source_url\"": \""https://www.openstreetmap.org/way/159784541\"", \""source_file\"": \""C:\\\\Users\\\\sebas\\\\PycharmProjects\\\\Git\\\\Project_secret_project\\\\data\\\\raw\\\\osm\\\\GA\\\\power_substations_overpass.json\"", \""review_required\"": false, \""coordinates\"": [-84.12448705, 33.63697675]}]"", ""distance_km"": """", ""source"": ""osm"", ""segment_feature_ids"": """", ""source_tags"": """", ""start_snap_km"": """", ""end_snap_km"": """", ""hops"": """", ""start_osm_node"": """", ""end_osm_node"": """", ""osm_way_ids"": """", ""way_names"": """", ""operators"": """", ""unknown_voltage_edge_count"": """", ""attribution"": """", ""license"": """", ""saved_evidence"": """"}]"
GA,208,2026,20300,MORROW 115KV RELAY UPGRADE,6/1/2026,GPC,REDACTED,REDACTED,REDACTED,REDACTED,REDACTED,01_expansion_plan_projects.pdf,4,10,https://psc.ga.gov/search/facts-document/?documentId=221233,2026-06-01,Upgrade protection scheme on all three 115kV buses at Morrow.,Stability,02_stability_projects.pdf,8,50,,,,,,,GPC,GA:01_expansion_plan_projects.pdf:4:20300,upgrade,upgrade,morrow,,-84.33346165,33.60593095,"{""type"": ""Polygon"", ""coordinates"": [[[-84.3343711, 33.6057798], [-84.3343556, 33.6065083], [-84.33404, 33.6065097], [-84.3340367, 33.6064203], [-84.3334005, 33.6064244], [-84.3333955, 33.6064602], [-84.3331427, 33.6064505], [-84.333146, 33.6064203], [-84.3329295, 33.6064166], [-84.3326585, 33.606412], [-84.3325522, 33.6063188], [-84.3325598, 33.6053536], [-84.3338173, 33.6053522], [-84.3338157, 33.6056852], [-84.3339428, 33.6057889], [-84.3343711, 33.6057798]]]}",Polygon,description_facilities,asset_bounds_center,medium,True,exact_facility_name,https://psc.ga.gov/search/facts-document/?documentId=221233,C:\Users\sebas\PycharmProjects\Git\Project_secret_project\data\raw\osm\GA\power_substations_overpass.json,standard_public_gis,"Description asset candidates; review unresolved rows, circuit identity and exact work limits.","[""morrow""]","[{""endpoint_name"": ""morrow"", ""feature_name"": ""Morrow Substation"", ""coordinates"": [-84.33346165, 33.60593095], ""feature_id"": ""way/171479107"", ""source"": ""osm"", ""source_url"": ""https://www.openstreetmap.org/way/171479107"", ""source_file"": ""C:\\Users\\sebas\\PycharmProjects\\Git\\Project_secret_project\\data\\raw\\osm\\GA\\power_substations_overpass.json"", ""point_method"": ""facility_bounds_center"", ""review_required"": false, ""in_title"": true}]","[{""project_key"": ""GA:01_expansion_plan_projects.pdf:4:20300"", ""utility"": ""GPC"", ""state"": ""GA"", ""project_id"": ""20300"", ""project_name"": ""MORROW 115KV RELAY UPGRADE"", ""description"": ""Upgrade protection scheme on all three 115kV buses at Morrow."", ""asset_type"": ""station"", ""asset_name"": ""Morrow"", ""endpoint_a"": """", ""endpoint_b"": """", ""voltage_kv"": ""115"", ""circuit"": """", ""asset_stage"": ""existing"", ""scope_role"": ""work"", ""scope_notes"": ""Protection"", ""scope_source"": ""description_checked"", ""resolution_requirement"": ""standard_public_gis"", ""asset_key"": ""GA:01_expansion_plan_projects.pdf:4:20300:1"", ""expected_length_miles"": """", ""source_file"": ""01_expansion_plan_projects.pdf"", ""source_page"": """", ""source_pdf_page"": ""4"", ""source_url"": ""https://psc.ga.gov/search/facts-document/?documentId=221233"", ""description_source_file"": ""02_stability_projects.pdf"", ""description_pdf_page"": ""8"", ""action_type"": ""upgrade"", ""detected_actions"": ""upgrade"", ""route_status"": ""facility_candidate"", ""route_method"": ""exact_facility_name"", ""route_file"": ""C:\\Users\\sebas\\PycharmProjects\\Git\\Project_secret_project\\data\\raw\\osm\\GA\\power_substations_overpass.json"", ""review_note"": ""Protection"", ""anchor_evidence"": ""[{\""name\"": \""Morrow Substation\"", \""names\"": [\""Morrow Substation\""], \""state\"": \""GA\"", \""geometry\"": {\""type\"": \""Polygon\"", \""coordinates\"": [[[-84.3343711, 33.6057798], [-84.3343556, 33.6065083], [-84.33404, 33.6065097], [-84.3340367, 33.6064203], [-84.3334005, 33.6064244], [-84.3333955, 33.6064602], [-84.3331427, 33.6064505], [-84.333146, 33.6064203], [-84.3329295, 33.6064166], [-84.3326585, 33.606412], [-84.3325522, 33.6063188], [-84.3325598, 33.6053536], [-84.3338173, 33.6053522], [-84.3338157, 33.6056852], [-84.3339428, 33.6057889], [-84.3343711, 33.6057798]]]}, \""feature_id\"": \""way/171479107\"", \""kind\"": \""substation\"", \""voltage\"": \""230000\"", \""source\"": \""osm\"", \""source_url\"": \""https://www.openstreetmap.org/way/171479107\"", \""source_file\"": \""C:\\\\Users\\\\sebas\\\\PycharmProjects\\\\Git\\\\Project_secret_project\\\\data\\\\raw\\\\osm\\\\GA\\\\power_substations_overpass.json\"", \""review_required\"": false, \""coordinates\"": [-84.33346165, 33.60593095]}]"", ""distance_km"": """", ""source"": ""osm"", ""segment_feature_ids"": """", ""source_tags"": """", ""start_snap_km"": """", ""end_snap_km"": """", ""hops"": """", ""start_osm_node"": """", ""end_osm_node"": """", ""osm_way_ids"": """", ""way_names"": """", ""operators"": """", ""unknown_voltage_edge_count"": """", ""attribution"": """", ""license"": """", ""saved_evidence"": """"}]"
GA,216,2026,18690,PALMYRA REACTOR REMOVAL,6/1/2026,GPC,REDACTED,REDACTED,REDACTED,REDACTED,REDACTED,01_expansion_plan_projects.pdf,4,10,https://psc.ga.gov/search/facts-document/?documentId=221233,2026-06-01,Remove the 6% reactor at the Palmyra Substation.,Steady state,05_steady_state_projects.pdf,47,106,,,,,,,GPC,GA:01_expansion_plan_projects.pdf:4:18690,other,,,,,,,,unresolved,unresolved,low,True,,,,standard_public_gis,,"[""palmyra"", ""removal"", ""remove""]",[],[]
GA,206,2026,20489,SCOTTDALE RELAY MODERNIZATION,6/1/2026,GPC,REDACTED,REDACTED,REDACTED,REDACTED,REDACTED,01_expansion_plan_projects.pdf,4,10,https://psc.ga.gov/search/facts-document/?documentId=221233,2026-06-01,Upgrade protection on 230kV bus and 230/115kV auto transformers at the Scottdale station. Add adequate monitoring on DC supply.,Stability,02_stability_projects.pdf,9,51,,,,,,,GPC,GA:01_expansion_plan_projects.pdf:4:20489,other,,,,,,,,unresolved,unresolved,low,True,,,,standard_public_gis,,"[""scottdale"", ""dc""]",[],[]
GA,208,2026,17900,UNION CITY - YATES 230 KV WHITE LINE REBUILD,4/1/2026,GPC,REDACTED,REDACTED,REDACTED,REDACTED,REDACTED,01_expansion_plan_projects.pdf,4,10,https://psc.ga.gov/search/facts-document/?documentId=221233,2026-04-01,Rebuild 23.4 miles of the Union City - Yates 230kV White line with bundled 1351 ACSS Martin conductor at 200C.,Steady state,05_steady_state_projects.pdf,50,109,,,,,,,GPC,GA:01_expansion_plan_projects.pdf:4:17900,rebuild,rebuild,yates,,-84.89652749999999,33.46118605,"{""type"": ""Point"", ""coordinates"": [-84.89652749999999, 33.46118605]}",Point,single_endpoint,facility_bounds_center,high,False,osm,https://www.openstreetmap.org/way/171166735,C:\Users\sebas\PycharmProjects\Git\Project_secret_project\data\raw\osm\GA\power_substations_overpass.json,standard_public_gis,,"[""union city"", ""yates"", ""white"", ""martin""]","[{""endpoint_name"": ""yates"", ""feature_name"": ""Yates Switchyard"", ""coordinates"": [-84.89652749999999, 33.46118605], ""feature_id"": ""way/171166735"", ""source"": ""osm"", ""source_url"": ""https://www.openstreetmap.org/way/171166735"", ""source_file"": ""C:\\Users\\sebas\\PycharmProjects\\Git\\Project_secret_project\\data\\raw\\osm\\GA\\power_substations_overpass.json"", ""point_method"": ""facility_bounds_center"", ""review_required"": false, ""in_title"": true}]",[]
GA,208,2026,20691,UNION CITY - YATES 230KV (WHITE) SWITCH AND TRAP REPLACEMENT,6/1/2026,GPC,REDACTED,REDACTED,REDACTED,REDACTED,REDACTED,01_expansion_plan_projects.pdf,5,11,https://psc.ga.gov/search/facts-document/?documentId=221233,2026-06-01,Replace the limiting elements at Union City and Yates substations along the Union City - Yates 230kV (White) line.,Steady state,05_steady_state_projects.pdf,51,110,,,,,,,GPC,GA:01_expansion_plan_projects.pdf:5:20691,other,,yates,,-84.89652749999999,33.46118605,"{""type"": ""Polygon"", ""coordinates"": [[[-84.8974734, 33.4603744], [-84.8961434, 33.4622718], [-84.8955816, 33.4619977], [-84.8969115, 33.4601003], [-84.8974734, 33.4603744]]]}",Polygon,description_facilities,asset_bounds_center,medium,True,exact_facility_name,https://psc.ga.gov/search/facts-document/?documentId=221233,C:\Users\sebas\PycharmProjects\Git\Project_secret_project\data\raw\osm\GA\power_substations_overpass.json,standard_public_gis,"Description asset candidates; review unresolved rows, circuit identity and exact work limits.","[""union city"", ""yates"", ""white"", ""trap""]","[{""endpoint_name"": ""yates"", ""feature_name"": ""Yates Switchyard"", ""coordinates"": [-84.89652749999999, 33.46118605], ""feature_id"": ""way/171166735"", ""source"": ""osm"", ""source_url"": ""https://www.openstreetmap.org/way/171166735"", ""source_file"": ""C:\\Users\\sebas\\PycharmProjects\\Git\\Project_secret_project\\data\\raw\\osm\\GA\\power_substations_overpass.json"", ""point_method"": ""facility_bounds_center"", ""review_required"": false, ""in_title"": true}]","[{""project_key"": ""GA:01_expansion_plan_projects.pdf:5:20691"", ""utility"": ""GPC"", ""state"": ""GA"", ""project_id"": ""20691"", ""project_name"": ""UNION CITY - YATES 230KV (WHITE) SWITCH AND TRAP REPLACEMENT"", ""description"": ""Replace the limiting elements at Union City and Yates substations along the Union City - Yates 230kV (White) line."", ""asset_type"": ""station"", ""asset_name"": ""Yates"", ""endpoint_a"": """", ""endpoint_b"": """", ""voltage_kv"": ""230"", ""circuit"": ""White"", ""asset_stage"": ""existing"", ""scope_role"": ""work"", ""scope_notes"": ""Limiting elements"", ""scope_source"": ""description_checked"", ""resolution_requirement"": ""standard_public_gis"", ""asset_key"": ""GA:01_expansion_plan_projects.pdf:5:20691:2"", ""expected_length_miles"": """", ""source_file"": ""01_expansion_plan_projects.pdf"", ""source_page"": """", ""source_pdf_page"": ""5"", ""source_url"": ""https://psc.ga.gov/search/facts-document/?documentId=221233"", ""description_source_file"": ""05_steady_state_projects.pdf"", ""description_pdf_page"": ""51"", ""action_type"": ""other"", ""detected_actions"": """", ""route_status"": ""facility_candidate"", ""route_method"": ""exact_facility_name"", ""route_file"": ""C:\\Users\\sebas\\PycharmProjects\\Git\\Project_secret_project\\data\\raw\\osm\\GA\\power_substations_overpass.json"", ""review_note"": ""Limiting elements"", ""anchor_evidence"": ""[{\""name\"": \""Yates Switchyard\"", \""names\"": [\""Yates Switchyard\""], \""state\"": \""GA\"", \""geometry\"": {\""type\"": \""Polygon\"", \""coordinates\"": [[[-84.8974734, 33.4603744], [-84.8961434, 33.4622718], [-84.8955816, 33.4619977], [-84.8969115, 33.4601003], [-84.8974734, 33.4603744]]]}, \""feature_id\"": \""way/171166735\"", \""kind\"": \""substation\"", \""voltage\"": \""230000\"", \""source\"": \""osm\"", \""source_url\"": \""https://www.openstreetmap.org/way/171166735\"", \""source_file\"": \""C:\\\\Users\\\\sebas\\\\PycharmProjects\\\\Git\\\\Project_secret_project\\\\data\\\\raw\\\\osm\\\\GA\\\\power_substations_overpass.json\"", \""review_required\"": false, \""coordinates\"": [-84.89652749999999, 33.46118605]}]"", ""distance_km"": """", ""source"": ""osm"", ""segment_feature_ids"": """", ""source_tags"": """", ""start_snap_km"": """", ""end_snap_km"": """", ""hops"": """", ""start_osm_node"": """", ""end_osm_node"": """", ""osm_way_ids"": """", ""way_names"": """", ""operators"": """", ""unknown_voltage_edge_count"": """", ""attribution"": """", ""license"": """", ""saved_evidence"": """"}]"
GA,216,2026,20223,CC - PROJECT PAYTON BAINBRIDGE,6/30/2026,GPC,REDACTED,REDACTED,REDACTED,REDACTED,REDACTED,01_expansion_plan_projects.pdf,5,11,https://psc.ga.gov/search/facts-document/?documentId=221233,2026-06-30,Split Farley - South Bainbridge 230kV line with a 230kV station (Dothan Road) and bring an 8.5 mile 200C 1351 ACSS 230kV line from Dothan Rd to new customer sub Downrange. Bring another 10mile 200C 1351 ACSS 230kV line from Climax to customer sub Downrange.,Steady state,05_steady_state_projects.pdf,52,111,,,,,,,GPC,GA:01_expansion_plan_projects.pdf:5:20223,other,,south bainbridge,,-84.4889211,30.83960785,"{""type"": ""Point"", ""coordinates"": [-84.4889211, 30.83960785]}",Point,single_endpoint,facility_bounds_center,medium,False,osm,https://www.openstreetmap.org/way/165831924,C:\Users\sebas\PycharmProjects\Git\Project_secret_project\data\raw\osm\GA\power_substations_overpass.json,standard_public_gis,,"[""payton bainbridge"", ""split farley"", ""south bainbridge"", ""dothan road"", ""downrange"", ""bring"", ""climax""]","[{""endpoint_name"": ""south bainbridge"", ""feature_name"": ""South Bainbridge Substation"", ""coordinates"": [-84.4889211, 30.83960785], ""feature_id"": ""way/165831924"", ""source"": ""osm"", ""source_url"": ""https://www.openstreetmap.org/way/165831924"", ""source_file"": ""C:\\Users\\sebas\\PycharmProjects\\Git\\Project_secret_project\\data\\raw\\osm\\GA\\power_substations_overpass.json"", ""point_method"": ""facility_bounds_center"", ""review_required"": false, ""in_title"": false}]",[]
GA,208,2026,21022,OHARA BREAKER REPLACEMENT,10/1/2026,GPC,REDACTED,REDACTED,REDACTED,REDACTED,REDACTED,01_expansion_plan_projects.pdf,5,11,https://psc.ga.gov/search/facts-document/?documentId=221233,2026-10-01,Replace Breaker on the Ohara - Tara 115kV Line at the Ohara Substation.,Short circuit,03_short_circuit_projects.pdf,2,55,,,,,,,GPC,GA:01_expansion_plan_projects.pdf:5:21022,other,,tara,,-84.42284965,33.527532,"{""type"": ""Point"", ""coordinates"": [-84.42284965, 33.527532]}",Point,single_endpoint,facility_bounds_center,medium,False,osm,https://www.openstreetmap.org/way/967362383,C:\Users\sebas\PycharmProjects\Git\Project_secret_project\data\raw\osm\GA\power_substations_overpass.json,standard_public_gis,,"[""ohara"", ""tara""]","[{""endpoint_name"": ""tara"", ""feature_name"": ""Tara Substation"", ""coordinates"": [-84.42284965, 33.527532], ""feature_id"": ""way/967362383"", ""source"": ""osm"", ""source_url"": ""https://www.openstreetmap.org/way/967362383"", ""source_file"": ""C:\\Users\\sebas\\PycharmProjects\\Git\\Project_secret_project\\data\\raw\\osm\\GA\\power_substations_overpass.json"", ""point_method"": ""facility_bounds_center"", ""review_required"": false, ""in_title"": false}]",[]
GA,208,2026,20668,DRESDEN LINE PROTECTIVE RELAYING,12/1/2026,GPC,REDACTED,REDACTED,REDACTED,REDACTED,REDACTED,01_expansion_plan_projects.pdf,5,11,https://psc.ga.gov/search/facts-document/?documentId=221233,2026-12-01,"On the O'Hara - Wansley 500kV line, replace the protective relay panels associated with the 500kV line terminal facing Dresden, at both O'Hara and Wansley.",Stability,02_stability_projects.pdf,10,52,,,,,,,GPC,GA:01_expansion_plan_projects.pdf:5:20668,other,,dresden,o hara,-84.69856945000001,33.446656149999995,"{""type"": ""GeometryCollection"", ""geometries"": [{""type"": ""Polygon"", ""coordinates"": [[[-84.3703001, 33.4828329], [-84.3672247, 33.4827908], [-84.3672014, 33.4839724], [-84.3644556, 33.4839348], [-84.3644612, 33.4836488], [-84.3645365, 33.4798289], [-84.365392, 33.4798406], [-84.3666329, 33.4798577], [-84.3668028, 33.47986], [-84.3667864, 33.4806927], [-84.3671594, 33.4810088], [-84.3674471, 33.4810129], [-84.3674446, 33.4812406], [-84.367805, 33.4815489], [-84.3683577, 33.4815637], [-84.3690608, 33.4815825], [-84.3696357, 33.481598], [-84.3703241, 33.4816164], [-84.3703001, 33.4828329]]]}, {""type"": ""Polygon"", ""coordinates"": [[[-85.0326833, 33.4108334], [-85.0322641, 33.4111855], [-85.0314259, 33.4118895], [-85.0311327, 33.4121358], [-85.0310077, 33.4120327], [-85.0308133, 33.412197], [-85.0309434, 33.4123043], [-85.0306275, 33.4125713], [-85.0288547, 33.41111], [-85.0309174, 33.4093399], [-85.0326833, 33.4108334]]]}]}",GeometryCollection,description_facilities,asset_bounds_center,medium,True,exact_facility_name,https://psc.ga.gov/search/facts-document/?documentId=221233,C:\Users\sebas\PycharmProjects\Git\Project_secret_project\data\raw\osm\GA\power_substations_overpass.json,standard_public_gis,"Description asset candidates; review unresolved rows, circuit identity and exact work limits.","[""dresden"", ""protective relaying"", ""o hara"", ""wansley""]","[{""endpoint_name"": ""dresden"", ""feature_name"": ""Dresden Substation"", ""coordinates"": [-84.9059539, 33.35111555], ""feature_id"": ""way/163891152"", ""source"": ""osm"", ""source_url"": ""https://www.openstreetmap.org/way/163891152"", ""source_file"": ""C:\\Users\\sebas\\PycharmProjects\\Git\\Project_secret_project\\data\\raw\\osm\\GA\\power_substations_overpass.json"", ""point_method"": ""facility_bounds_center"", ""review_required"": false, ""in_title"": true}, {""endpoint_name"": ""o hara"", ""feature_name"": ""O'Hara Substation"", ""coordinates"": [-84.36738985, 33.48190065], ""feature_id"": ""way/159784542"", ""source"": ""osm"", ""source_url"": ""https://www.openstreetmap.org/way/159784542"", ""source_file"": ""C:\\Users\\sebas\\PycharmProjects\\Git\\Project_secret_project\\data\\raw\\osm\\GA\\power_substations_overpass.json"", ""point_method"": ""facility_bounds_center"", ""review_required"": false, ""in_title"": false}, {""endpoint_name"": ""wansley"", ""feature_name"": ""Wansley Substation"", ""coordinates"": [-85.03076899999999, 33.4109556], ""feature_id"": ""way/159784571"", ""source"": ""osm"", ""source_url"": ""https://www.openstreetmap.org/way/159784571"", ""source_file"": ""C:\\Users\\sebas\\PycharmProjects\\Git\\Project_secret_project\\data\\raw\\osm\\GA\\power_substations_overpass.json"", ""point_method"": ""facility_bounds_center"", ""review_required"": false, ""in_title"": false}]","[{""project_key"": ""GA:01_expansion_plan_projects.pdf:5:20668"", ""utility"": ""GPC"", ""state"": ""GA"", ""project_id"": ""20668"", ""project_name"": ""DRESDEN LINE PROTECTIVE RELAYING"", ""description"": ""On the O'Hara - Wansley 500kV line, replace the protective relay panels associated with the 500kV line terminal facing Dresden, at both O'Hara and Wansley."", ""asset_type"": ""station"", ""asset_name"": ""O'Hara"", ""endpoint_a"": """", ""endpoint_b"": """", ""voltage_kv"": ""500"", ""circuit"": """", ""asset_stage"": ""existing"", ""scope_role"": ""work"", ""scope_notes"": ""Relay panels facing Dresden"", ""scope_source"": ""description_checked"", ""resolution_requirement"": ""standard_public_gis"", ""asset_key"": ""GA:01_expansion_plan_projects.pdf:5:20668:1"", ""expected_length_miles"": """", ""source_file"": ""01_expansion_plan_projects.pdf"", ""source_page"": """", ""source_pdf_page"": ""5"", ""source_url"": ""https://psc.ga.gov/search/facts-document/?documentId=221233"", ""description_source_file"": ""02_stability_projects.pdf"", ""description_pdf_page"": ""10"", ""action_type"": ""other"", ""detected_actions"": """", ""route_status"": ""facility_candidate"", ""route_method"": ""exact_facility_name"", ""route_file"": ""C:\\Users\\sebas\\PycharmProjects\\Git\\Project_secret_project\\data\\raw\\osm\\GA\\power_substations_overpass.json"", ""review_note"": ""Relay panels facing Dresden"", ""anchor_evidence"": ""[{\""name\"": \""O'Hara Substation\"", \""names\"": [\""O'Hara Substation\""], \""state\"": \""GA\"", \""geometry\"": {\""type\"": \""Polygon\"", \""coordinates\"": [[[-84.3703001, 33.4828329], [-84.3672247, 33.4827908], [-84.3672014, 33.4839724], [-84.3644556, 33.4839348], [-84.3644612, 33.4836488], [-84.3645365, 33.4798289], [-84.365392, 33.4798406], [-84.3666329, 33.4798577], [-84.3668028, 33.47986], [-84.3667864, 33.4806927], [-84.3671594, 33.4810088], [-84.3674471, 33.4810129], [-84.3674446, 33.4812406], [-84.367805, 33.4815489], [-84.3683577, 33.4815637], [-84.3690608, 33.4815825], [-84.3696357, 33.481598], [-84.3703241, 33.4816164], [-84.3703001, 33.4828329]]]}, \""feature_id\"": \""way/159784542\"", \""kind\"": \""substation\"", \""voltage\"": \""500000\"", \""source\"": \""osm\"", \""source_url\"": \""https://www.openstreetmap.org/way/159784542\"", \""source_file\"": \""C:\\\\Users\\\\sebas\\\\PycharmProjects\\\\Git\\\\Project_secret_project\\\\data\\\\raw\\\\osm\\\\GA\\\\power_substations_overpass.json\"", \""review_required\"": false, \""coordinates\"": [-84.36738985, 33.48190065]}]"", ""distance_km"": """", ""source"": ""osm"", ""segment_feature_ids"": """", ""source_tags"": """", ""start_snap_km"": """", ""end_snap_km"": """", ""hops"": """", ""start_osm_node"": """", ""end_osm_node"": """", ""osm_way_ids"": """", ""way_names"": """", ""operators"": """", ""unknown_voltage_edge_count"": """", ""attribution"": """", ""license"": """", ""saved_evidence"": """"}, {""project_key"": ""GA:01_expansion_plan_projects.pdf:5:20668"", ""utility"": ""GPC"", ""state"": ""GA"", ""project_id"": ""20668"", ""project_name"": ""DRESDEN LINE PROTECTIVE RELAYING"", ""description"": ""On the O'Hara - Wansley 500kV line, replace the protective relay panels associated with the 500kV line terminal facing Dresden, at both O'Hara and Wansley."", ""asset_type"": ""station"", ""asset_name"": ""Wansley"", ""endpoint_a"": """", ""endpoint_b"": """", ""voltage_kv"": ""500"", ""circuit"": """", ""asset_stage"": ""existing"", ""scope_role"": ""work"", ""scope_notes"": ""Relay panels facing Dresden"", ""scope_source"": ""description_checked"", ""resolution_requirement"": ""standard_public_gis"", ""asset_key"": ""GA:01_expansion_plan_projects.pdf:5:20668:2"", ""expected_length_miles"": """", ""source_file"": ""01_expansion_plan_projects.pdf"", ""source_page"": """", ""source_pdf_page"": ""5"", ""source_url"": ""https://psc.ga.gov/search/facts-document/?documentId=221233"", ""description_source_file"": ""02_stability_projects.pdf"", ""description_pdf_page"": ""10"", ""action_type"": ""other"", ""detected_actions"": """", ""route_status"": ""facility_candidate"", ""route_method"": ""exact_facility_name"", ""route_file"": ""C:\\Users\\sebas\\PycharmProjects\\Git\\Project_secret_project\\data\\raw\\osm\\GA\\power_substations_overpass.json"", ""review_note"": ""Relay panels facing Dresden"", ""anchor_evidence"": ""[{\""name\"": \""Wansley Substation\"", \""names\"": [\""Wansley Substation\""], \""state\"": \""GA\"", \""geometry\"": {\""type\"": \""Polygon\"", \""coordinates\"": [[[-85.0326833, 33.4108334], [-85.0322641, 33.4111855], [-85.0314259, 33.4118895], [-85.0311327, 33.4121358], [-85.0310077, 33.4120327], [-85.0308133, 33.412197], [-85.0309434, 33.4123043], [-85.0306275, 33.4125713], [-85.0288547, 33.41111], [-85.0309174, 33.4093399], [-85.0326833, 33.4108334]]]}, \""feature_id\"": \""way/159784571\"", \""kind\"": \""substation\"", \""voltage\"": \""500000\"", \""source\"": \""osm\"", \""source_url\"": \""https://www.openstreetmap.org/way/159784571\"", \""source_file\"": \""C:\\\\Users\\\\sebas\\\\PycharmProjects\\\\Git\\\\Project_secret_project\\\\data\\\\raw\\\\osm\\\\GA\\\\power_substations_overpass.json\"", \""review_required\"": false, \""coordinates\"": [-85.03076899999999, 33.4109556]}]"", ""distance_km"": """", ""source"": ""osm"", ""segment_feature_ids"": """", ""source_tags"": """", ""start_snap_km"": """", ""end_snap_km"": """", ""hops"": """", ""start_osm_node"": """", ""end_osm_node"": """", ""osm_way_ids"": """", ""way_names"": """", ""operators"": """", ""unknown_voltage_edge_count"": """", ""attribution"": """", ""license"": """", ""saved_evidence"": """"}]"
GA,211,2026,20151,CC - CASS PINE 230/25 NEW SUB - QCELLS - CC IMPROVEMENTS,12/31/2026,GPC,REDACTED,REDACTED,REDACTED,REDACTED,REDACTED,01_expansion_plan_projects.pdf,5,11,https://psc.ga.gov/search/facts-document/?documentId=221233,2026-12-31,Build a new 230/25kV 8 element ring bus networked substation named Cass Pine that will interconnect between new Great Valley and Hill View 230kV substations.,Steady state,05_steady_state_projects.pdf,56,115,,,,,,,GPC,GA:01_expansion_plan_projects.pdf:5:20151,other,,,,,,,,unresolved,unresolved,low,True,,,,standard_public_gis,,"[""cass pine"", ""qcells"", ""build"", ""great valley"", ""hill view""]",[],[]
GA,206,2026,19287,GRADY-WEST END 115KV REBUILD,12/31/2026,GPC,REDACTED,REDACTED,REDACTED,REDACTED,REDACTED,01_expansion_plan_projects.pdf,5,11,https://psc.ga.gov/search/facts-document/?documentId=221233,2026-12-31,Reconductor the Grady - West End 115kV line (2.6 miles) using 200C 1351 ACSS Martin.,Steady state,05_steady_state_projects.pdf,57,116,,,,,,,GPC,GA:01_expansion_plan_projects.pdf:5:19287,rebuild,rebuild,,,,,,,unresolved,unresolved,low,True,,,,standard_public_gis,,"[""grady"", ""west"", ""martin""]",[],[]
GA,208,2026,19363,MORROW - MOUNTAIN VIEW 115 KV REBUILD,12/31/2026,GPC,REDACTED,REDACTED,REDACTED,REDACTED,REDACTED,01_expansion_plan_projects.pdf,5,11,https://psc.ga.gov/search/facts-document/?documentId=221233,2026-12-31,Rebuild the Mountain View - Barnett Road section of the Morrow - Mountain View 115kV line with 200C 1351 ACSS Martin conductor.,Steady state,05_steady_state_projects.pdf,58,117,,,,,,,GPC,GA:01_expansion_plan_projects.pdf:5:19363,rebuild,rebuild,morrow,,-84.33346165,33.60593095,"{""type"": ""Point"", ""coordinates"": [-84.33346165, 33.60593095]}",Point,single_endpoint,facility_bounds_center,high,False,osm,https://www.openstreetmap.org/way/171479107,C:\Users\sebas\PycharmProjects\Git\Project_secret_project\data\raw\osm\GA\power_substations_overpass.json,standard_public_gis,,"[""morrow"", ""mountain view"", ""barnett road"", ""martin""]","[{""endpoint_name"": ""morrow"", ""feature_name"": ""Morrow Substation"", ""coordinates"": [-84.33346165, 33.60593095], ""feature_id"": ""way/171479107"", ""source"": ""osm"", ""source_url"": ""https://www.openstreetmap.org/way/171479107"", ""source_file"": ""C:\\Users\\sebas\\PycharmProjects\\Git\\Project_secret_project\\data\\raw\\osm\\GA\\power_substations_overpass.json"", ""point_method"": ""facility_bounds_center"", ""review_required"": false, ""in_title"": true}]",[]
GA,201,2027,20509,CC - EMBLEM RIVERSIDE CUSTOMER SUB (FLEXENTIAL),3/1/2027,GPC,REDACTED,REDACTED,REDACTED,REDACTED,REDACTED,01_expansion_plan_projects.pdf,5,11,https://psc.ga.gov/search/facts-document/?documentId=221233,2027-03-01,"A new customer substation, Emblem Riverside, is being built along the Buzzard Roost - Douglasville 230kV line. Moreover, a Fiber ICON ring is being built in the area to help with communications and protection for all customers in the area.",Steady state,05_steady_state_projects.pdf,59,118,,,,,,,GPC,GA:01_expansion_plan_projects.pdf:5:20509,other,,,,,,,,unresolved,unresolved,low,True,,,,standard_public_gis,,"[""emblem riverside"", ""flexential"", ""buzzard roost"", ""douglasville"", ""moreover"", ""fiber icon""]",[],[]
GA,208,2027,19601,MORROW - YATES COMMON 115KV LINE UPGRADE,5/1/2027,GPC,REDACTED,REDACTED,REDACTED,REDACTED,REDACTED,01_expansion_plan_projects.pdf,5,11,https://psc.ga.gov/search/facts-document/?documentId=221233,2027-05-01,"On the Fife - Fairburn SW - Owens Corning Tap sections of the Morrow - Yates Common 115kV line, rebuild approximately 5.8 miles of 50C 477 ACSR with 210C 1334 T13 ACCR Martin or 200C 1351.0 ACSS Martin.",Steady state,05_steady_state_projects.pdf,61,120,,,,,,,GPC,GA:01_expansion_plan_projects.pdf:5:19601,upgrade,upgrade,morrow,yates common,-84.618829725,33.53378605,"{""type"": ""Point"", ""coordinates"": [-84.618829725, 33.53378605]}",Point,multiple_facility_center,multiple_facility_center,medium,True,osm,https://www.openstreetmap.org/way/171479107;https://www.openstreetmap.org/way/652943491;https://www.openstreetmap.org/way/976171885,C:\Users\sebas\PycharmProjects\Git\Project_secret_project\data\raw\osm\GA\power_substations_overpass.json,standard_public_gis,,"[""morrow"", ""yates common"", ""fife"", ""fairburn"", ""owens corning"", ""t13 accr martin"", ""martin""]","[{""endpoint_name"": ""morrow"", ""feature_name"": ""Morrow Substation"", ""coordinates"": [-84.33346165, 33.60593095], ""feature_id"": ""way/171479107"", ""source"": ""osm"", ""source_url"": ""https://www.openstreetmap.org/way/171479107"", ""source_file"": ""C:\\Users\\sebas\\PycharmProjects\\Git\\Project_secret_project\\data\\raw\\osm\\GA\\power_substations_overpass.json"", ""point_method"": ""facility_bounds_center"", ""review_required"": false, ""in_title"": true}, {""endpoint_name"": ""yates common"", ""feature_name"": ""Yates Common Substation"", ""coordinates"": [-84.90419779999999, 33.46164115], ""feature_id"": ""way/652943491"", ""source"": ""osm"", ""source_url"": ""https://www.openstreetmap.org/way/652943491"", ""source_file"": ""C:\\Users\\sebas\\PycharmProjects\\Git\\Project_secret_project\\data\\raw\\osm\\GA\\power_substations_overpass.json"", ""point_method"": ""facility_bounds_center"", ""review_required"": false, ""in_title"": true}, {""endpoint_name"": ""owens corning"", ""feature_name"": ""Owens Corning Substation"", ""coordinates"": [-84.614965, 33.5405325], ""feature_id"": ""way/976171885"", ""source"": ""osm"", ""source_url"": ""https://www.openstreetmap.org/way/976171885"", ""source_file"": ""C:\\Users\\sebas\\PycharmProjects\\Git\\Project_secret_project\\data\\raw\\osm\\GA\\power_substations_overpass.json"", ""point_method"": ""facility_bounds_center"", ""review_required"": false, ""in_title"": false}]",[]
GA,211,2027,15879,POSSUM BRANCH - YATES COMMON 115KV REBUILD (YATES TO CLEM),5/1/2027,GPC,REDACTED,REDACTED,REDACTED,REDACTED,REDACTED,01_expansion_plan_projects.pdf,5,11,https://psc.ga.gov/search/facts-document/?documentId=221233,2027-05-01,Rebuild 11.2 miles of 100C 477 ACSR with 200C 1334 T13 ACCR Martin or 200C 1351.0 ACSS between Yates Common to Oak Mountain. Replace limiting elements along the line.,Steady state,05_steady_state_projects.pdf,62,121,,,,,,,GPC,GA:01_expansion_plan_projects.pdf:5:15879,rebuild,rebuild,yates common,yates,-84.94552904999999,33.486789900000005,"{""type"": ""Point"", ""coordinates"": [-84.94552904999999, 33.486789900000005]}",Point,multiple_facility_center,multiple_facility_center,medium,True,osm,https://www.openstreetmap.org/way/652943491;https://www.openstreetmap.org/way/171166735;https://www.openstreetmap.org/way/652954544,C:\Users\sebas\PycharmProjects\Git\Project_secret_project\data\raw\osm\GA\power_substations_overpass.json,standard_public_gis,,"[""possum branch"", ""yates common"", ""yates"", ""clem"", ""t13 accr martin"", ""oak mountain""]","[{""endpoint_name"": ""yates common"", ""feature_name"": ""Yates Common Substation"", ""coordinates"": [-84.90419779999999, 33.46164115], ""feature_id"": ""way/652943491"", ""source"": ""osm"", ""source_url"": ""https://www.openstreetmap.org/way/652943491"", ""source_file"": ""C:\\Users\\sebas\\PycharmProjects\\Git\\Project_secret_project\\data\\raw\\osm\\GA\\power_substations_overpass.json"", ""point_method"": ""facility_bounds_center"", ""review_required"": false, ""in_title"": true}, {""endpoint_name"": ""yates"", ""feature_name"": ""Yates Switchyard"", ""coordinates"": [-84.89652749999999, 33.46118605], ""feature_id"": ""way/171166735"", ""source"": ""osm"", ""source_url"": ""https://www.openstreetmap.org/way/171166735"", ""source_file"": ""C:\\Users\\sebas\\PycharmProjects\\Git\\Project_secret_project\\data\\raw\\osm\\GA\\power_substations_overpass.json"", ""point_method"": ""facility_bounds_center"", ""review_required"": false, ""in_title"": true}, {""endpoint_name"": ""clem"", ""feature_name"": ""Clem Substation"", ""coordinates"": [-84.99453059999999, 33.51239375], ""feature_id"": ""way/652954544"", ""source"": ""osm"", ""source_url"": ""https://www.openstreetmap.org/way/652954544"", ""source_file"": ""C:\\Users\\sebas\\PycharmProjects\\Git\\Project_secret_project\\data\\raw\\osm\\GA\\power_substations_overpass.json"", ""point_method"": ""facility_bounds_center"", ""review_required"": false, ""in_title"": true}]",[]
GA,208,2027,20771,CC - GULLATT ROAD TRANSMISSION IMPROVEMENTS,6/1/2027,GPC,REDACTED,REDACTED,REDACTED,REDACTED,REDACTED,01_expansion_plan_projects.pdf,6,12,https://psc.ga.gov/search/facts-document/?documentId=221233,2027-06-01,Upstream Transmission improvements to serve a new customer station being built along the Morrow - Yates Common 115kV and Line Creek - Fairburn #2 115kV lines. Rebuild the Morrow - Yates Common 115kV line from Line Creek to the new Gullatt Road customer station. Rebuild the Line Creek - Fairburn #2 115kV line from Line Creek to the new Gullatt Road customer station. Remove the Owens Corning Tap Connection on the Morrow - Yates Common 115kV line and rebuild the line from North Coweta to Str 1. Build new line section from Str 1 to the new Gullatt Road customer station,Steady state,05_steady_state_projects.pdf,63,122,,,,,,,GPC,GA:01_expansion_plan_projects.pdf:6:20771,other,,morrow,yates common,-84.618829725,33.53378605,"{""type"": ""Point"", ""coordinates"": [-84.618829725, 33.53378605]}",Point,multiple_facility_center,multiple_facility_center,medium,True,osm,https://www.openstreetmap.org/way/171479107;https://www.openstreetmap.org/way/652943491;https://www.openstreetmap.org/way/976171885,C:\Users\sebas\PycharmProjects\Git\Project_secret_project\data\raw\osm\GA\power_substations_overpass.json,requires_primary_source,numbered structures,"[""gullatt road"", ""upstream"", ""morrow"", ""yates common"", ""creek"", ""fairburn"", ""remove"", ""owens corning"", ""connection"", ""north coweta"", ""build""]","[{""endpoint_name"": ""morrow"", ""feature_name"": ""Morrow Substation"", ""coordinates"": [-84.33346165, 33.60593095], ""feature_id"": ""way/171479107"", ""source"": ""osm"", ""source_url"": ""https://www.openstreetmap.org/way/171479107"", ""source_file"": ""C:\\Users\\sebas\\PycharmProjects\\Git\\Project_secret_project\\data\\raw\\osm\\GA\\power_substations_overpass.json"", ""point_method"": ""facility_bounds_center"", ""review_required"": false, ""in_title"": false}, {""endpoint_name"": ""yates common"", ""feature_name"": ""Yates Common Substation"", ""coordinates"": [-84.90419779999999, 33.46164115], ""feature_id"": ""way/652943491"", ""source"": ""osm"", ""source_url"": ""https://www.openstreetmap.org/way/652943491"", ""source_file"": ""C:\\Users\\sebas\\PycharmProjects\\Git\\Project_secret_project\\data\\raw\\osm\\GA\\power_substations_overpass.json"", ""point_method"": ""facility_bounds_center"", ""review_required"": false, ""in_title"": false}, {""endpoint_name"": ""owens corning"", ""feature_name"": ""Owens Corning Substation"", ""coordinates"": [-84.614965, 33.5405325], ""feature_id"": ""way/976171885"", ""source"": ""osm"", ""source_url"": ""https://www.openstreetmap.org/way/976171885"", ""source_file"": ""C:\\Users\\sebas\\PycharmProjects\\Git\\Project_secret_project\\data\\raw\\osm\\GA\\power_substations_overpass.json"", ""point_method"": ""facility_bounds_center"", ""review_required"": false, ""in_title"": false}]",[]
GA,208,2027,18736,CC - MICROSOFT - SHUGART (CCO06),6/1/2027,GPC,REDACTED,REDACTED,REDACTED,REDACTED,REDACTED,01_expansion_plan_projects.pdf,6,12,https://psc.ga.gov/search/facts-document/?documentId=221233,2027-06-01,"GPC will rebuild the Line Creek 230kV substation as breaker and a half configuration and connect the Morrow - Yates 230kV line and the Union City - Yates 230kV White line into Line Creek. For the Union City - Yates 230kV Black line, terminate the line from the Yates side into Shugart Farms, and the line from the Union City side into Line Creek. Build two short lines from Line Creek to Shugart Farms (0.3 miles each) with 100C 1351 ACSR Martin conductor.",Steady state,05_steady_state_projects.pdf,64,123,,,,,,,GPC,GA:01_expansion_plan_projects.pdf:6:18736,other,,yates,morrow,-84.614994575,33.5335585,"{""type"": ""Point"", ""coordinates"": [-84.614994575, 33.5335585]}",Point,endpoint_midpoint,endpoint_midpoint,medium,False,osm,https://www.openstreetmap.org/way/171166735;https://www.openstreetmap.org/way/171479107,C:\Users\sebas\PycharmProjects\Git\Project_secret_project\data\raw\osm\GA\power_substations_overpass.json,standard_public_gis,,"[""microsoft"", ""shugart"", ""cco06"", ""creek"", ""morrow"", ""yates"", ""union city"", ""white"", ""black"", ""shugart farms"", ""build"", ""martin""]","[{""endpoint_name"": ""yates"", ""feature_name"": ""Yates Switchyard"", ""coordinates"": [-84.89652749999999, 33.46118605], ""feature_id"": ""way/171166735"", ""source"": ""osm"", ""source_url"": ""https://www.openstreetmap.org/way/171166735"", ""source_file"": ""C:\\Users\\sebas\\PycharmProjects\\Git\\Project_secret_project\\data\\raw\\osm\\GA\\power_substations_overpass.json"", ""point_method"": ""facility_bounds_center"", ""review_required"": false, ""in_title"": false}, {""endpoint_name"": ""morrow"", ""feature_name"": ""Morrow Substation"", ""coordinates"": [-84.33346165, 33.60593095], ""feature_id"": ""way/171479107"", ""source"": ""osm"", ""source_url"": ""https://www.openstreetmap.org/way/171479107"", ""source_file"": ""C:\\Users\\sebas\\PycharmProjects\\Git\\Project_secret_project\\data\\raw\\osm\\GA\\power_substations_overpass.json"", ""point_method"": ""facility_bounds_center"", ""review_required"": false, ""in_title"": false}]",[]
GA,201,2027,20781,CC - SUMMER LAKE - VILLA RICA 230KV REBUILD (CC IMPROVMNT),6/1/2027,GPC,REDACTED,REDACTED,REDACTED,REDACTED,REDACTED,01_expansion_plan_projects.pdf,6,12,https://psc.ga.gov/search/facts-document/?documentId=221233,2027-06-01,Rebuild the 2.5 mile section from Villa Rica to the new East Villa Rica Switching station on the Summer Lake - Villa Rica 230kV line with bundled 200C 1351 ACSS Martin.,Steady state,05_steady_state_projects.pdf,65,124,,,,,,,GPC,GA:01_expansion_plan_projects.pdf:6:20781,rebuild,rebuild,villa rica,,-84.8548379,33.740971,"{""type"": ""Point"", ""coordinates"": [-84.8548379, 33.740971]}",Point,single_endpoint,facility_bounds_center,high,False,osm,https://www.openstreetmap.org/way/159758304,C:\Users\sebas\PycharmProjects\Git\Project_secret_project\data\raw\osm\GA\power_substations_overpass.json,standard_public_gis,,"[""summer lake"", ""villa rica"", ""improvmnt"", ""east villa rica"", ""martin""]","[{""endpoint_name"": ""villa rica"", ""feature_name"": ""Villa Rica Substation"", ""coordinates"": [-84.8548379, 33.740971], ""feature_id"": ""way/159758304"", ""source"": ""osm"", ""source_url"": ""https://www.openstreetmap.org/way/159758304"", ""source_file"": ""C:\\Users\\sebas\\PycharmProjects\\Git\\Project_secret_project\\data\\raw\\osm\\GA\\power_substations_overpass.json"", ""point_method"": ""facility_bounds_center"", ""review_required"": false, ""in_title"": true}]",[]
GA,208,2027,20736,CC - TA REALTY ELLENWOOD NETWORK IMPROVEMENTS,6/1/2027,GPC,REDACTED,REDACTED,REDACTED,REDACTED,REDACTED,01_expansion_plan_projects.pdf,6,12,https://psc.ga.gov/search/facts-document/?documentId=221233,2027-06-01,"Rebuild the ~14.9mi Austin Drive - Morrow 115kV with 200C 1351.5 ACSS Martin. At Austin Drive 115kV, replace the 115/230kV auto transformer along with upgrades other limiting elements at the station.",Steady state,05_steady_state_projects.pdf,66,125,,,,,,,GPC,GA:01_expansion_plan_projects.pdf:6:20736,other,,morrow,,-84.33346165,33.60593095,"{""type"": ""Point"", ""coordinates"": [-84.33346165, 33.60593095]}",Point,single_endpoint,facility_bounds_center,medium,False,osm,https://www.openstreetmap.org/way/171479107,C:\Users\sebas\PycharmProjects\Git\Project_secret_project\data\raw\osm\GA\power_substations_overpass.json,standard_public_gis,,"[""ta realty ellenwood network"", ""austin drive"", ""morrow"", ""martin""]","[{""endpoint_name"": ""morrow"", ""feature_name"": ""Morrow Substation"", ""coordinates"": [-84.33346165, 33.60593095], ""feature_id"": ""way/171479107"", ""source"": ""osm"", ""source_url"": ""https://www.openstreetmap.org/way/171479107"", ""source_file"": ""C:\\Users\\sebas\\PycharmProjects\\Git\\Project_secret_project\\data\\raw\\osm\\GA\\power_substations_overpass.json"", ""point_method"": ""facility_bounds_center"", ""review_required"": false, ""in_title"": false}]",[]
GA,212,2027,20234,DOYLE - LG&E MONROE 230KV - JACKS CREEK LOOP IN,6/1/2027,GPC,REDACTED,REDACTED,REDACTED,REDACTED,REDACTED,01_expansion_plan_projects.pdf,6,12,https://psc.ga.gov/search/facts-document/?documentId=221233,2027-06-01,Loop in and out the new Jack's Creek 230kV switching station into the Doyle - LG&E Monroe 230kV line. This is coordinated with the East Walton Project (TEAMS #09662).,Steady state,05_steady_state_projects.pdf,67,126,,,,,,,GPC,GA:01_expansion_plan_projects.pdf:6:20234,other,,doyle,,-83.69878605,33.8379245,"{""type"": ""Point"", ""coordinates"": [-83.69878605, 33.8379245]}",Point,single_endpoint,facility_bounds_center,high,False,osm,https://www.openstreetmap.org/way/176906118,C:\Users\sebas\PycharmProjects\Git\Project_secret_project\data\raw\osm\GA\power_substations_overpass.json,standard_public_gis,,"[""doyle"", ""lg"", ""e monroe"", ""jacks creek"", ""jack s creek"", ""east walton"", ""teams""]","[{""endpoint_name"": ""doyle"", ""feature_name"": ""Doyle Substation"", ""coordinates"": [-83.69878605, 33.8379245], ""feature_id"": ""way/176906118"", ""source"": ""osm"", ""source_url"": ""https://www.openstreetmap.org/way/176906118"", ""source_file"": ""C:\\Users\\sebas\\PycharmProjects\\Git\\Project_secret_project\\data\\raw\\osm\\GA\\power_substations_overpass.json"", ""point_method"": ""facility_bounds_center"", ""review_required"": false, ""in_title"": true}]",[]
GA,218,2027,18668,JESUP - OFFERMAN 115KV REBUILD,6/1/2027,GPC,REDACTED,REDACTED,REDACTED,REDACTED,REDACTED,01_expansion_plan_projects.pdf,6,12,https://psc.ga.gov/search/facts-document/?documentId=221233,2027-06-01,"Rebuild 20 miles of 100C 4/0 ACSR Penguin conductor along the Jesup - Offerman 115kV line, with 100C 795 ACSR Drake conductor.",Steady state,05_steady_state_projects.pdf,79,138,,,,,,,GPC,GA:01_expansion_plan_projects.pdf:6:18668,rebuild,rebuild,jesup,offerman,-82.03430475,31.5130894,"{""type"": ""Point"", ""coordinates"": [-82.03430475, 31.5130894]}",Point,endpoint_midpoint,endpoint_midpoint,medium,False,osm,https://www.openstreetmap.org/way/103029795;https://www.openstreetmap.org/way/52069715,C:\Users\sebas\PycharmProjects\Git\Project_secret_project\data\raw\osm\GA\power_substations_overpass.json,standard_public_gis,,"[""jesup"", ""offerman"", ""penguin"", ""drake""]","[{""endpoint_name"": ""jesup"", ""feature_name"": ""Jesup Substation"", ""coordinates"": [-81.92494740000001, 31.6031063], ""feature_id"": ""way/103029795"", ""source"": ""osm"", ""source_url"": ""https://www.openstreetmap.org/way/103029795"", ""source_file"": ""C:\\Users\\sebas\\PycharmProjects\\Git\\Project_secret_project\\data\\raw\\osm\\GA\\power_substations_overpass.json"", ""point_method"": ""facility_bounds_center"", ""review_required"": false, ""in_title"": true}, {""endpoint_name"": ""offerman"", ""feature_name"": ""Offerman Substation"", ""coordinates"": [-82.1436621, 31.4230725], ""feature_id"": ""way/52069715"", ""source"": ""osm"", ""source_url"": ""https://www.openstreetmap.org/way/52069715"", ""source_file"": ""C:\\Users\\sebas\\PycharmProjects\\Git\\Project_secret_project\\data\\raw\\osm\\GA\\power_substations_overpass.json"", ""point_method"": ""facility_bounds_center"", ""review_required"": false, ""in_title"": true}]",[]
GA,202,2027,10143,LAWRENCEVILLE - WINDER 115KV LINE REBUILD,6/1/2027,GPC,REDACTED,REDACTED,REDACTED,REDACTED,REDACTED,01_expansion_plan_projects.pdf,7,13,https://psc.ga.gov/search/facts-document/?documentId=221233,2027-06-01,Rebuild approximately 1.2 miles of 100C 636 ACSR conductor from Johns Manville to Winder Primary with 200C 795 ACSS conductor.,Steady state,05_steady_state_projects.pdf,80,139,,,,,,,GPC,GA:01_expansion_plan_projects.pdf:7:10143,rebuild,rebuild,lawrenceville,,-84.0007988,33.985981,"{""type"": ""Point"", ""coordinates"": [-84.0007988, 33.985981]}",Point,single_endpoint,facility_bounds_center,medium,True,osm,https://www.openstreetmap.org/way/516459394,C:\Users\sebas\PycharmProjects\Git\Project_secret_project\data\raw\osm\GA\power_substations_overpass.json,standard_public_gis,; ambiguous facility names: winder,"[""lawrenceville"", ""winder"", ""johns manville""]","[{""endpoint_name"": ""lawrenceville"", ""feature_name"": ""Lawrenceville Primary Substation"", ""coordinates"": [-84.0007988, 33.985981], ""feature_id"": ""way/516459394"", ""source"": ""osm"", ""source_url"": ""https://www.openstreetmap.org/way/516459394"", ""source_file"": ""C:\\Users\\sebas\\PycharmProjects\\Git\\Project_secret_project\\data\\raw\\osm\\GA\\power_substations_overpass.json"", ""point_method"": ""facility_bounds_center"", ""review_required"": false, ""in_title"": true}]",[]
GA,202,2027,10481,LAWRENCEVILLE - WINDER PRIMARY 230KV LINE REBUILD,6/1/2027,GPC,REDACTED,REDACTED,REDACTED,REDACTED,REDACTED,01_expansion_plan_projects.pdf,7,13,https://psc.ga.gov/search/facts-document/?documentId=221233,2027-06-01,"Rebuild the entire Lawrenceville - Winder Primary 230kV line, approximately 15.4 miles, using 200C 1351 ACSS ""Martin"" conductor.",Steady state,05_steady_state_projects.pdf,81,140,,,,,,,GPC,GA:01_expansion_plan_projects.pdf:7:10481,rebuild,rebuild,lawrenceville,,-84.0007988,33.985981,"{""type"": ""Point"", ""coordinates"": [-84.0007988, 33.985981]}",Point,single_endpoint,facility_bounds_center,medium,True,osm,https://www.openstreetmap.org/way/516459394,C:\Users\sebas\PycharmProjects\Git\Project_secret_project\data\raw\osm\GA\power_substations_overpass.json,standard_public_gis,; ambiguous facility names: winder,"[""lawrenceville"", ""winder"", ""martin""]","[{""endpoint_name"": ""lawrenceville"", ""feature_name"": ""Lawrenceville Primary Substation"", ""coordinates"": [-84.0007988, 33.985981], ""feature_id"": ""way/516459394"", ""source"": ""osm"", ""source_url"": ""https://www.openstreetmap.org/way/516459394"", ""source_file"": ""C:\\Users\\sebas\\PycharmProjects\\Git\\Project_secret_project\\data\\raw\\osm\\GA\\power_substations_overpass.json"", ""point_method"": ""facility_bounds_center"", ""review_required"": false, ""in_title"": true}]",[]
GA,214,2027,19248,SANDERSVILLE #1 - WADLEY PRI. 115KV REBUILD/RECONDUCTOR,6/1/2027,GPC,REDACTED,REDACTED,REDACTED,REDACTED,REDACTED,01_expansion_plan_projects.pdf,7,13,https://psc.ga.gov/search/facts-document/?documentId=221233,2027-06-01,Rebuild approximately 24.3 miles of the Sandersville #1 - Wadley Primary 115kV line from 100C 336 ACSR Linnet conductor to 100C 1351 ACSR Drake conductor. Replace limiting elements in substations along the line.,Steady state,05_steady_state_projects.pdf,83,142,,,,,,,GPC,GA:01_expansion_plan_projects.pdf:7:19248,rebuild,rebuild,Sandersville #1,Wadley Primary,-82.608497,32.9403281,"{""type"": ""LineString"", ""coordinates"": [[-82.8021107, 32.9985513], [-82.8010659, 32.998498], [-82.7989929, 32.9983688], [-82.7964043, 32.9982219], [-82.7940485, 32.9980888], [-82.7919745, 32.997975], [-82.7896694, 32.9978421], [-82.7871715, 32.9977016], [-82.7858995, 32.9976265], [-82.7834939, 32.99749], [-82.7822024, 32.9974773], [-82.7798224, 32.9974639], [-82.7771315, 32.9974329], [-82.7745569, 32.9974156], [-82.7720446, 32.9973996], [-82.7686059, 32.9962652], [-82.7666542, 32.9956277], [-82.7649235, 32.9950652], [-82.7626802, 32.9942554], [-82.7601996, 32.9933477], [-82.7579258, 32.9925076], [-82.7553525, 32.9915756], [-82.7528095, 32.9906449], [-82.7507273, 32.9898773], [-82.7485655, 32.9890875], [-82.7459456, 32.9881282], [-82.7436601, 32.9872871], [-82.7412491, 32.986389], [-82.7387683, 32.9854884], [-82.7364976, 32.9844212], [-82.7337615, 32.9831496], [-82.7312614, 32.9819934], [-82.7288705, 32.9808861], [-82.7270587, 32.9800461], [-82.7245666, 32.9788982], [-82.722579, 32.9779747], [-82.7204309, 32.9769839], [-82.7184395, 32.9760701], [-82.7161626, 32.9750252], [-82.71416, 32.9741062], [-82.7118549, 32.9730364], [-82.7098116, 32.9720909], [-82.7077976, 32.9711589], [-82.7055209, 32.9701053], [-82.7035356, 32.9691866], [-82.7018926, 32.9684357], [-82.700052, 32.9675854], [-82.6981885, 32.9667244], [-82.6956052, 32.9655309], [-82.6936188, 32.9646132], [-82.6919024, 32.9638202], [-82.6904324, 32.9631411], [-82.6884961, 32.9622464], [-82.6865875, 32.9613647], [-82.6846083, 32.9604502], [-82.6825517, 32.9595057], [-82.6808463, 32.9587256], [-82.6786384, 32.9577156], [-82.6765894, 32.956739], [-82.6750975, 32.9560587], [-82.6736651, 32.9553964], [-82.6712326, 32.9542716], [-82.6689893, 32.9532351], [-82.6666812, 32.9521647], [-82.6651163, 32.9514321], [-82.6634973, 32.951135], [-82.6609838, 32.9506406], [-82.6586027, 32.9501825], [-82.6562918, 32.9497402], [-82.6541729, 32.9493184], [-82.6516269, 32.9488307], [-82.6492701, 32.9483749], [-82.6477287, 32.9480705], [-82.647159, 32.9479642], [-82.6466974, 32.9478682], [-82.6441855, 32.9473805], [-82.6419717, 32.946957], [-82.6391681, 32.9464207], [-82.6368879, 32.9459738], [-82.6337177, 32.9453553], [-82.631974, 32.9450094], [-82.630028, 32.9446342], [-82.6282293, 32.9441729], [-82.6259834, 32.9435922], [-82.6243372, 32.9431687], [-82.6221413, 32.9426132], [-82.6196731, 32.9419779], [-82.6175622, 32.9414307], [-82.6153038, 32.9408584], [-82.6128157, 32.9402085], [-82.6100802, 32.9395124], [-82.6080741, 32.9389945], [-82.6058808, 32.9384306], [-82.6039529, 32.9379381], [-82.6024633, 32.9375479], [-82.5997153, 32.9368309], [-82.5977862, 32.9365049], [-82.5952411, 32.9360467], [-82.5932497, 32.9356898], [-82.5910988, 32.9352977], [-82.5892117, 32.9349674], [-82.5875441, 32.9346679], [-82.5844084, 32.9341001], [-82.5810209, 32.9335004], [-82.5778032, 32.9329238], [-82.5755774, 32.9325234], [-82.5736813, 32.93219], [-82.5715953, 32.9318126], [-82.5693245, 32.9312863], [-82.5676832, 32.9309068], [-82.5658006, 32.9304585], [-82.5636594, 32.9299578], [-82.5617343, 32.9295042], [-82.5601729, 32.9291435], [-82.557967, 32.9286235], [-82.5554789, 32.9280469], [-82.5532705, 32.9275268], [-82.5509172, 32.9269754], [-82.5490411, 32.9265434], [-82.5468278, 32.9260213], [-82.5453863, 32.9256858], [-82.5429106, 32.9251029], [-82.5407273, 32.9245996], [-82.5382841, 32.9240292], [-82.5361906, 32.9235323], [-82.5345068, 32.9231443], [-82.5326782, 32.9227019], [-82.5306472, 32.9222196], [-82.528129, 32.9216303], [-82.5263753, 32.9212445], [-82.5242594, 32.920781], [-82.5222983, 32.9203406], [-82.5197477, 32.9197849], [-82.5162903, 32.9190237], [-82.513942, 32.9185036], [-82.5120066, 32.918071], [-82.5097828, 32.9175797], [-82.5072573, 32.9170235], [-82.5049004, 32.9165048], [-82.50244, 32.9159737], [-82.5005557, 32.9155498], [-82.499246, 32.9152624], [-82.4966696, 32.9146886], [-82.4943782, 32.9141907], [-82.4921757, 32.9136994], [-82.4899497, 32.9132168], [-82.4875564, 32.9126882], [-82.4855524, 32.9122462], [-82.4835276, 32.911801], [-82.480988, 32.9112329], [-82.4786287, 32.9107087], [-82.476583, 32.9102744], [-82.4748314, 32.90931], [-82.4726259, 32.9081326], [-82.4709861, 32.9072374], [-82.4689475, 32.906128], [-82.4672072, 32.9051958], [-82.4647907, 32.9039053], [-82.4632591, 32.9030537], [-82.4610606, 32.9018718], [-82.4594108, 32.9009659], [-82.4575726, 32.8999732], [-82.4561852, 32.899224], [-82.4541548, 32.8981257], [-82.4524902, 32.8972353], [-82.4502067, 32.8959912], [-82.4484443, 32.895031], [-82.4467335, 32.8941173], [-82.4446163, 32.8929445], [-82.4425619, 32.891854], [-82.4405667, 32.8907789], [-82.438649, 32.8897488], [-82.4357163, 32.8881473], [-82.4335243, 32.8869647], [-82.4315883, 32.8859182], [-82.4295321, 32.8848102], [-82.4283067, 32.884141], [-82.4262324, 32.8830001], [-82.4243092, 32.8821049], [-82.4222659, 32.8822352], [-82.419746, 32.882378], [-82.4178523, 32.8824897], [-82.4160786, 32.8825898], [-82.4148833, 32.8830335]]}",LineString,traced_route_candidate,asset_bounds_center,medium,True,osm_voltage_graph,https://psc.ga.gov/search/facts-document/?documentId=221233,C:\Users\sebas\PycharmProjects\Git\Project_secret_project\data\raw\osm\GA\power_lines_statewide_overpass.json,standard_public_gis,"Description asset candidates; review unresolved rows, circuit identity and exact work limits.","[""sandersville"", ""wadley pri"", ""wadley"", ""linnet"", ""drake""]","[{""endpoint_name"": ""sandersville 1"", ""feature_name"": ""Sandersville Substation #1"", ""coordinates"": [-82.801938, 32.99847705], ""feature_id"": ""way/170295993"", ""source"": ""osm"", ""source_url"": ""https://www.openstreetmap.org/way/170295993"", ""source_file"": ""C:\\Users\\sebas\\PycharmProjects\\Git\\Project_secret_project\\data\\raw\\osm\\GA\\power_substations_overpass.json"", ""point_method"": ""facility_bounds_center"", ""review_required"": false, ""in_title"": false}, {""endpoint_name"": ""wadley"", ""feature_name"": ""Wadley Substation"", ""coordinates"": [-82.41587240000001, 32.8846571], ""feature_id"": ""way/1005940922"", ""source"": ""osm"", ""source_url"": ""https://www.openstreetmap.org/way/1005940922"", ""source_file"": ""C:\\Users\\sebas\\PycharmProjects\\Git\\Project_secret_project\\data\\raw\\osm\\GA\\power_substations_overpass.json"", ""point_method"": ""facility_bounds_center"", ""review_required"": false, ""in_title"": false}]","[{""project_key"": ""GA:01_expansion_plan_projects.pdf:7:19248"", ""utility"": ""GPC"", ""state"": ""GA"", ""project_id"": ""19248"", ""project_name"": ""SANDERSVILLE #1 - WADLEY PRI. 115KV REBUILD/RECONDUCTOR"", ""description"": ""Rebuild approximately 24.3 miles of the Sandersville #1 - Wadley Primary 115kV line from 100C 336 ACSR Linnet conductor to 100C 1351 ACSR Drake conductor. Replace limiting elements in substations along the line."", ""asset_type"": ""line"", ""asset_name"": ""Sandersville #1 - Wadley Primary"", ""endpoint_a"": ""Sandersville #1"", ""endpoint_b"": ""Wadley Primary"", ""voltage_kv"": 115.0, ""circuit"": """", ""asset_stage"": ""existing"", ""scope_role"": ""work"", ""scope_notes"": ""24.3 miles"", ""scope_source"": ""description_checked"", ""resolution_requirement"": ""standard_public_gis"", ""asset_key"": ""GA:01_expansion_plan_projects.pdf:7:19248:1"", ""expected_length_miles"": ""24.3"", ""source_file"": ""01_expansion_plan_projects.pdf"", ""source_page"": """", ""source_pdf_page"": ""7"", ""source_url"": ""https://psc.ga.gov/search/facts-document/?documentId=221233"", ""description_source_file"": ""05_steady_state_projects.pdf"", ""description_pdf_page"": ""83"", ""action_type"": ""rebuild"", ""detected_actions"": ""rebuild"", ""route_status"": ""review_required"", ""route_method"": ""osm_voltage_graph"", ""route_file"": ""C:\\Users\\sebas\\PycharmProjects\\Git\\Project_secret_project\\data\\raw\\osm\\GA\\power_lines_statewide_overpass.json"", ""review_note"": ""24.3 miles; OSM path candidate; circuit and exact work extent unverified."", ""anchor_evidence"": ""[{\""name\"": \""Sandersville Substation #1\"", \""names\"": [\""Sandersville Substation #1\""], \""state\"": \""GA\"", \""geometry\"": {\""type\"": \""Polygon\"", \""coordinates\"": [[[-82.8022996, 32.9977865], [-82.8024163, 32.9979093], [-82.8025244, 32.998165], [-82.8026916, 32.9981709], [-82.8026394, 32.9986064], [-82.8024494, 32.9985961], [-82.8024268, 32.9988767], [-82.8020713, 32.9991997], [-82.8011844, 32.9991544], [-82.801228, 32.9984778], [-82.8017054, 32.9977544], [-82.8022996, 32.9977865]]]}, \""feature_id\"": \""way/170295993\"", \""kind\"": \""substation\"", \""voltage\"": \""230000;115000;46000;12000\"", \""source\"": \""osm\"", \""source_url\"": \""https://www.openstreetmap.org/way/170295993\"", \""source_file\"": \""C:\\\\Users\\\\sebas\\\\PycharmProjects\\\\Git\\\\Project_secret_project\\\\data\\\\raw\\\\osm\\\\GA\\\\power_substations_overpass.json\"", \""review_required\"": false, \""coordinates\"": [-82.801938, 32.99847705]}, {\""name\"": \""Wadley Substation\"", \""names\"": [\""Wadley Substation\""], \""state\"": \""GA\"", \""geometry\"": {\""type\"": \""Polygon\"", \""coordinates\"": [[[-82.4184826, 32.8861519], [-82.416805, 32.8866975], [-82.4165221, 32.8860913], [-82.414423, 32.8844595], [-82.4142093, 32.8845201], [-82.4141342, 32.8843334], [-82.4138253, 32.8841419], [-82.4132622, 32.8829441], [-82.4141602, 32.8826167], [-82.4142439, 32.8828131], [-82.4146337, 32.8831041], [-82.4150033, 32.8839043], [-82.4153411, 32.8841152], [-82.4161207, 32.8838267], [-82.4175326, 32.8837127], [-82.418035, 32.8844595], [-82.4177376, 32.8845614], [-82.4184826, 32.8861519]]]}, \""feature_id\"": \""way/1005940922\"", \""kind\"": \""substation\"", \""voltage\"": \""500000\"", \""source\"": \""osm\"", \""source_url\"": \""https://www.openstreetmap.org/way/1005940922\"", \""source_file\"": \""C:\\\\Users\\\\sebas\\\\PycharmProjects\\\\Git\\\\Project_secret_project\\\\data\\\\raw\\\\osm\\\\GA\\\\power_substations_overpass.json\"", \""review_required\"": false, \""coordinates\"": [-82.41587240000001, 32.8846571]}]"", ""distance_km"": 38.90901211792187, ""source"": ""OpenStreetMap"", ""segment_feature_ids"": """", ""source_tags"": """", ""start_snap_km"": 0.01809849234695432, ""end_snap_km"": 0.20279024651715682, ""hops"": 183.0, ""start_osm_node"": 73539092.0, ""end_osm_node"": 1818420974.0, ""osm_way_ids"": [170296010, 170683973, 170683970], ""way_names"": [""Wadley - Sandersville 115kV""], ""operators"": [NaN], ""unknown_voltage_edge_count"": 0.0, ""attribution"": ""\u00a9 OpenStreetMap contributors"", ""license"": ""ODbL"", ""saved_evidence"": """"}]"
GA,208,2027,20717,CC - TOMOCHICHI 500/230KV SOLUTION (CC NETWORK IMPROVEMENTS),7/15/2027,GPC,REDACTED,REDACTED,REDACTED,REDACTED,REDACTED,01_expansion_plan_projects.pdf,7,13,https://psc.ga.gov/search/facts-document/?documentId=221233,2027-07-15,"Build the new Tomochichi 500/230kV switching station (four element ring bus 500kV high side, four element breaker and a half 230kV low side) splitting the Ohara - Schere 500kV line. Build two new 230kV lines from the new Tomochichi substation to the new Towaliga River 230kV substation.",Steady state,05_steady_state_projects.pdf,86,145,,,,,,,GPC,GA:01_expansion_plan_projects.pdf:7:20717,other,,,,,,,,unresolved,unresolved,low,True,,,,standard_public_gis,,"[""tomochichi"", ""solution"", ""network"", ""build"", ""ohara"", ""schere"", ""towaliga river""]",[],[]
GA,214,2027,18573,GRID - ARKWRIGHT - LLOYD SHOALS 115KV,7/30/2027,GPC,REDACTED,REDACTED,REDACTED,REDACTED,REDACTED,01_expansion_plan_projects.pdf,7,13,https://psc.ga.gov/search/facts-document/?documentId=221233,2027-07-30,Rebuild the Arkwright - Lloyd Shoals 115kV line with 100C 795 ACSR Drake.,Steady state,05_steady_state_projects.pdf,87,146,,,,,,,GPC,GA:01_expansion_plan_projects.pdf:7:18573,other,,,,,,,,unresolved,unresolved,low,True,,,,standard_public_gis,,"[""arkwright"", ""lloyd shoals"", ""drake""]",[],[]
GA,212,2027,17977,ATHENA - EAST WATKINSVILLE 115 KV (REBUILD),12/31/2027,GPC,REDACTED,REDACTED,REDACTED,REDACTED,REDACTED,01_expansion_plan_projects.pdf,7,13,https://psc.ga.gov/search/facts-document/?documentId=221233,2027-12-31,Rebuild 8.47 miles of the University of Georgia - East Watkinsville line sections on the Athena - East Watkinsville 115kV line with 100C ACSR 1033 conductor.,Steady state,05_steady_state_projects.pdf,89,148,,,,,,,GPC,GA:01_expansion_plan_projects.pdf:7:17977,rebuild,rebuild,University of Georgia,East Watkinsville,-83.37341969822239,33.895741115762654,"{""type"": ""MultiLineString"", ""coordinates"": [[[-83.3523446368537, 33.93066700128868], [-83.35243020228282, 33.93110479685565], [-83.35271541828385, 33.93108902097481], [-83.35330486312887, 33.930315973146385], [-83.35423181400931, 33.9292431608787], [-83.35471668058223, 33.92864364212359], [-83.35617600004949, 33.927895000071274], [-83.35786831375536, 33.92695550087291], [-83.36138695633275, 33.925950076132786], [-83.36544554388809, 33.924687501880655], [-83.3684450617409, 33.92393806176432], [-83.37005653066446, 33.923295116916286], [-83.37770031068841, 33.92024204827495]], [[-83.37770031068841, 33.92024204827495], [-83.38049542408483, 33.920924462076556], [-83.38136057806022, 33.918403842237936], [-83.38264404871737, 33.91460107607115], [-83.38301007626303, 33.91352412073796], [-83.38224474667525, 33.9133544892739]], [[-83.38224474667525, 33.9133544892739], [-83.38249193429535, 33.913238114299155], [-83.38305285763012, 33.91335251669166], [-83.38380392556444, 33.9110013100938], [-83.38439812519226, 33.90929309324341], [-83.3849923248201, 33.90752566513799], [-83.3857956818905, 33.905107227268914], [-83.38691277737048, 33.90149719604047], [-83.38733109315389, 33.900195179764474], [-83.38823427640854, 33.897595034205], [-83.38904238736342, 33.895231554965385], [-83.38967936925664, 33.89322313873213], [-83.39127895257067, 33.888533360171095], [-83.3931542459134, 33.88293369966635], [-83.39449475959108, 33.87901490295113], [-83.39193494910354, 33.87675352127458], [-83.39149286479602, 33.87058473523053], [-83.39151425637789, 33.86697916376534], [-83.38405586617071, 33.866049623897624], [-83.38445516821282, 33.86414314675785], [-83.38493290485732, 33.86223662779298], [-83.38496855719433, 33.86108203929836], [-83.38446942896795, 33.86037743466966]]]}",MultiLineString,traced_route_candidate,asset_bounds_center,medium,True,public_gis_endpoint_graph,https://arcgis.netl.doe.gov/server/rest/services/Hosted/Energy_Transition_Atlas_493d6/FeatureServer/18,C:\Users\sebas\PycharmProjects\Git\Project_secret_project\data\raw\public_gis\GA\netl_lines_2000.json,standard_public_gis,"Description asset candidates; review unresolved rows, circuit identity and exact work limits.","[""athena"", ""east watkinsville"", ""university"", ""georgia""]","[{""endpoint_name"": ""athena"", ""feature_name"": ""Athena Substation"", ""coordinates"": [-83.3461189, 33.9764031], ""feature_id"": ""way/171540528"", ""source"": ""osm"", ""source_url"": ""https://www.openstreetmap.org/way/171540528"", ""source_file"": ""C:\\Users\\sebas\\PycharmProjects\\Git\\Project_secret_project\\data\\raw\\osm\\GA\\power_substations_overpass.json"", ""point_method"": ""facility_bounds_center"", ""review_required"": false, ""in_title"": true}, {""endpoint_name"": ""east watkinsville"", ""feature_name"": ""East Watkinsville Substation"", ""coordinates"": [-83.38476485000001, 33.86054635], ""feature_id"": ""way/171540512"", ""source"": ""osm"", ""source_url"": ""https://www.openstreetmap.org/way/171540512"", ""source_file"": ""C:\\Users\\sebas\\PycharmProjects\\Git\\Project_secret_project\\data\\raw\\osm\\GA\\power_substations_overpass.json"", ""point_method"": ""facility_bounds_center"", ""review_required"": false, ""in_title"": true}, {""endpoint_name"": ""university of georgia"", ""feature_name"": ""University of Georgia Substation"", ""coordinates"": [-83.37120605000001, 33.9400838], ""feature_id"": ""way/497514286"", ""source"": ""osm"", ""source_url"": ""https://www.openstreetmap.org/way/497514286"", ""source_file"": ""C:\\Users\\sebas\\PycharmProjects\\Git\\Project_secret_project\\data\\raw\\osm\\GA\\power_substations_overpass.json"", ""point_method"": ""facility_bounds_center"", ""review_required"": false, ""in_title"": false}]","[{""project_key"": ""GA:01_expansion_plan_projects.pdf:7:17977"", ""utility"": ""GPC"", ""state"": ""GA"", ""project_id"": ""17977"", ""project_name"": ""ATHENA - EAST WATKINSVILLE 115 KV (REBUILD)"", ""description"": ""Rebuild 8.47 miles of the University of Georgia - East Watkinsville line sections on the Athena - East Watkinsville 115kV line with 100C ACSR 1033 conductor."", ""asset_type"": ""line"", ""asset_name"": ""University of Georgia - East Watkinsville"", ""endpoint_a"": ""University of Georgia"", ""endpoint_b"": ""East Watkinsville"", ""voltage_kv"": ""115"", ""circuit"": """", ""asset_stage"": ""existing"", ""scope_role"": ""work"", ""scope_notes"": ""8.47 mile work section"", ""scope_source"": ""description_checked"", ""resolution_requirement"": ""standard_public_gis"", ""asset_key"": ""GA:01_expansion_plan_projects.pdf:7:17977:1"", ""expected_length_miles"": ""8.47"", ""source_file"": ""01_expansion_plan_projects.pdf"", ""source_page"": """", ""source_pdf_page"": ""7"", ""source_url"": ""https://arcgis.netl.doe.gov/server/rest/services/Hosted/Energy_Transition_Atlas_493d6/FeatureServer/18"", ""description_source_file"": ""05_steady_state_projects.pdf"", ""description_pdf_page"": ""89"", ""action_type"": ""rebuild"", ""detected_actions"": ""rebuild"", ""route_status"": ""review_required"", ""route_method"": ""public_gis_endpoint_graph"", ""route_file"": ""C:\\Users\\sebas\\PycharmProjects\\Git\\Project_secret_project\\data\\raw\\public_gis\\GA\\netl_lines_2000.json"", ""review_note"": ""8.47 mile work section; GIS endpoint graph candidate; rounded endpoint connectivity, circuit and source-feature extent need review."", ""anchor_evidence"": ""[{\""name\"": \""University of Georgia Substation\"", \""names\"": [\""University of Georgia Substation\""], \""state\"": \""GA\"", \""geometry\"": {\""type\"": \""Polygon\"", \""coordinates\"": [[[-83.3716952, 33.9399811], [-83.3711389, 33.9396689], [-83.3707945, 33.9400914], [-83.3707169, 33.9401866], [-83.3708106, 33.9402391], [-83.3712733, 33.9404987], [-83.3716952, 33.9399811]]]}, \""feature_id\"": \""way/497514286\"", \""kind\"": \""substation\"", \""voltage\"": \""115000\"", \""source\"": \""osm\"", \""source_url\"": \""https://www.openstreetmap.org/way/497514286\"", \""source_file\"": \""C:\\\\Users\\\\sebas\\\\PycharmProjects\\\\Git\\\\Project_secret_project\\\\data\\\\raw\\\\osm\\\\GA\\\\power_substations_overpass.json\"", \""review_required\"": false, \""coordinates\"": [-83.37120605000001, 33.9400838]}, {\""name\"": \""East Watkinsville Substation\"", \""names\"": [\""East Watkinsville Substation\""], \""state\"": \""GA\"", \""geometry\"": {\""type\"": \""Polygon\"", \""coordinates\"": [[[-83.3853386, 33.8598133], [-83.3854893, 33.8611807], [-83.3841911, 33.8612794], [-83.3840404, 33.8599119], [-83.3853386, 33.8598133]]]}, \""feature_id\"": \""way/171540512\"", \""kind\"": \""substation\"", \""voltage\"": \""230000;115000;12000\"", \""source\"": \""osm\"", \""source_url\"": \""https://www.openstreetmap.org/way/171540512\"", \""source_file\"": \""C:\\\\Users\\\\sebas\\\\PycharmProjects\\\\Git\\\\Project_secret_project\\\\data\\\\raw\\\\osm\\\\GA\\\\power_substations_overpass.json\"", \""review_required\"": false, \""coordinates\"": [-83.38476485000001, 33.86054635]}]"", ""distance_km"": 10.749322968316216, ""source"": ""public_gis"", ""segment_feature_ids"": [""netl/31143"", ""netl/36116"", ""netl/40703""], ""source_tags"": [{""owner"": ""GEORGIA POWER CO"", ""volt_class"": ""100-161"", ""naics_code"": ""221121"", ""naics_desc"": ""ELECTRIC BULK POWER TRANSMISSION AND CONTROL"", ""val_method"": ""IMAGERY"", ""shape__len"": 3294.56112331, ""globalid"": ""4d82e99c-4b4e-4d98-af4a-a01ed49a1455"", ""source"": ""IMAGERY, https://www.rd.usda.gov/files/UWP_GA110-GTC_EastWalton_AES%20%26%20MCS.pdf"", ""objectid_1"": 31143, ""type"": ""AC; OVERHEAD"", ""sourcedate"": 1407110400000, ""voltage"": 115, ""val_date"": 1513641600000, ""inferred"": ""N"", ""sub_2"": ""TAP142228"", ""sub_1"": ""UNKNOWN115851"", ""id"": ""118019"", ""SHAPE__Length"": 3294.5610159495177, ""objectid"": 31143, ""status"": ""IN SERVICE""}, {""owner"": ""GEORGIA POWER CO"", ""volt_class"": ""100-161"", ""naics_code"": ""221121"", ""naics_desc"": ""ELECTRIC BULK POWER TRANSMISSION AND CONTROL"", ""val_method"": ""IMAGERY"", ""shape__len"": 1443.95420185, ""globalid"": ""ac276ba6-2b6b-450f-b620-5e0c2f914f28"", ""source"": ""IMAGERY, https://www.rd.usda.gov/files/UWP_GA110-GTC_EastWalton_AES%20%26%20MCS.pdf"", ""objectid_1"": 36116, ""type"": ""AC; OVERHEAD"", ""sourcedate"": 1407110400000, ""voltage"": 115, ""val_date"": 1513641600000, ""inferred"": ""N"", ""sub_2"": ""TAP142228"", ""sub_1"": ""UNKNOWN115852"", ""id"": ""124107"", ""SHAPE__Length"": 1443.9543305228988, ""objectid"": 36116, ""status"": ""IN SERVICE""}, {""owner"": ""GEORGIA POWER CO"", ""volt_class"": ""100-161"", ""naics_code"": ""221121"", ""naics_desc"": ""ELECTRIC BULK POWER TRANSMISSION AND CONTROL"", ""val_method"": ""IMAGERY"", ""shape__len"": 8226.64299605, ""globalid"": ""1d8426ac-495c-4df4-aa81-07962df96d9c"", ""source"": ""IMAGERY, https://www.rd.usda.gov/files/UWP_GA110-GTC_EastWalton_AES%20%26%20MCS.pdf"", ""objectid_1"": 40703, ""type"": ""AC; OVERHEAD"", ""sourcedate"": 1407110400000, ""voltage"": 115, ""val_date"": 1513641600000, ""inferred"": ""N"", ""sub_2"": ""EAST WATKINSVILLE"", ""sub_1"": ""UNKNOWN115852"", ""id"": ""129626"", ""SHAPE__Length"": 8226.642973965832, ""objectid"": 40703, ""status"": ""IN SERVICE""}], ""start_snap_km"": 1.7925852914275007, ""end_snap_km"": 0.033119093338927055, ""hops"": """", ""start_osm_node"": """", ""end_osm_node"": """", ""osm_way_ids"": """", ""way_names"": """", ""operators"": """", ""unknown_voltage_edge_count"": """", ""attribution"": """", ""license"": """", ""saved_evidence"": """"}]"
GA,211,2027,20150,CC - HILL VIEW & GRASSY HOLLOW SUB - CC IMPROVEMENTS,12/31/2027,GPC,REDACTED,REDACTED,REDACTED,REDACTED,REDACTED,01_expansion_plan_projects.pdf,7,13,https://psc.ga.gov/search/facts-document/?documentId=221233,2027-12-31,Build two 230kV switching stations (Hill View and Grassy Hollow) looping into the Cartersville - McGrau Ford 230kV line (8.5 miles apart). Build two new 230kV lines: Cass Pine - Great Valley and Great Valley - Grassy Hollow (total 10.1 miles) with 200C 1351 ACSS Martin.,Steady state,05_steady_state_projects.pdf,90,149,,,,,,,GPC,GA:01_expansion_plan_projects.pdf:7:20150,other,,mcgrau ford,cartersville,-84.573848775,34.2531987,"{""type"": ""Point"", ""coordinates"": [-84.573848775, 34.2531987]}",Point,endpoint_midpoint,endpoint_midpoint,medium,False,osm,https://www.openstreetmap.org/way/159758301;https://www.openstreetmap.org/way/175158197,C:\Users\sebas\PycharmProjects\Git\Project_secret_project\data\raw\osm\GA\power_substations_overpass.json,standard_public_gis,,"[""hill view"", ""grassy hollow"", ""build"", ""cartersville"", ""mcgrau ford"", ""cass pine"", ""great valley"", ""martin""]","[{""endpoint_name"": ""mcgrau ford"", ""feature_name"": ""McGrau Ford Substation"", ""coordinates"": [-84.33700645, 34.326452599999996], ""feature_id"": ""way/159758301"", ""source"": ""osm"", ""source_url"": ""https://www.openstreetmap.org/way/159758301"", ""source_file"": ""C:\\Users\\sebas\\PycharmProjects\\Git\\Project_secret_project\\data\\raw\\osm\\GA\\power_substations_overpass.json"", ""point_method"": ""facility_bounds_center"", ""review_required"": false, ""in_title"": false}, {""endpoint_name"": ""cartersville"", ""feature_name"": ""Cartersville Primary Substation"", ""coordinates"": [-84.8106911, 34.1799448], ""feature_id"": ""way/175158197"", ""source"": ""osm"", ""source_url"": ""https://www.openstreetmap.org/way/175158197"", ""source_file"": ""C:\\Users\\sebas\\PycharmProjects\\Git\\Project_secret_project\\data\\raw\\osm\\GA\\power_substations_overpass.json"", ""point_method"": ""facility_bounds_center"", ""review_required"": false, ""in_title"": false}]",[]
GA,211,2027,20024,DYER ROAD - EAST ROANOKE 115KV (REBUILD),12/31/2027,GPC,REDACTED,REDACTED,REDACTED,REDACTED,REDACTED,01_expansion_plan_projects.pdf,7,13,https://psc.ga.gov/search/facts-document/?documentId=221233,2027-12-31,Rebuild 20.7 miles of 75C 397.5 ACSR conductor with advanced conductor from Dyer Road to Wansley tap on the Dyer Road - East Roanoke (APC) 115kV line.,Steady state,05_steady_state_projects.pdf,91,150,,,,,,,GPC,GA:01_expansion_plan_projects.pdf:7:20024,rebuild,rebuild,wansley,,-85.03076899999999,33.4109556,"{""type"": ""Point"", ""coordinates"": [-85.03076899999999, 33.4109556]}",Point,single_endpoint,facility_bounds_center,medium,False,osm,https://www.openstreetmap.org/way/159784571,C:\Users\sebas\PycharmProjects\Git\Project_secret_project\data\raw\osm\GA\power_substations_overpass.json,standard_public_gis,,"[""dyer road"", ""east roanoke"", ""wansley"", ""apc""]","[{""endpoint_name"": ""wansley"", ""feature_name"": ""Wansley Substation"", ""coordinates"": [-85.03076899999999, 33.4109556], ""feature_id"": ""way/159784571"", ""source"": ""osm"", ""source_url"": ""https://www.openstreetmap.org/way/159784571"", ""source_file"": ""C:\\Users\\sebas\\PycharmProjects\\Git\\Project_secret_project\\data\\raw\\osm\\GA\\power_substations_overpass.json"", ""point_method"": ""facility_bounds_center"", ""review_required"": false, ""in_title"": false}]",[]
GA,214,2028,19997,AULTMAN ROAD-PERRY 115KV LINE REBUILD,6/1/2028,GPC,REDACTED,REDACTED,REDACTED,REDACTED,REDACTED,01_expansion_plan_projects.pdf,7,13,https://psc.ga.gov/search/facts-document/?documentId=221233,2028-06-01,Rebuild the PPG J2 - Langston Road line section of the Aultman Road - Perry 115kV line from 100C 336 ACSR Linnet conductor to 200C 1351 ACSS conductor.,Steady state,05_steady_state_projects.pdf,92,151,,,,,,,GPC,GA:01_expansion_plan_projects.pdf:7:19997,rebuild,rebuild,perry,,-83.7020208,32.4553814,"{""type"": ""Point"", ""coordinates"": [-83.7020208, 32.4553814]}",Point,single_endpoint,facility_bounds_center,high,False,osm,https://www.openstreetmap.org/way/177850740,C:\Users\sebas\PycharmProjects\Git\Project_secret_project\data\raw\osm\GA\power_substations_overpass.json,standard_public_gis,,"[""aultman road"", ""perry"", ""ppg j2"", ""langston road"", ""linnet""]","[{""endpoint_name"": ""perry"", ""feature_name"": ""Perry Primary Substation"", ""coordinates"": [-83.7020208, 32.4553814], ""feature_id"": ""way/177850740"", ""source"": ""osm"", ""source_url"": ""https://www.openstreetmap.org/way/177850740"", ""source_file"": ""C:\\Users\\sebas\\PycharmProjects\\Git\\Project_secret_project\\data\\raw\\osm\\GA\\power_substations_overpass.json"", ""point_method"": ""facility_bounds_center"", ""review_required"": false, ""in_title"": true}]",[]
GA,201,2028,20797,CC - EAST VILLA RICA AREA SWITCHING STATION (CC IMPROVEMENT),6/1/2028,GPC,REDACTED,REDACTED,REDACTED,REDACTED,REDACTED,01_expansion_plan_projects.pdf,7,13,https://psc.ga.gov/search/facts-document/?documentId=221233,2028-06-01,Build a 7 rung breaker and a half switching station along the right of way of the (3) 230kV lines about 2.5 miles East of Villa Rica to service recently signed customers in the area. All three lines will terminate into this station.,Steady state,05_steady_state_projects.pdf,93,152,,,,,,,GPC,GA:01_expansion_plan_projects.pdf:7:20797,other,,villa rica,,-84.8548379,33.740971,"{""type"": ""Point"", ""coordinates"": [-84.8548379, 33.740971]}",Point,single_endpoint,facility_bounds_center,medium,False,osm,https://www.openstreetmap.org/way/159758304,C:\Users\sebas\PycharmProjects\Git\Project_secret_project\data\raw\osm\GA\power_substations_overpass.json,standard_public_gis,,"[""east villa rica area"", ""improvement"", ""build"", ""east"", ""villa rica"", ""all""]","[{""endpoint_name"": ""villa rica"", ""feature_name"": ""Villa Rica Substation"", ""coordinates"": [-84.8548379, 33.740971], ""feature_id"": ""way/159758304"", ""source"": ""osm"", ""source_url"": ""https://www.openstreetmap.org/way/159758304"", ""source_file"": ""C:\\Users\\sebas\\PycharmProjects\\Git\\Project_secret_project\\data\\raw\\osm\\GA\\power_substations_overpass.json"", ""point_method"": ""facility_bounds_center"", ""review_required"": false, ""in_title"": false}]",[]
GA,211,2028,20774,CC - VILLA RICA UPGRADES (CC NETWORK IMPROVEMENTS),6/1/2028,GPC,REDACTED,REDACTED,REDACTED,REDACTED,REDACTED,01_expansion_plan_projects.pdf,7,13,https://psc.ga.gov/search/facts-document/?documentId=221233,2028-06-01,Loop in the Bowen - Union City line into Villa Rica 500kV bus and add a second 2016 MVA 500/230kV auto transformer. Convert the 230kV side to a 10 element breaker and a half scheme.,Steady state,05_steady_state_projects.pdf,94,153,,,,,,,GPC,GA:01_expansion_plan_projects.pdf:7:20774,other,,villa rica,bowen,-84.8548379,33.740971,"{""type"": ""Polygon"", ""coordinates"": [[[-84.8579112, 33.7422247], [-84.8559315, 33.742564], [-84.8545505, 33.7428002], [-84.8545237, 33.7427918], [-84.8542722, 33.7417902], [-84.8529951, 33.742017], [-84.8529415, 33.7418077], [-84.852007, 33.7420282], [-84.8517646, 33.7413512], [-84.85186, 33.7413298], [-84.852742, 33.7411319], [-84.8526678, 33.7409681], [-84.8540122, 33.7407366], [-84.8537423, 33.739725], [-84.8548046, 33.7395447], [-84.857154, 33.7391418], [-84.8579112, 33.7422247]]]}",Polygon,description_facilities,asset_bounds_center,medium,True,exact_facility_name,https://psc.ga.gov/search/facts-document/?documentId=221233,C:\Users\sebas\PycharmProjects\Git\Project_secret_project\data\raw\osm\GA\power_substations_overpass.json,standard_public_gis,"Description asset candidates; review unresolved rows, circuit identity and exact work limits.","[""villa rica"", ""network"", ""bowen"", ""union city""]","[{""endpoint_name"": ""villa rica"", ""feature_name"": ""Villa Rica Substation"", ""coordinates"": [-84.8548379, 33.740971], ""feature_id"": ""way/159758304"", ""source"": ""osm"", ""source_url"": ""https://www.openstreetmap.org/way/159758304"", ""source_file"": ""C:\\Users\\sebas\\PycharmProjects\\Git\\Project_secret_project\\data\\raw\\osm\\GA\\power_substations_overpass.json"", ""point_method"": ""facility_bounds_center"", ""review_required"": false, ""in_title"": true}, {""endpoint_name"": ""bowen"", ""feature_name"": ""Bowen Substation"", ""coordinates"": [-84.9223274, 34.12158495], ""feature_id"": ""way/159758323"", ""source"": ""osm"", ""source_url"": ""https://www.openstreetmap.org/way/159758323"", ""source_file"": ""C:\\Users\\sebas\\PycharmProjects\\Git\\Project_secret_project\\data\\raw\\osm\\GA\\power_substations_overpass.json"", ""point_method"": ""facility_bounds_center"", ""review_required"": false, ""in_title"": false}]","[{""project_key"": ""GA:01_expansion_plan_projects.pdf:7:20774"", ""utility"": ""GPC"", ""state"": ""GA"", ""project_id"": ""20774"", ""project_name"": ""CC - VILLA RICA UPGRADES (CC NETWORK IMPROVEMENTS)"", ""description"": ""Loop in the Bowen - Union City line into Villa Rica 500kV bus and add a second 2016 MVA 500/230kV auto transformer. Convert the 230kV side to a 10 element breaker and a half scheme."", ""asset_type"": ""station"", ""asset_name"": ""Villa Rica"", ""endpoint_a"": """", ""endpoint_b"": """", ""voltage_kv"": ""500;230"", ""circuit"": """", ""asset_stage"": ""existing"", ""scope_role"": ""work"", ""scope_notes"": ""Transformer and bus conversion"", ""scope_source"": ""description_checked"", ""resolution_requirement"": ""standard_public_gis"", ""asset_key"": ""GA:01_expansion_plan_projects.pdf:7:20774:1"", ""expected_length_miles"": """", ""source_file"": ""01_expansion_plan_projects.pdf"", ""source_page"": """", ""source_pdf_page"": ""7"", ""source_url"": ""https://psc.ga.gov/search/facts-document/?documentId=221233"", ""description_source_file"": ""05_steady_state_projects.pdf"", ""description_pdf_page"": ""94"", ""action_type"": ""other"", ""detected_actions"": """", ""route_status"": ""facility_candidate"", ""route_method"": ""exact_facility_name"", ""route_file"": ""C:\\Users\\sebas\\PycharmProjects\\Git\\Project_secret_project\\data\\raw\\osm\\GA\\power_substations_overpass.json"", ""review_note"": ""Transformer and bus conversion"", ""anchor_evidence"": ""[{\""name\"": \""Villa Rica Substation\"", \""names\"": [\""Villa Rica Substation\""], \""state\"": \""GA\"", \""geometry\"": {\""type\"": \""Polygon\"", \""coordinates\"": [[[-84.8579112, 33.7422247], [-84.8559315, 33.742564], [-84.8545505, 33.7428002], [-84.8545237, 33.7427918], [-84.8542722, 33.7417902], [-84.8529951, 33.742017], [-84.8529415, 33.7418077], [-84.852007, 33.7420282], [-84.8517646, 33.7413512], [-84.85186, 33.7413298], [-84.852742, 33.7411319], [-84.8526678, 33.7409681], [-84.8540122, 33.7407366], [-84.8537423, 33.739725], [-84.8548046, 33.7395447], [-84.857154, 33.7391418], [-84.8579112, 33.7422247]]]}, \""feature_id\"": \""way/159758304\"", \""kind\"": \""substation\"", \""voltage\"": \""500000;230000;115000;46000\"", \""source\"": \""osm\"", \""source_url\"": \""https://www.openstreetmap.org/way/159758304\"", \""source_file\"": \""C:\\\\Users\\\\sebas\\\\PycharmProjects\\\\Git\\\\Project_secret_project\\\\data\\\\raw\\\\osm\\\\GA\\\\power_substations_overpass.json\"", \""review_required\"": false, \""coordinates\"": [-84.8548379, 33.740971]}]"", ""distance_km"": """", ""source"": ""osm"", ""segment_feature_ids"": """", ""source_tags"": """", ""start_snap_km"": """", ""end_snap_km"": """", ""hops"": """", ""start_osm_node"": """", ""end_osm_node"": """", ""osm_way_ids"": """", ""way_names"": """", ""operators"": """", ""unknown_voltage_edge_count"": """", ""attribution"": """", ""license"": """", ""saved_evidence"": """"}]"
GA,214,2028,21048,FITZGERALD - PITTS 115 KV LINE REBUILD,6/1/2028,GPC,REDACTED,REDACTED,REDACTED,REDACTED,REDACTED,01_expansion_plan_projects.pdf,8,14,https://psc.ga.gov/search/facts-document/?documentId=221233,2028-06-01,Rebuild approximately 26.14 miles of the Fitzgerald - Pitts 115kV line with 200C 1351 ACSS.,Steady state,05_steady_state_projects.pdf,95,154,,,,,,,GPC,GA:01_expansion_plan_projects.pdf:8:21048,rebuild,rebuild,Fitzgerald,Pitts,-83.4277880784303,31.840353684070966,"{""type"": ""MultiLineString"", ""coordinates"": [[[-83.29252799960041, 31.72940631116513], [-83.29252799960041, 31.72896100017404], [-83.29261928280631, 31.727999468779853], [-83.29253199979837, 31.725060999887255], [-83.29252699977552, 31.723126000256865], [-83.2926670004159, 31.722461000210004], [-83.29290300041745, 31.721338000106112], [-83.29365599972964, 31.717792000028634], [-83.29421399994648, 31.71516899969172], [-83.29510600007414, 31.710981000071865], [-83.29522599972474, 31.710414999765135], [-83.29518300006704, 31.707536000260195], [-83.29512799981546, 31.707100000378723], [-83.29516999964825, 31.706850999800302], [-83.29525699968687, 31.705045000145198], [-83.29529500022002, 31.702054999694102], [-83.295370088598, 31.69441845975058], [-83.29527359067187, 31.694129368111806]], [[-83.35461719126619, 31.78167540104119], [-83.35147600010993, 31.779096000221795], [-83.34655600006234, 31.775621000026344], [-83.33945299955123, 31.769990999684524], [-83.33867299957656, 31.769513999923788], [-83.33216300034071, 31.764685999793443], [-83.33024299964292, 31.76313000017916], [-83.32973800002786, 31.762742000366373], [-83.32496199992032, 31.759126999967574], [-83.32271099968474, 31.757522000120268], [-83.31305800008563, 31.750161999781877], [-83.31140400042494, 31.74889600008592], [-83.31058199971916, 31.748274999942222], [-83.3046149997332, 31.74372600019097], [-83.30242499959701, 31.74208200033462], [-83.29964199998217, 31.734174000133013], [-83.2990460001305, 31.732365999964724], [-83.29771299996189, 31.732105000124182], [-83.29491100008046, 31.73158000015882], [-83.29246181981512, 31.731150072097645], [-83.29242022602085, 31.72986386698224], [-83.29242616837645, 31.729580849262618], [-83.29252799960041, 31.72940631116513]], [[-83.45691944955759, 31.923447250156393], [-83.45770955288427, 31.923002685122686], [-83.45729400031868, 31.920219999990053], [-83.45718600036365, 31.918892999658777], [-83.45108899978302, 31.910809000286903], [-83.45068899974994, 31.910041000054065], [-83.44983199978238, 31.909150000357187], [-83.44365499973414, 31.902641999870564], [-83.4432019999976, 31.90211399982077], [-83.44098000007435, 31.899390000217327], [-83.4388860001976, 31.89685999995826], [-83.43512500024138, 31.89221599965521], [-83.4346680003069, 31.89185000017895], [-83.43325800014537, 31.891031999624627], [-83.42989700022223, 31.889081999805907], [-83.42568400035438, 31.886714000034615], [-83.42520099958232, 31.8861649998897], [-83.42507500008394, 31.88601700014645], [-83.4241710002607, 31.884437000043], [-83.42369699970945, 31.883608999957758], [-83.42338000041536, 31.883056000331884], [-83.42134699973967, 31.87967099988733], [-83.42047800007653, 31.87812399984643], [-83.41994599979898, 31.877269999847837], [-83.41776900008155, 31.873550999619386], [-83.41121799993951, 31.862359999781123], [-83.40943899970702, 31.859427000222055], [-83.40487299966178, 31.85150000014561], [-83.40190400027411, 31.84647099977953], [-83.39882799985801, 31.841237000371397], [-83.39785299988966, 31.839590999761576], [-83.3956650003016, 31.835895000261576], [-83.39537499987337, 31.835152999733403], [-83.39429699997287, 31.830977999838204], [-83.39423099985062, 31.830723999828177], [-83.39411500039797, 31.8302729996806], [-83.39314899975216, 31.826287999763082], [-83.39170699980356, 31.820889999738558], [-83.38807088723141, 31.806605951975083], [-83.38650220057325, 31.80097031968451], [-83.38593200033655, 31.798110000344977], [-83.38533599958657, 31.796151999855407], [-83.38491700018521, 31.794996999837277], [-83.37478099981404, 31.79128400007158], [-83.36113600028004, 31.786366000239255], [-83.36047000010817, 31.786009000257373], [-83.35662499958806, 31.783292000374413], [-83.35563600027432, 31.782511999655526], [-83.35461719126619, 31.78167540104119]], [[-83.56279799980975, 31.986578000030125], [-83.56315593083976, 31.98611675321525], [-83.56280535341865, 31.98503821682825], [-83.56056522189972, 31.98525997276658], [-83.55953725726219, 31.98538093094863], [-83.55802799056683, 31.985164214759404], [-83.55684553366677, 31.985098695704416], [-83.55580568521637, 31.985013017983196], [-83.55312584723046, 31.984529183881875], [-83.55190773799342, 31.98454934413148], [-83.55090948333729, 31.983924388048067], [-83.54794442755374, 31.98210493776397], [-83.54560328317602, 31.980058642940662], [-83.54095664406267, 31.977805650137466], [-83.53383813683313, 31.97485701827665], [-83.52753368201574, 31.972205688004117], [-83.5263096313214, 31.972004062762007], [-83.52357631393168, 31.971439510642316], [-83.52165705075075, 31.971051377807612], [-83.52051024618767, 31.970703569919156], [-83.51729562763839, 31.970743895726724], [-83.51616070688821, 31.970970727206936], [-83.51447318120283, 31.970199499259003], [-83.5127559446377, 31.96948875170945], [-83.50810336406705, 31.966791899915027], [-83.50481744174209, 31.964291568624773], [-83.5023931088775, 31.96293047384362], [-83.49870907298157, 31.961836541992806], [-83.49312359917487, 31.96028384070126], [-83.48949898324172, 31.95941169571525], [-83.48336090539811, 31.95670950615796], [-83.48032454583885, 31.955837327228707], [-83.4792252774257, 31.95577682907127], [-83.4778110830301, 31.955338215285458], [-83.47581457281957, 31.95464247762091], [-83.47460240683642, 31.95410302684883], [-83.4739547287031, 31.953331655696513], [-83.47354473221755, 31.952187193040338], [-83.47380617879615, 31.950402406295666], [-83.46697882902492, 31.95075029108155], [-83.46591521205042, 31.94972175774278], [-83.46198755484606, 31.949661254795398], [-83.46203857017105, 31.945966627361244], [-83.46136499989629, 31.942434000260224], [-83.46054599956356, 31.938308999867083], [-83.46052999967002, 31.938211999844967], [-83.4577676181876, 31.923193489700758], [-83.45691944955759, 31.923447250156393]]]}",MultiLineString,traced_route_candidate,asset_bounds_center,medium,True,public_gis_endpoint_graph,https://arcgis.netl.doe.gov/server/rest/services/Hosted/Energy_Transition_Atlas_493d6/FeatureServer/18,C:\Users\sebas\PycharmProjects\Git\Project_secret_project\data\raw\public_gis\GA\netl_lines_2000.json;C:\Users\sebas\PycharmProjects\Git\Project_secret_project\data\raw\public_gis\GA\netl_lines_4000.json,standard_public_gis,"Description asset candidates; review unresolved rows, circuit identity and exact work limits.","[""fitzgerald"", ""pitts""]","[{""endpoint_name"": ""fitzgerald"", ""feature_name"": ""Fitzgerald Substation"", ""coordinates"": [-83.29241139999999, 31.729334549999997], ""feature_id"": ""way/617660021"", ""source"": ""osm"", ""source_url"": ""https://www.openstreetmap.org/way/617660021"", ""source_file"": ""C:\\Users\\sebas\\PycharmProjects\\Git\\Project_secret_project\\data\\raw\\osm\\GA\\power_substations_overpass.json"", ""point_method"": ""facility_bounds_center"", ""review_required"": false, ""in_title"": true}, {""endpoint_name"": ""pitts"", ""feature_name"": ""PITTS"", ""coordinates"": [-83.5627979998097, 31.9865780000301], ""feature_id"": ""hifld/111747"", ""source"": ""hifld_substation"", ""source_url"": ""https://services.arcgis.com/HQ0xoN0EzDPBOEci/ArcGIS/rest/services/Substations/FeatureServer/0/query"", ""source_file"": ""C:\\Users\\sebas\\PycharmProjects\\Git\\Project_secret_project\\data\\raw\\public_gis\\endpoint_points\\hifld_substations_GA.geojson"", ""point_method"": ""published_point"", ""review_required"": true, ""in_title"": true}]","[{""project_key"": ""GA:01_expansion_plan_projects.pdf:8:21048"", ""utility"": ""GPC"", ""state"": ""GA"", ""project_id"": ""21048"", ""project_name"": ""FITZGERALD - PITTS 115 KV LINE REBUILD"", ""description"": ""Rebuild approximately 26.14 miles of the Fitzgerald - Pitts 115kV line with 200C 1351 ACSS."", ""asset_type"": ""line"", ""asset_name"": ""Fitzgerald - Pitts"", ""endpoint_a"": ""Fitzgerald"", ""endpoint_b"": ""Pitts"", ""voltage_kv"": ""115"", ""circuit"": """", ""asset_stage"": ""existing"", ""scope_role"": ""work"", ""scope_notes"": ""26.14 miles"", ""scope_source"": ""description_checked"", ""resolution_requirement"": ""standard_public_gis"", ""asset_key"": ""GA:01_expansion_plan_projects.pdf:8:21048:1"", ""expected_length_miles"": ""26.14"", ""source_file"": ""01_expansion_plan_projects.pdf"", ""source_page"": """", ""source_pdf_page"": ""8"", ""source_url"": ""https://arcgis.netl.doe.gov/server/rest/services/Hosted/Energy_Transition_Atlas_493d6/FeatureServer/18"", ""description_source_file"": ""05_steady_state_projects.pdf"", ""description_pdf_page"": ""95"", ""action_type"": ""rebuild"", ""detected_actions"": ""rebuild"", ""route_status"": ""review_required"", ""route_method"": ""public_gis_endpoint_graph"", ""route_file"": ""C:\\Users\\sebas\\PycharmProjects\\Git\\Project_secret_project\\data\\raw\\public_gis\\GA\\netl_lines_2000.json;C:\\Users\\sebas\\PycharmProjects\\Git\\Project_secret_project\\data\\raw\\public_gis\\GA\\netl_lines_4000.json"", ""review_note"": ""26.14 miles; GIS endpoint graph candidate; rounded endpoint connectivity, circuit and source-feature extent need review."", ""anchor_evidence"": ""[{\""name\"": \""Fitzgerald Substation\"", \""names\"": [\""Fitzgerald Substation\""], \""state\"": \""GA\"", \""geometry\"": {\""type\"": \""Polygon\"", \""coordinates\"": [[[-83.2929293, 31.7296684], [-83.2920714, 31.7296773], [-83.2920703, 31.7296007], [-83.2919002, 31.7296024], [-83.2918935, 31.7291305], [-83.2920795, 31.7291286], [-83.2920777, 31.7290005], [-83.2929196, 31.7289918], [-83.2929293, 31.7296684]]]}, \""feature_id\"": \""way/617660021\"", \""kind\"": \""substation\"", \""voltage\"": \""115000;46000\"", \""source\"": \""osm\"", \""source_url\"": \""https://www.openstreetmap.org/way/617660021\"", \""source_file\"": \""C:\\\\Users\\\\sebas\\\\PycharmProjects\\\\Git\\\\Project_secret_project\\\\data\\\\raw\\\\osm\\\\GA\\\\power_substations_overpass.json\"", \""review_required\"": false, \""coordinates\"": [-83.29241139999999, 31.729334549999997]}, {\""name\"": \""PITTS\"", \""names\"": [\""PITTS\""], \""state\"": \""GA\"", \""geometry\"": {\""type\"": \""Point\"", \""coordinates\"": [-83.5627979998097, 31.9865780000301]}, \""feature_id\"": \""hifld/111747\"", \""kind\"": \""substation\"", \""voltage\"": \""\"", \""source\"": \""hifld_substation\"", \""source_url\"": \""https://services.arcgis.com/HQ0xoN0EzDPBOEci/ArcGIS/rest/services/Substations/FeatureServer/0/query\"", \""source_file\"": \""C:\\\\Users\\\\sebas\\\\PycharmProjects\\\\Git\\\\Project_secret_project\\\\data\\\\raw\\\\public_gis\\\\endpoint_points\\\\hifld_substations_GA.geojson\"", \""review_required\"": true, \""coordinates\"": [-83.5627979998097, 31.9865780000301]}]"", ""distance_km"": 46.09878908598327, ""source"": ""public_gis"", ""segment_feature_ids"": [""netl/28020"", ""netl/67934"", ""netl/67876"", ""netl/29384""], ""source_tags"": [{""owner"": ""GEORGIA POWER CO"", ""volt_class"": ""100-161"", ""naics_code"": ""221121"", ""naics_desc"": ""ELECTRIC BULK POWER TRANSMISSION AND CONTROL"", ""val_method"": ""IMAGERY"", ""shape__len"": 4646.08863162, ""globalid"": ""74a6a6f5-7d49-4651-a9e5-324ae933422c"", ""source"": ""IMAGERY, OpenStreetMap, EIA 861, EIA 860"", ""objectid_1"": 28020, ""type"": ""AC; OVERHEAD"", ""sourcedate"": 1402531200000, ""voltage"": 115, ""val_date"": 1513900800000, ""inferred"": ""Y"", ""sub_2"": ""UNKNOWN111751"", ""sub_1"": ""UNKNOWN111750"", ""id"": ""113861"", ""SHAPE__Length"": 4646.0886372363875, ""objectid"": 28020, ""status"": ""IN SERVICE""}, {""owner"": ""GEORGIA POWER CO"", ""volt_class"": ""100-161"", ""naics_code"": ""221121"", ""naics_desc"": ""ELECTRIC BULK POWER TRANSMISSION AND CONTROL"", ""val_method"": ""IMAGERY"", ""shape__len"": 10095.724382, ""globalid"": ""47dba831-a518-4f72-b543-9ca06b19363a"", ""source"": ""IMAGERY, OpenStreetMap, EIA 861, EIA 860"", ""objectid_1"": 67934, ""type"": ""AC; OVERHEAD"", ""sourcedate"": 1397088000000, ""voltage"": 115, ""val_date"": 1652054400000, ""inferred"": ""Y"", ""sub_2"": ""TAP176774"", ""sub_1"": ""UNKNOWN111750"", ""id"": ""180007"", ""SHAPE__Length"": 10095.724421686109, ""objectid"": 67934, ""status"": ""IN SERVICE""}, {""owner"": ""GEORGIA POWER CO"", ""volt_class"": ""100-161"", ""naics_code"": ""221121"", ""naics_desc"": ""ELECTRIC BULK POWER TRANSMISSION AND CONTROL"", ""val_method"": ""IMAGERY"", ""shape__len"": 22979.87393669, ""globalid"": ""0585f4a0-5e2b-4d49-8d41-842e5788ecea"", ""source"": ""IMAGERY, OpenStreetMap, EIA 861, EIA 860"", ""objectid_1"": 67876, ""type"": ""AC; OVERHEAD"", ""sourcedate"": 1397088000000, ""voltage"": 115, ""val_date"": 1652054400000, ""inferred"": ""Y"", ""sub_2"": ""TAP176774"", ""sub_1"": ""UNKNOWN111748"", ""id"": ""179889"", ""SHAPE__Length"": 22979.87402065276, ""objectid"": 67876, ""status"": ""IN SERVICE""}, {""owner"": ""GEORGIA POWER CO"", ""volt_class"": ""100-161"", ""naics_code"": ""221121"", ""naics_desc"": ""ELECTRIC BULK POWER TRANSMISSION AND CONTROL"", ""val_method"": ""IMAGERY"", ""shape__len"": 16611.811679, ""globalid"": ""ba716a6c-bae8-4e41-83ce-e5c9e87280b6"", ""source"": ""IMAGERY, OpenStreetMap, EIA 861, EIA 860"", ""objectid_1"": 29384, ""type"": ""AC; OVERHEAD"", ""sourcedate"": 1402531200000, ""voltage"": 115, ""val_date"": 1515110400000, ""inferred"": ""Y"", ""sub_2"": ""UNKNOWN111748"", ""sub_1"": ""PITTS"", ""id"": ""115736"", ""SHAPE__Length"": 16611.811852360624, ""objectid"": 29384, ""status"": ""IN SERVICE""}], ""start_snap_km"": 0.013611709481279419, ""end_snap_km"": 5.5713322112205345e-12, ""hops"": """", ""start_osm_node"": """", ""end_osm_node"": """", ""osm_way_ids"": """", ""way_names"": """", ""operators"": """", ""unknown_voltage_edge_count"": """", ""attribution"": """", ""license"": """", ""saved_evidence"": """"}]"
GA,206,2028,20777,JACK MCDONOUGH - NORTHWEST (BLACK) 230KV RECONDUCTOR,6/1/2028,GPC,REDACTED,REDACTED,REDACTED,REDACTED,REDACTED,01_expansion_plan_projects.pdf,8,14,https://psc.ga.gov/search/facts-document/?documentId=221233,2028-06-01,Rebuild the Jack McDonough - Northwest (Black) 230kV line (4.59 miles) using 200C 1351 Elbrus/TW.,Steady state,05_steady_state_projects.pdf,100,159,,,,,,,GPC,GA:01_expansion_plan_projects.pdf:8:20777,other,,,,,,,,unresolved,unresolved,low,True,,,,standard_public_gis,,"[""jack mcdonough"", ""northwest"", ""black"", ""elbrus"", ""tw""]",[],[]
GA,213,2028,20482,PITTMAN ROAD - WEST POINT DAM (USA) 115KV REBUILD,6/1/2028,GPC,REDACTED,REDACTED,REDACTED,REDACTED,REDACTED,01_expansion_plan_projects.pdf,8,14,https://psc.ga.gov/search/facts-document/?documentId=221233,2028-06-01,Rebuild 3 miles from the Pittman Road 115kV station to the West Point Dam (USA) 115kV station with 100C 1351 ACSS Martin conductor. Replace AAC 750 jumper at Pittman Road 115kV with (2) 1590 AAC.,Steady state,05_steady_state_projects.pdf,103,162,,,,,,,GPC,GA:01_expansion_plan_projects.pdf:8:20482,rebuild,rebuild,west point dam,west point,-85.178148775,32.901032799999996,"{""type"": ""Point"", ""coordinates"": [-85.178148775, 32.901032799999996]}",Point,endpoint_midpoint,endpoint_midpoint,medium,False,osm,https://www.openstreetmap.org/way/1051943826;https://www.openstreetmap.org/way/1058469134,C:\Users\sebas\PycharmProjects\Git\Project_secret_project\data\raw\osm\GA\power_substations_overpass.json,standard_public_gis,,"[""pittman road"", ""west"", ""dam"", ""usa"", ""martin"", ""aac""]","[{""endpoint_name"": ""west point dam"", ""feature_name"": ""West Point Dam Substation"", ""coordinates"": [-85.19038985, 32.9186235], ""feature_id"": ""way/1051943826"", ""source"": ""osm"", ""source_url"": ""https://www.openstreetmap.org/way/1051943826"", ""source_file"": ""C:\\Users\\sebas\\PycharmProjects\\Git\\Project_secret_project\\data\\raw\\osm\\GA\\power_substations_overpass.json"", ""point_method"": ""facility_bounds_center"", ""review_required"": false, ""in_title"": false}, {""endpoint_name"": ""west point"", ""feature_name"": ""West Point Substation"", ""coordinates"": [-85.16590769999999, 32.883442099999996], ""feature_id"": ""way/1058469134"", ""source"": ""osm"", ""source_url"": ""https://www.openstreetmap.org/way/1058469134"", ""source_file"": ""C:\\Users\\sebas\\PycharmProjects\\Git\\Project_secret_project\\data\\raw\\osm\\GA\\power_substations_overpass.json"", ""point_method"": ""facility_bounds_center"", ""review_required"": false, ""in_title"": false}]",[]
GA,208,2028,20656,PLANT YATES BREAKER AND HALF STATION,6/1/2028,GPC,REDACTED,REDACTED,REDACTED,REDACTED,REDACTED,01_expansion_plan_projects.pdf,8,14,https://psc.ga.gov/search/facts-document/?documentId=221233,2028-06-01,Rebuild the Yates 6 & 7 substation to a Breaker and a Half configuration.,Steady state,05_steady_state_projects.pdf,104,163,,,,,,,GPC,GA:01_expansion_plan_projects.pdf:8:20656,other,,yates,,-84.89652749999999,33.46118605,"{""type"": ""Point"", ""coordinates"": [-84.89652749999999, 33.46118605]}",Point,single_endpoint,facility_bounds_center,high,False,osm,https://www.openstreetmap.org/way/171166735,C:\Users\sebas\PycharmProjects\Git\Project_secret_project\data\raw\osm\GA\power_substations_overpass.json,standard_public_gis,,"[""yates"", ""half""]","[{""endpoint_name"": ""yates"", ""feature_name"": ""Yates Switchyard"", ""coordinates"": [-84.89652749999999, 33.46118605], ""feature_id"": ""way/171166735"", ""source"": ""osm"", ""source_url"": ""https://www.openstreetmap.org/way/171166735"", ""source_file"": ""C:\\Users\\sebas\\PycharmProjects\\Git\\Project_secret_project\\data\\raw\\osm\\GA\\power_substations_overpass.json"", ""point_method"": ""facility_bounds_center"", ""review_required"": false, ""in_title"": true}]",[]
GA,201,2028,21069,SMART VALVES AT EAST VILLA RICA SWITCHING STATION,6/1/2028,GPC,REDACTED,REDACTED,REDACTED,REDACTED,REDACTED,01_expansion_plan_projects.pdf,8,14,https://psc.ga.gov/search/facts-document/?documentId=221233,2028-06-01,Installation of Power Flow Controllers at the new East Villa Rica Switching Station on the Douglasville - Villa Rica 230kV and Summer Lake - Villa Rica 230kV lines. The Power Flow Controllers will be removed when GTCs strategic project at Cavender Drive goes in service.,Steady state,05_steady_state_projects.pdf,107,166,,,,,,,GPC,GA:01_expansion_plan_projects.pdf:8:21069,other,,villa rica,,-84.8548379,33.740971,"{""type"": ""Point"", ""coordinates"": [-84.8548379, 33.740971]}",Point,single_endpoint,facility_bounds_center,medium,False,osm,https://www.openstreetmap.org/way/159758304,C:\Users\sebas\PycharmProjects\Git\Project_secret_project\data\raw\osm\GA\power_substations_overpass.json,standard_public_gis,,"[""smart valves"", ""east villa rica"", ""power flow controllers"", ""douglasville"", ""villa rica"", ""summer lake"", ""gtcs"", ""cavender drive""]","[{""endpoint_name"": ""villa rica"", ""feature_name"": ""Villa Rica Substation"", ""coordinates"": [-84.8548379, 33.740971], ""feature_id"": ""way/159758304"", ""source"": ""osm"", ""source_url"": ""https://www.openstreetmap.org/way/159758304"", ""source_file"": ""C:\\Users\\sebas\\PycharmProjects\\Git\\Project_secret_project\\data\\raw\\osm\\GA\\power_substations_overpass.json"", ""point_method"": ""facility_bounds_center"", ""review_required"": false, ""in_title"": false}]",[]
GA,214,2028,20768,SOUTH MACON 115KV BUSES 1 & 2 REPLACEMENT,6/1/2028,GPC,REDACTED,REDACTED,REDACTED,REDACTED,REDACTED,01_expansion_plan_projects.pdf,8,14,https://psc.ga.gov/search/facts-document/?documentId=221233,2028-06-01,Replace the 115kV buses 1 and 2 at South Macon with (2) 1590 AAC.,Steady state,05_steady_state_projects.pdf,108,167,,,,,,,GPC,GA:01_expansion_plan_projects.pdf:8:20768,other,,south macon,,-83.62619775,32.82034925,"{""type"": ""Polygon"", ""coordinates"": [[[-83.6265127, 32.81933], [-83.6269573, 32.8195219], [-83.6271303, 32.8198549], [-83.6270663, 32.8205106], [-83.6269732, 32.8205044], [-83.6268682, 32.820714], [-83.626786, 32.8207147], [-83.6261448, 32.8213685], [-83.6253422, 32.8208935], [-83.6252652, 32.8208529], [-83.625296, 32.8206455], [-83.6253203, 32.8206279], [-83.6253459, 32.8204254], [-83.6253484, 32.8203857], [-83.6254467, 32.820263], [-83.6254597, 32.8200988], [-83.6262169, 32.8201554], [-83.6262402, 32.8199169], [-83.626491, 32.8196465], [-83.6265127, 32.81933]]]}",Polygon,description_facilities,asset_bounds_center,medium,True,exact_facility_name,https://psc.ga.gov/search/facts-document/?documentId=221233,C:\Users\sebas\PycharmProjects\Git\Project_secret_project\data\raw\osm\GA\power_substations_overpass.json,standard_public_gis,"Description asset candidates; review unresolved rows, circuit identity and exact work limits.","[""south macon"", ""buses"", ""aac""]","[{""endpoint_name"": ""south macon"", ""feature_name"": ""South Macon Substation"", ""coordinates"": [-83.62619775, 32.82034925], ""feature_id"": ""way/170991653"", ""source"": ""osm"", ""source_url"": ""https://www.openstreetmap.org/way/170991653"", ""source_file"": ""C:\\Users\\sebas\\PycharmProjects\\Git\\Project_secret_project\\data\\raw\\osm\\GA\\power_substations_overpass.json"", ""point_method"": ""facility_bounds_center"", ""review_required"": false, ""in_title"": true}]","[{""project_key"": ""GA:01_expansion_plan_projects.pdf:8:20768"", ""utility"": ""GPC"", ""state"": ""GA"", ""project_id"": ""20768"", ""project_name"": ""SOUTH MACON 115KV BUSES 1 & 2 REPLACEMENT"", ""description"": ""Replace the 115kV buses 1 and 2 at South Macon with (2) 1590 AAC."", ""asset_type"": ""station"", ""asset_name"": ""South Macon"", ""endpoint_a"": """", ""endpoint_b"": """", ""voltage_kv"": ""115"", ""circuit"": """", ""asset_stage"": ""existing"", ""scope_role"": ""work"", ""scope_notes"": ""Buses 1 and 2"", ""scope_source"": ""description_checked"", ""resolution_requirement"": ""standard_public_gis"", ""asset_key"": ""GA:01_expansion_plan_projects.pdf:8:20768:1"", ""expected_length_miles"": """", ""source_file"": ""01_expansion_plan_projects.pdf"", ""source_page"": """", ""source_pdf_page"": ""8"", ""source_url"": ""https://psc.ga.gov/search/facts-document/?documentId=221233"", ""description_source_file"": ""05_steady_state_projects.pdf"", ""description_pdf_page"": ""108"", ""action_type"": ""other"", ""detected_actions"": """", ""route_status"": ""facility_candidate"", ""route_method"": ""exact_facility_name"", ""route_file"": ""C:\\Users\\sebas\\PycharmProjects\\Git\\Project_secret_project\\data\\raw\\osm\\GA\\power_substations_overpass.json"", ""review_note"": ""Buses 1 and 2"", ""anchor_evidence"": ""[{\""name\"": \""South Macon Substation\"", \""names\"": [\""South Macon Substation\""], \""state\"": \""GA\"", \""geometry\"": {\""type\"": \""Polygon\"", \""coordinates\"": [[[-83.6265127, 32.81933], [-83.6269573, 32.8195219], [-83.6271303, 32.8198549], [-83.6270663, 32.8205106], [-83.6269732, 32.8205044], [-83.6268682, 32.820714], [-83.626786, 32.8207147], [-83.6261448, 32.8213685], [-83.6253422, 32.8208935], [-83.6252652, 32.8208529], [-83.625296, 32.8206455], [-83.6253203, 32.8206279], [-83.6253459, 32.8204254], [-83.6253484, 32.8203857], [-83.6254467, 32.820263], [-83.6254597, 32.8200988], [-83.6262169, 32.8201554], [-83.6262402, 32.8199169], [-83.626491, 32.8196465], [-83.6265127, 32.81933]]]}, \""feature_id\"": \""way/170991653\"", \""kind\"": \""substation\"", \""voltage\"": \""230000\"", \""source\"": \""osm\"", \""source_url\"": \""https://www.openstreetmap.org/way/170991653\"", \""source_file\"": \""C:\\\\Users\\\\sebas\\\\PycharmProjects\\\\Git\\\\Project_secret_project\\\\data\\\\raw\\\\osm\\\\GA\\\\power_substations_overpass.json\"", \""review_required\"": false, \""coordinates\"": [-83.62619775, 32.82034925]}]"", ""distance_km"": """", ""source"": ""osm"", ""segment_feature_ids"": """", ""source_tags"": """", ""start_snap_km"": """", ""end_snap_km"": """", ""hops"": """", ""start_osm_node"": """", ""end_osm_node"": """", ""osm_way_ids"": """", ""way_names"": """", ""operators"": """", ""unknown_voltage_edge_count"": """", ""attribution"": """", ""license"": """", ""saved_evidence"": """"}]"
GA,208,2028,20274,UNION CITY - YATES 230KV (BLACK) LINE REBUILD,6/1/2028,GPC,REDACTED,REDACTED,REDACTED,REDACTED,REDACTED,01_expansion_plan_projects.pdf,8,14,https://psc.ga.gov/search/facts-document/?documentId=221233,2028-06-01,"Rebuild the Union City - Yates 230kV Black line with bundled 200C 1351 ACSS Martin conductor. Replace limiting elements at Union City, Fairburn #1 and Line Creek substations.",Steady state,05_steady_state_projects.pdf,109,168,,,,,,,GPC,GA:01_expansion_plan_projects.pdf:8:20274,rebuild,rebuild,yates,,-84.89652749999999,33.46118605,"{""type"": ""Point"", ""coordinates"": [-84.89652749999999, 33.46118605]}",Point,single_endpoint,facility_bounds_center,high,False,osm,https://www.openstreetmap.org/way/171166735,C:\Users\sebas\PycharmProjects\Git\Project_secret_project\data\raw\osm\GA\power_substations_overpass.json,standard_public_gis,,"[""union city"", ""yates"", ""black"", ""martin"", ""fairburn"", ""creek""]","[{""endpoint_name"": ""yates"", ""feature_name"": ""Yates Switchyard"", ""coordinates"": [-84.89652749999999, 33.46118605], ""feature_id"": ""way/171166735"", ""source"": ""osm"", ""source_url"": ""https://www.openstreetmap.org/way/171166735"", ""source_file"": ""C:\\Users\\sebas\\PycharmProjects\\Git\\Project_secret_project\\data\\raw\\osm\\GA\\power_substations_overpass.json"", ""point_method"": ""facility_bounds_center"", ""review_required"": false, ""in_title"": true}]",[]
GA,213,2028,13166,FIRST AVENUE - NORTH COLUMBUS 115KV LINE REBUILD,12/1/2028,GPC,REDACTED,REDACTED,REDACTED,REDACTED,REDACTED,01_expansion_plan_projects.pdf,8,14,https://psc.ga.gov/search/facts-document/?documentId=221233,2028-12-01,Rebuild the 0.9 miles North Columbus - First Avenue 115kV line (currently 75C 657 ACAR) with 200C 1351 ACSS conductor.,Steady state,05_steady_state_projects.pdf,110,169,,,,,,,GPC,GA:01_expansion_plan_projects.pdf:8:13166,rebuild,rebuild,,,,,,,unresolved,unresolved,low,True,,,,standard_public_gis,,"[""first avenue"", ""north columbus"", ""acar""]",[],[]
GA,208,2029,21062,ASHLEY PARK-WANSLEY 500KV,6/1/2029,GPC,REDACTED,REDACTED,REDACTED,REDACTED,REDACTED,01_expansion_plan_projects.pdf,9,15,https://psc.ga.gov/search/facts-document/?documentId=221233,2029-06-01,"Construct a 500kV line from Ashley Park to Wansley, approximately 35 miles long.",Steady state,05_steady_state_projects.pdf,112,171,"The construction of the Ashley Park – Wansley 500kV line aims to address the evolving dynamics within the Georgia Integrated Transmission System (ITS), primarily driven by the changes in generation and forecasted load growth. This project involves the construction of a new ~30-mile 500 kV line from Ashley Park to Wansley as shown in Figure 4. Additionally, supplemental projects include Ashley Park Line Termination (GPC) and Wansley Line Termination (MEAG). This project will be done in conjunction with GTC: Tenaska – Wansley 500kV (TEAMS 21123). The decision to undertake this project stems from the necessity to enhance available transmission capacity and mitigate thermal limits resulting from 500 kV contingencies under NERC TPL-001-5. This project will reduce flows and increase available capacity on various circuits, thereby alleviating or reducing thermal constraints on critical circuits under contingency scenarios. This solution is the result of joint planning efforts amongst the GA ITS Participants.",06_strategic_projects.pdf,1,272,5,276,GPC,GA:01_expansion_plan_projects.pdf:9:21062,other,,wansley,,-85.03076899999999,33.4109556,"{""type"": ""Point"", ""coordinates"": [-85.03076899999999, 33.4109556]}",Point,single_endpoint,facility_bounds_center,high,False,osm,https://www.openstreetmap.org/way/159784571,C:\Users\sebas\PycharmProjects\Git\Project_secret_project\data\raw\osm\GA\power_substations_overpass.json,standard_public_gis,,"[""ashley park"", ""wansley""]","[{""endpoint_name"": ""wansley"", ""feature_name"": ""Wansley Substation"", ""coordinates"": [-85.03076899999999, 33.4109556], ""feature_id"": ""way/159784571"", ""source"": ""osm"", ""source_url"": ""https://www.openstreetmap.org/way/159784571"", ""source_file"": ""C:\\Users\\sebas\\PycharmProjects\\Git\\Project_secret_project\\data\\raw\\osm\\GA\\power_substations_overpass.json"", ""point_method"": ""facility_bounds_center"", ""review_required"": false, ""in_title"": true}]",[]
GA,216,2029,10222,BLAKELY PRIMARY - HUCKLEBERRY 115KV REBUILD,6/1/2029,GPC,REDACTED,REDACTED,REDACTED,REDACTED,REDACTED,01_expansion_plan_projects.pdf,9,15,https://psc.ga.gov/search/facts-document/?documentId=221233,2029-06-01,Rebuild the Blakley Primary - Huckleberry 115kV line from 75C 477 ACSR to 200C 1351 ACSS. (13.5 miles) GPC: Replace jumpers at Blakely Primary GTC: Replace jumpers at Blakely and Huckleberry,Steady state,05_steady_state_projects.pdf,113,172,,,,,,,GPC,GA:01_expansion_plan_projects.pdf:9:10222,rebuild,rebuild,,,,,,,unresolved,unresolved,low,True,,,,standard_public_gis,; ambiguous facility names: blakely,"[""blakely"", ""huckleberry"", ""blakley"", ""gtc""]",[],[]
GA,214,2029,21047,BROADWAY - ECHECONNEE 115 KV LINE REBUILD,6/1/2029,GPC,REDACTED,REDACTED,REDACTED,REDACTED,REDACTED,01_expansion_plan_projects.pdf,9,15,https://psc.ga.gov/search/facts-document/?documentId=221233,2029-06-01,Rebuild the Griffin Rd – Echeconnee line section of Broadway - Echeconnee line with 200C 1351 ACSS conductor.,Steady state,05_steady_state_projects.pdf,114,173,,,,,,,GPC,GA:01_expansion_plan_projects.pdf:9:21047,rebuild,rebuild,,,,,,,unresolved,unresolved,low,True,,,,standard_public_gis,,"[""broadway"", ""echeconnee"", ""griffin road""]",[],[]
GA,213,2029,16887,BUTLER - THOMASTON 230KV LINE CONVERSION,6/1/2029,GPC,REDACTED,REDACTED,REDACTED,REDACTED,REDACTED,01_expansion_plan_projects.pdf,9,15,https://psc.ga.gov/search/facts-document/?documentId=221233,2029-06-01,Rebuild the radial Thomaston - Butler 115kV line to 230kV network operation. Make all necessary upgrades and accommodations at Butler and Thomaston. Convert the Wesley substation from 115kV to 230kV.,Steady state,05_steady_state_projects.pdf,115,174,,,,,,,GPC,GA:01_expansion_plan_projects.pdf:9:16887,other,,Thomaston,Butler,-84.30144625,32.7355297,"{""type"": ""GeometryCollection"", ""geometries"": [{""type"": ""LineString"", ""coordinates"": [[-84.3128403, 32.8995846], [-84.3122395, 32.898918], [-84.3111559, 32.8975329], [-84.3101393, 32.8962673], [-84.3091469, 32.8950398], [-84.3081867, 32.8938169], [-84.3072908, 32.8926908], [-84.3062716, 32.8913755], [-84.3063681, 32.8900016], [-84.3064218, 32.8882628], [-84.3064861, 32.8869047], [-84.3065693, 32.8849811], [-84.3066042, 32.8838662], [-84.306698, 32.8821543], [-84.3067678, 32.881037], [-84.306087, 32.8791128], [-84.3052835, 32.8765408], [-84.3047895, 32.8748759], [-84.3041836, 32.8730394], [-84.3035118, 32.8708268], [-84.3036896, 32.8689737], [-84.3037621, 32.8676571], [-84.3039597, 32.8653393], [-84.3041967, 32.8625732], [-84.3043434, 32.8611384], [-84.3045136, 32.8589093], [-84.3047347, 32.8570374], [-84.3048935, 32.855275], [-84.305143, 32.8526885], [-84.3054151, 32.8504592], [-84.3055682, 32.8488158], [-84.3054605, 32.847239], [-84.3053584, 32.8453049], [-84.3051713, 32.8418844], [-84.3050863, 32.8401789], [-84.3049842, 32.838945], [-84.3048991, 32.8375395], [-84.3047493, 32.8349603], [-84.3045735, 32.8320015], [-84.3045055, 32.8305388], [-84.3043637, 32.8280707], [-84.3042843, 32.8267413], [-84.3041879, 32.8252452], [-84.3042106, 32.8241302], [-84.304222, 32.8203419], [-84.304273, 32.8178545], [-84.3043014, 32.8159293], [-84.30429, 32.8141613], [-84.3043127, 32.8118405], [-84.3043581, 32.8094386], [-84.3043694, 32.8080851], [-84.3043921, 32.8056259], [-84.3044318, 32.8035193], [-84.3044261, 32.8000019], [-84.3044544, 32.7964128], [-84.3044828, 32.7946016], [-84.3045508, 32.7907835], [-84.3045679, 32.7889816], [-84.3045849, 32.7865076], [-84.3046302, 32.7822744], [-84.3046756, 32.7791376], [-84.3046813, 32.7771638], [-84.3047225, 32.7750896], [-84.3047729, 32.7714248], [-84.3047771, 32.769368], [-84.304836, 32.7676257], [-84.3048612, 32.7642257], [-84.304899, 32.7625893], [-84.3049242, 32.7592987], [-84.304941, 32.7582313], [-84.3049789, 32.7564216], [-84.3050041, 32.753866], [-84.3050293, 32.7519431], [-84.3050629, 32.750158], [-84.3050923, 32.7482173], [-84.3051134, 32.7453009], [-84.3051848, 32.7420415], [-84.305189, 32.7400936], [-84.30521, 32.7381421], [-84.3052815, 32.7356001], [-84.3053571, 32.7331712], [-84.3051049, 32.7305089], [-84.3049494, 32.7285926], [-84.3048402, 32.7272525], [-84.3046762, 32.7252866], [-84.3044409, 32.7227336], [-84.3042391, 32.7204671], [-84.3041004, 32.7186035], [-84.3038987, 32.7158665], [-84.3037474, 32.7137766], [-84.3035288, 32.7117184], [-84.3034237, 32.7103498], [-84.3032766, 32.7085002], [-84.3031001, 32.7064525], [-84.3029068, 32.7041537], [-84.3027572, 32.7025498], [-84.3026415, 32.700869], [-84.3023918, 32.6978817], [-84.3022434, 32.6961825], [-84.3020335, 32.6935728], [-84.3018816, 32.6915872], [-84.30165, 32.6886758], [-84.3015197, 32.6872201], [-84.3013894, 32.6854476], [-84.3012555, 32.6836202], [-84.3011108, 32.6817745], [-84.3009914, 32.680139], [-84.3007272, 32.6773368], [-84.3006006, 32.6755337], [-84.3004368, 32.6735633], [-84.3002436, 32.6710405], [-84.3000515, 32.6687752], [-84.2999035, 32.6675384], [-84.2998854, 32.6672064], [-84.299795, 32.6654792], [-84.299614, 32.6636179], [-84.2993028, 32.6616683], [-84.298941, 32.6595266], [-84.2985502, 32.6571504], [-84.2982354, 32.6553133], [-84.297964, 32.6533299], [-84.2975949, 32.6513008], [-84.2972149, 32.6492473], [-84.2967481, 32.6464351], [-84.2962234, 32.6435862], [-84.2958652, 32.6417031], [-84.2955287, 32.6397347], [-84.2953333, 32.6383208], [-84.2951921, 32.6369069], [-84.295004, 32.6345514], [-84.2948556, 32.6325524], [-84.2946566, 32.6302211], [-84.2944648, 32.6277313], [-84.2942658, 32.625729], [-84.2940089, 32.622465], [-84.293846, 32.6206821], [-84.2936108, 32.6184876], [-84.2934227, 32.6163633], [-84.2933105, 32.6144949], [-84.2931657, 32.6128124], [-84.2930391, 32.6111938], [-84.2928871, 32.6094595], [-84.2927279, 32.6076976], [-84.2924818, 32.6045274], [-84.2922502, 32.6015918], [-84.2919968, 32.5986398], [-84.2917855, 32.5962487], [-84.29161, 32.5941435], [-84.2913328, 32.5908554], [-84.2911589, 32.5887236], [-84.2909703, 32.586388], [-84.2907842, 32.584205], [-84.2906204, 32.5821432], [-84.2904368, 32.5799475], [-84.2902382, 32.5775594], [-84.290072, 32.57542], [-84.2898905, 32.5732196], [-84.2897484, 32.5716099], [-84.2897285, 32.5714604]]}, {""type"": ""Polygon"", ""coordinates"": [[[-84.2900471, 32.5704494], [-84.2902507, 32.5708502], [-84.2902998, 32.5715645], [-84.2897874, 32.571594], [-84.2892083, 32.5714284], [-84.2891578, 32.5706538], [-84.2895031, 32.5704731], [-84.2900471, 32.5704494]]]}, {""type"": ""Polygon"", ""coordinates"": [[[-84.3137347, 32.8997991], [-84.3136324, 32.8999326], [-84.3133507, 32.9001621], [-84.3133025, 32.9001124], [-84.3131822, 32.9001986], [-84.3129388, 32.8999648], [-84.3128285, 32.9000304], [-84.3119898, 32.90061], [-84.3112989, 32.8999267], [-84.3117309, 32.8996221], [-84.311829, 32.8995529], [-84.3122021, 32.8999398], [-84.3125298, 32.8997034], [-84.3124877, 32.8996525], [-84.3126397, 32.8995506], [-84.312651, 32.8995696], [-84.3128693, 32.8994188], [-84.3131354, 32.899235], [-84.3134136, 32.8992814], [-84.3137019, 32.8995506], [-84.3136125, 32.8996206], [-84.3136725, 32.8997411], [-84.3137347, 32.8997991]]]}]}",GeometryCollection,traced_route_candidate,asset_bounds_center,medium,True,osm_voltage_graph;exact_facility_name,https://psc.ga.gov/search/facts-document/?documentId=221233,C:\Users\sebas\PycharmProjects\Git\Project_secret_project\data\raw\osm\GA\power_lines_statewide_overpass.json;C:\Users\sebas\PycharmProjects\Git\Project_secret_project\data\raw\osm\GA\power_substations_overpass.json,standard_public_gis,"Description asset candidates; review unresolved rows, circuit identity and exact work limits.","[""butler"", ""thomaston"", ""conversion"", ""make"", ""wesley""]","[{""endpoint_name"": ""butler"", ""feature_name"": ""Butler Primary Substation"", ""coordinates"": [-84.2897288, 32.5710217], ""feature_id"": ""way/170999705"", ""source"": ""osm"", ""source_url"": ""https://www.openstreetmap.org/way/170999705"", ""source_file"": ""C:\\Users\\sebas\\PycharmProjects\\Git\\Project_secret_project\\data\\raw\\osm\\GA\\power_substations_overpass.json"", ""point_method"": ""facility_bounds_center"", ""review_required"": false, ""in_title"": true}, {""endpoint_name"": ""thomaston"", ""feature_name"": ""Thomaston Primary Substation"", ""coordinates"": [-84.3125168, 32.8999225], ""feature_id"": ""way/160308061"", ""source"": ""osm"", ""source_url"": ""https://www.openstreetmap.org/way/160308061"", ""source_file"": ""C:\\Users\\sebas\\PycharmProjects\\Git\\Project_secret_project\\data\\raw\\osm\\GA\\power_substations_overpass.json"", ""point_method"": ""facility_bounds_center"", ""review_required"": false, ""in_title"": true}]","[{""project_key"": ""GA:01_expansion_plan_projects.pdf:9:16887"", ""utility"": ""GPC"", ""state"": ""GA"", ""project_id"": ""16887"", ""project_name"": ""BUTLER - THOMASTON 230KV LINE CONVERSION"", ""description"": ""Rebuild the radial Thomaston - Butler 115kV line to 230kV network operation. Make all necessary upgrades and accommodations at Butler and Thomaston. Convert the Wesley substation from 115kV to 230kV."", ""asset_type"": ""line"", ""asset_name"": ""Thomaston - Butler"", ""endpoint_a"": ""Thomaston"", ""endpoint_b"": ""Butler"", ""voltage_kv"": 115.0, ""circuit"": """", ""asset_stage"": ""existing"", ""scope_role"": ""work"", ""scope_notes"": ""Existing voltage 115; proposed conversion is 230"", ""scope_source"": ""description_checked"", ""resolution_requirement"": ""standard_public_gis"", ""asset_key"": ""GA:01_expansion_plan_projects.pdf:9:16887:1"", ""expected_length_miles"": """", ""source_file"": ""01_expansion_plan_projects.pdf"", ""source_page"": """", ""source_pdf_page"": ""9"", ""source_url"": ""https://psc.ga.gov/search/facts-document/?documentId=221233"", ""description_source_file"": ""05_steady_state_projects.pdf"", ""description_pdf_page"": ""115"", ""action_type"": ""other"", ""detected_actions"": """", ""route_status"": ""review_required"", ""route_method"": ""osm_voltage_graph"", ""route_file"": ""C:\\Users\\sebas\\PycharmProjects\\Git\\Project_secret_project\\data\\raw\\osm\\GA\\power_lines_statewide_overpass.json"", ""review_note"": ""Existing voltage 115; proposed conversion is 230; OSM path candidate; circuit and exact work extent unverified."", ""anchor_evidence"": ""[{\""name\"": \""Thomaston Primary Substation\"", \""names\"": [\""Thomaston Primary Substation\""], \""state\"": \""GA\"", \""geometry\"": {\""type\"": \""Polygon\"", \""coordinates\"": [[[-84.3137347, 32.8997991], [-84.3136324, 32.8999326], [-84.3133507, 32.9001621], [-84.3133025, 32.9001124], [-84.3131822, 32.9001986], [-84.3129388, 32.8999648], [-84.3128285, 32.9000304], [-84.3119898, 32.90061], [-84.3112989, 32.8999267], [-84.3117309, 32.8996221], [-84.311829, 32.8995529], [-84.3122021, 32.8999398], [-84.3125298, 32.8997034], [-84.3124877, 32.8996525], [-84.3126397, 32.8995506], [-84.312651, 32.8995696], [-84.3128693, 32.8994188], [-84.3131354, 32.899235], [-84.3134136, 32.8992814], [-84.3137019, 32.8995506], [-84.3136125, 32.8996206], [-84.3136725, 32.8997411], [-84.3137347, 32.8997991]]]}, \""feature_id\"": \""way/160308061\"", \""kind\"": \""substation\"", \""voltage\"": \""230000\"", \""source\"": \""osm\"", \""source_url\"": \""https://www.openstreetmap.org/way/160308061\"", \""source_file\"": \""C:\\\\Users\\\\sebas\\\\PycharmProjects\\\\Git\\\\Project_secret_project\\\\data\\\\raw\\\\osm\\\\GA\\\\power_substations_overpass.json\"", \""review_required\"": false, \""coordinates\"": [-84.3125168, 32.8999225]}, {\""name\"": \""Butler Primary Substation\"", \""names\"": [\""Butler Primary Substation\""], \""state\"": \""GA\"", \""geometry\"": {\""type\"": \""Polygon\"", \""coordinates\"": [[[-84.2900471, 32.5704494], [-84.2902507, 32.5708502], [-84.2902998, 32.5715645], [-84.2897874, 32.571594], [-84.2892083, 32.5714284], [-84.2891578, 32.5706538], [-84.2895031, 32.5704731], [-84.2900471, 32.5704494]]]}, \""feature_id\"": \""way/170999705\"", \""kind\"": \""substation\"", \""voltage\"": \""230000;115000;46000;12000\"", \""source\"": \""osm\"", \""source_url\"": \""https://www.openstreetmap.org/way/170999705\"", \""source_file\"": \""C:\\\\Users\\\\sebas\\\\PycharmProjects\\\\Git\\\\Project_secret_project\\\\data\\\\raw\\\\osm\\\\GA\\\\power_substations_overpass.json\"", \""review_required\"": false, \""coordinates\"": [-84.2897288, 32.5710217]}]"", ""distance_km"": 36.79217205927088, ""source"": ""OpenStreetMap"", ""segment_feature_ids"": """", ""source_tags"": """", ""start_snap_km"": 0.04820696337648376, ""end_snap_km"": 0.048781289797944036, ""hops"": 158.0, ""start_osm_node"": 9724243999.0, ""end_osm_node"": 1821040250.0, ""osm_way_ids"": [170999701], ""way_names"": [NaN], ""operators"": [NaN], ""unknown_voltage_edge_count"": 0.0, ""attribution"": ""\u00a9 OpenStreetMap contributors"", ""license"": ""ODbL"", ""saved_evidence"": """"}, {""project_key"": ""GA:01_expansion_plan_projects.pdf:9:16887"", ""utility"": ""GPC"", ""state"": ""GA"", ""project_id"": ""16887"", ""project_name"": ""BUTLER - THOMASTON 230KV LINE CONVERSION"", ""description"": ""Rebuild the radial Thomaston - Butler 115kV line to 230kV network operation. Make all necessary upgrades and accommodations at Butler and Thomaston. Convert the Wesley substation from 115kV to 230kV."", ""asset_type"": ""station"", ""asset_name"": ""Butler"", ""endpoint_a"": """", ""endpoint_b"": """", ""voltage_kv"": ""115;230"", ""circuit"": """", ""asset_stage"": ""existing"", ""scope_role"": ""work"", ""scope_notes"": ""Conversion accommodations"", ""scope_source"": ""description_checked"", ""resolution_requirement"": ""standard_public_gis"", ""asset_key"": ""GA:01_expansion_plan_projects.pdf:9:16887:2"", ""expected_length_miles"": """", ""source_file"": ""01_expansion_plan_projects.pdf"", ""source_page"": """", ""source_pdf_page"": ""9"", ""source_url"": ""https://psc.ga.gov/search/facts-document/?documentId=221233"", ""description_source_file"": ""05_steady_state_projects.pdf"", ""description_pdf_page"": ""115"", ""action_type"": ""other"", ""detected_actions"": """", ""route_status"": ""facility_candidate"", ""route_method"": ""exact_facility_name"", ""route_file"": ""C:\\Users\\sebas\\PycharmProjects\\Git\\Project_secret_project\\data\\raw\\osm\\GA\\power_substations_overpass.json"", ""review_note"": ""Conversion accommodations"", ""anchor_evidence"": ""[{\""name\"": \""Butler Primary Substation\"", \""names\"": [\""Butler Primary Substation\""], \""state\"": \""GA\"", \""geometry\"": {\""type\"": \""Polygon\"", \""coordinates\"": [[[-84.2900471, 32.5704494], [-84.2902507, 32.5708502], [-84.2902998, 32.5715645], [-84.2897874, 32.571594], [-84.2892083, 32.5714284], [-84.2891578, 32.5706538], [-84.2895031, 32.5704731], [-84.2900471, 32.5704494]]]}, \""feature_id\"": \""way/170999705\"", \""kind\"": \""substation\"", \""voltage\"": \""230000;115000;46000;12000\"", \""source\"": \""osm\"", \""source_url\"": \""https://www.openstreetmap.org/way/170999705\"", \""source_file\"": \""C:\\\\Users\\\\sebas\\\\PycharmProjects\\\\Git\\\\Project_secret_project\\\\data\\\\raw\\\\osm\\\\GA\\\\power_substations_overpass.json\"", \""review_required\"": false, \""coordinates\"": [-84.2897288, 32.5710217]}]"", ""distance_km"": """", ""source"": ""osm"", ""segment_feature_ids"": """", ""source_tags"": """", ""start_snap_km"": """", ""end_snap_km"": """", ""hops"": """", ""start_osm_node"": """", ""end_osm_node"": """", ""osm_way_ids"": """", ""way_names"": """", ""operators"": """", ""unknown_voltage_edge_count"": """", ""attribution"": """", ""license"": """", ""saved_evidence"": """"}, {""project_key"": ""GA:01_expansion_plan_projects.pdf:9:16887"", ""utility"": ""GPC"", ""state"": ""GA"", ""project_id"": ""16887"", ""project_name"": ""BUTLER - THOMASTON 230KV LINE CONVERSION"", ""description"": ""Rebuild the radial Thomaston - Butler 115kV line to 230kV network operation. Make all necessary upgrades and accommodations at Butler and Thomaston. Convert the Wesley substation from 115kV to 230kV."", ""asset_type"": ""station"", ""asset_name"": ""Thomaston"", ""endpoint_a"": """", ""endpoint_b"": """", ""voltage_kv"": ""115;230"", ""circuit"": """", ""asset_stage"": ""existing"", ""scope_role"": ""work"", ""scope_notes"": ""Conversion accommodations"", ""scope_source"": ""description_checked"", ""resolution_requirement"": ""standard_public_gis"", ""asset_key"": ""GA:01_expansion_plan_projects.pdf:9:16887:3"", ""expected_length_miles"": """", ""source_file"": ""01_expansion_plan_projects.pdf"", ""source_page"": """", ""source_pdf_page"": ""9"", ""source_url"": ""https://psc.ga.gov/search/facts-document/?documentId=221233"", ""description_source_file"": ""05_steady_state_projects.pdf"", ""description_pdf_page"": ""115"", ""action_type"": ""other"", ""detected_actions"": """", ""route_status"": ""facility_candidate"", ""route_method"": ""exact_facility_name"", ""route_file"": ""C:\\Users\\sebas\\PycharmProjects\\Git\\Project_secret_project\\data\\raw\\osm\\GA\\power_substations_overpass.json"", ""review_note"": ""Conversion accommodations"", ""anchor_evidence"": ""[{\""name\"": \""Thomaston Primary Substation\"", \""names\"": [\""Thomaston Primary Substation\""], \""state\"": \""GA\"", \""geometry\"": {\""type\"": \""Polygon\"", \""coordinates\"": [[[-84.3137347, 32.8997991], [-84.3136324, 32.8999326], [-84.3133507, 32.9001621], [-84.3133025, 32.9001124], [-84.3131822, 32.9001986], [-84.3129388, 32.8999648], [-84.3128285, 32.9000304], [-84.3119898, 32.90061], [-84.3112989, 32.8999267], [-84.3117309, 32.8996221], [-84.311829, 32.8995529], [-84.3122021, 32.8999398], [-84.3125298, 32.8997034], [-84.3124877, 32.8996525], [-84.3126397, 32.8995506], [-84.312651, 32.8995696], [-84.3128693, 32.8994188], [-84.3131354, 32.899235], [-84.3134136, 32.8992814], [-84.3137019, 32.8995506], [-84.3136125, 32.8996206], [-84.3136725, 32.8997411], [-84.3137347, 32.8997991]]]}, \""feature_id\"": \""way/160308061\"", \""kind\"": \""substation\"", \""voltage\"": \""230000\"", \""source\"": \""osm\"", \""source_url\"": \""https://www.openstreetmap.org/way/160308061\"", \""source_file\"": \""C:\\\\Users\\\\sebas\\\\PycharmProjects\\\\Git\\\\Project_secret_project\\\\data\\\\raw\\\\osm\\\\GA\\\\power_substations_overpass.json\"", \""review_required\"": false, \""coordinates\"": [-84.3125168, 32.8999225]}]"", ""distance_km"": """", ""source"": ""osm"", ""segment_feature_ids"": """", ""source_tags"": """", ""start_snap_km"": """", ""end_snap_km"": """", ""hops"": """", ""start_osm_node"": """", ""end_osm_node"": """", ""osm_way_ids"": """", ""way_names"": """", ""operators"": """", ""unknown_voltage_edge_count"": """", ""attribution"": """", ""license"": """", ""saved_evidence"": """"}]"
GA,201,2029,21036,BUZZARD ROOST - FACTORY SHOALS 230KV NEW LINE,6/1/2029,GPC,REDACTED,REDACTED,REDACTED,REDACTED,REDACTED,01_expansion_plan_projects.pdf,9,15,https://psc.ga.gov/search/facts-document/?documentId=221233,2029-06-01,A new 2 mile 230kV line is being built from Buzzard Roost to Factory Shoals with 200C 1351 ACSS Martin conductor.,Steady state,05_steady_state_projects.pdf,116,175,,,,,,,GPC,GA:01_expansion_plan_projects.pdf:9:21036,other,,,,,,,,unresolved,unresolved,low,True,,,,standard_public_gis,,"[""buzzard roost"", ""factory shoals"", ""martin""]",[],[]
GA,206,2029,21142,CONYERS - KLONDIKE 230 KV SECOND LINE,6/1/2029,GPC,REDACTED,REDACTED,REDACTED,REDACTED,REDACTED,01_expansion_plan_projects.pdf,9,15,https://psc.ga.gov/search/facts-document/?documentId=221233,2029-06-01,Build a new 6.56 mile line from Conyers to Klondike with 200C (2) 1351 ACSS Martin conductor. Build one new 230kV breaker terminal at Conyers and one new 230kV terminal at Klondike.,Steady state,05_steady_state_projects.pdf,117,176,,,,,,,GPC,GA:01_expansion_plan_projects.pdf:9:21142,other,,klondike,,-84.12448705,33.63697675,"{""type"": ""Polygon"", ""coordinates"": [[[-84.1271235, 33.6382805], [-84.1265173, 33.6387577], [-84.1255533, 33.6387547], [-84.1255366, 33.6378485], [-84.1226216, 33.6378076], [-84.1218109, 33.6371219], [-84.1218367, 33.6359955], [-84.1228204, 33.6351958], [-84.1248421, 33.6352216], [-84.1247982, 33.6361309], [-84.1271632, 33.6361331], [-84.1271235, 33.6382805]]]}",Polygon,description_facilities,asset_bounds_center,medium,True,exact_facility_name,https://psc.ga.gov/search/facts-document/?documentId=221233,C:\Users\sebas\PycharmProjects\Git\Project_secret_project\data\raw\osm\GA\power_substations_overpass.json,standard_public_gis,"Description asset candidates; review unresolved rows, circuit identity and exact work limits.","[""conyers"", ""klondike"", ""second"", ""build"", ""martin""]","[{""endpoint_name"": ""klondike"", ""feature_name"": ""Klondike Substation"", ""coordinates"": [-84.12448705, 33.63697675], ""feature_id"": ""way/159784541"", ""source"": ""osm"", ""source_url"": ""https://www.openstreetmap.org/way/159784541"", ""source_file"": ""C:\\Users\\sebas\\PycharmProjects\\Git\\Project_secret_project\\data\\raw\\osm\\GA\\power_substations_overpass.json"", ""point_method"": ""facility_bounds_center"", ""review_required"": false, ""in_title"": true}]","[{""project_key"": ""GA:01_expansion_plan_projects.pdf:9:21142"", ""utility"": ""GPC"", ""state"": ""GA"", ""project_id"": ""21142"", ""project_name"": ""CONYERS - KLONDIKE 230 KV SECOND LINE"", ""description"": ""Build a new 6.56 mile line from Conyers to Klondike with 200C (2) 1351 ACSS Martin conductor. Build one new 230kV breaker terminal at Conyers and one new 230kV terminal at Klondike."", ""asset_type"": ""station"", ""asset_name"": ""Klondike"", ""endpoint_a"": """", ""endpoint_b"": """", ""voltage_kv"": ""230"", ""circuit"": """", ""asset_stage"": ""existing"", ""scope_role"": ""work"", ""scope_notes"": ""New terminal at existing station"", ""scope_source"": ""description_checked"", ""resolution_requirement"": ""standard_public_gis"", ""asset_key"": ""GA:01_expansion_plan_projects.pdf:9:21142:3"", ""expected_length_miles"": """", ""source_file"": ""01_expansion_plan_projects.pdf"", ""source_page"": """", ""source_pdf_page"": ""9"", ""source_url"": ""https://psc.ga.gov/search/facts-document/?documentId=221233"", ""description_source_file"": ""05_steady_state_projects.pdf"", ""description_pdf_page"": ""117"", ""action_type"": ""other"", ""detected_actions"": """", ""route_status"": ""facility_candidate"", ""route_method"": ""exact_facility_name"", ""route_file"": ""C:\\Users\\sebas\\PycharmProjects\\Git\\Project_secret_project\\data\\raw\\osm\\GA\\power_substations_overpass.json"", ""review_note"": ""New terminal at existing station"", ""anchor_evidence"": ""[{\""name\"": \""Klondike Substation\"", \""names\"": [\""Klondike Substation\""], \""state\"": \""GA\"", \""geometry\"": {\""type\"": \""Polygon\"", \""coordinates\"": [[[-84.1271235, 33.6382805], [-84.1265173, 33.6387577], [-84.1255533, 33.6387547], [-84.1255366, 33.6378485], [-84.1226216, 33.6378076], [-84.1218109, 33.6371219], [-84.1218367, 33.6359955], [-84.1228204, 33.6351958], [-84.1248421, 33.6352216], [-84.1247982, 33.6361309], [-84.1271632, 33.6361331], [-84.1271235, 33.6382805]]]}, \""feature_id\"": \""way/159784541\"", \""kind\"": \""substation\"", \""voltage\"": \""500000;230000\"", \""source\"": \""osm\"", \""source_url\"": \""https://www.openstreetmap.org/way/159784541\"", \""source_file\"": \""C:\\\\Users\\\\sebas\\\\PycharmProjects\\\\Git\\\\Project_secret_project\\\\data\\\\raw\\\\osm\\\\GA\\\\power_substations_overpass.json\"", \""review_required\"": false, \""coordinates\"": [-84.12448705, 33.63697675]}]"", ""distance_km"": """", ""source"": ""osm"", ""segment_feature_ids"": """", ""source_tags"": """", ""start_snap_km"": """", ""end_snap_km"": """", ""hops"": """", ""start_osm_node"": """", ""end_osm_node"": """", ""osm_way_ids"": """", ""way_names"": """", ""operators"": """", ""unknown_voltage_edge_count"": """", ""attribution"": """", ""license"": """", ""saved_evidence"": """"}]"
GA,206,2029,21138,GLENWOOD SPRINGS - PORTERDALE PRIMARY 230KV LINE SWITCH REPL,6/1/2029,GPC,REDACTED,REDACTED,REDACTED,REDACTED,REDACTED,01_expansion_plan_projects.pdf,9,15,https://psc.ga.gov/search/facts-document/?documentId=221233,2029-06-01,Replace the 600A line switch at Porterdale Primary on the Glenwood Springs - Porterdale Primary 230kV Line with 1200A switch.,Steady state,05_steady_state_projects.pdf,118,177,,,,,,,GPC,GA:01_expansion_plan_projects.pdf:9:21138,other,,,,,,,,unresolved,unresolved,low,True,,,,standard_public_gis,,"[""glenwood springs"", ""porterdale"", ""repl""]",[],[]
GA,206,2029,21141,LLOYD SHOALS - PORTERDALE PRIMARY 115KV REBUILD,6/1/2029,GPC,REDACTED,REDACTED,REDACTED,REDACTED,REDACTED,01_expansion_plan_projects.pdf,9,15,https://psc.ga.gov/search/facts-document/?documentId=221233,2029-06-01,Rebuild 15.8 miles of 50C 397.5 ACSR Ibis with 200C 1351 ACSS Martin from Jackson Lake to Lloyd Shoals and Jackson Lake to South. Covington Junction.,Steady state,05_steady_state_projects.pdf,126,185,,,,,,,GPC,GA:01_expansion_plan_projects.pdf:9:21141,rebuild,rebuild,south,,-83.61431780000001,32.6087711,"{""type"": ""Point"", ""coordinates"": [-83.61431780000001, 32.6087711]}",Point,single_endpoint,facility_bounds_center,medium,False,osm,https://www.openstreetmap.org/way/160308120,C:\Users\sebas\PycharmProjects\Git\Project_secret_project\data\raw\osm\GA\power_substations_overpass.json,standard_public_gis,,"[""lloyd shoals"", ""porterdale"", ""martin"", ""jackson lake"", ""south"", ""covington junction""]","[{""endpoint_name"": ""south"", ""feature_name"": ""South"", ""coordinates"": [-83.61431780000001, 32.6087711], ""feature_id"": ""way/160308120"", ""source"": ""osm"", ""source_url"": ""https://www.openstreetmap.org/way/160308120"", ""source_file"": ""C:\\Users\\sebas\\PycharmProjects\\Git\\Project_secret_project\\data\\raw\\osm\\GA\\power_substations_overpass.json"", ""point_method"": ""facility_bounds_center"", ""review_required"": false, ""in_title"": false}]",[]
GA,216,2029,20285,LOWER RIVER - WEBB (APC) 115KV RECONDUCTOR,6/1/2029,GPC,REDACTED,REDACTED,REDACTED,REDACTED,REDACTED,01_expansion_plan_projects.pdf,9,15,https://psc.ga.gov/search/facts-document/?documentId=221233,2029-06-01,Reconductor 0.97 miles of 100C 636 Grosbeak Lower River - Webb 115kV line with 200C 795 ACSS Drake conductor.,Steady state,05_steady_state_projects.pdf,127,186,,,,,,,GPC,GA:01_expansion_plan_projects.pdf:9:20285,other,,,,,,,,unresolved,unresolved,low,True,,,,standard_public_gis,,"[""lower river"", ""webb"", ""apc"", ""grosbeak lower river"", ""drake""]",[],[]
GA,212,2029,19621,MCEVER ROAD - SHOAL CREEK 115KV REBUILD,6/1/2029,GPC,REDACTED,REDACTED,REDACTED,REDACTED,REDACTED,01_expansion_plan_projects.pdf,10,16,https://psc.ga.gov/search/facts-document/?documentId=221233,2029-06-01,"Rebuild the 636 ACSR (1 mile) of the McEver Road - College Square section, and 2 - 4/0 copper part (2.05 miles) of the College Square to Lakeside WTP B line section, part of the McEver Road - Shoal Creek 115kV line, using 200C 1351 ACSS conductor.",Steady state,05_steady_state_projects.pdf,128,187,,,,,,,GPC,GA:01_expansion_plan_projects.pdf:10:19621,rebuild,rebuild,mcever road,college square,-83.885023225,34.254121025,"{""type"": ""Point"", ""coordinates"": [-83.885023225, 34.254121025]}",Point,endpoint_midpoint,endpoint_midpoint,medium,False,osm,https://www.openstreetmap.org/way/1037359821;https://www.openstreetmap.org/way/1037359827,C:\Users\sebas\PycharmProjects\Git\Project_secret_project\data\raw\osm\GA\power_substations_overpass.json,standard_public_gis,,"[""mcever road"", ""shoal creek"", ""college square"", ""lakeside wtp b""]","[{""endpoint_name"": ""mcever road"", ""feature_name"": ""McEver Road Substation"", ""coordinates"": [-83.87380125, 34.2728832], ""feature_id"": ""way/1037359821"", ""source"": ""osm"", ""source_url"": ""https://www.openstreetmap.org/way/1037359821"", ""source_file"": ""C:\\Users\\sebas\\PycharmProjects\\Git\\Project_secret_project\\data\\raw\\osm\\GA\\power_substations_overpass.json"", ""point_method"": ""facility_bounds_center"", ""review_required"": false, ""in_title"": true}, {""endpoint_name"": ""college square"", ""feature_name"": ""College Square Substation"", ""coordinates"": [-83.89624520000001, 34.23535885], ""feature_id"": ""way/1037359827"", ""source"": ""osm"", ""source_url"": ""https://www.openstreetmap.org/way/1037359827"", ""source_file"": ""C:\\Users\\sebas\\PycharmProjects\\Git\\Project_secret_project\\data\\raw\\osm\\GA\\power_substations_overpass.json"", ""point_method"": ""facility_bounds_center"", ""review_required"": false, ""in_title"": false}]",[]
GA,218,2029,20346,MCMANUS - WEST BRUNSWICK 115KV REBUILD,6/1/2029,GPC,REDACTED,REDACTED,REDACTED,REDACTED,REDACTED,01_expansion_plan_projects.pdf,10,16,https://psc.ga.gov/search/facts-document/?documentId=221233,2029-06-01,"Rebuild the McManus - West Brunswick 115kV line, approximately 5.7 miles, with 200C 1351 ACSS Martin conductor.",Steady state,05_steady_state_projects.pdf,129,188,,,,,,,GPC,GA:01_expansion_plan_projects.pdf:10:20346,rebuild,rebuild,McManus,West Brunswick,-81.54218033665752,31.246136742823804,"{""type"": ""MultiLineString"", ""coordinates"": [[[-81.55866900038497, 31.279994999780676], [-81.55776104617784, 31.279071175830584], [-81.55087638209486, 31.266830190774577], [-81.5506438379122, 31.26644669594579], [-81.548662210091, 31.263681233635484], [-81.5483806044191, 31.263283204008644], [-81.54472198276085, 31.257940211626334], [-81.54454355129428, 31.25767605205766], [-81.54418925305129, 31.25714847635503], [-81.54385846461759, 31.256372973829517], [-81.54323793536877, 31.255439075161703], [-81.54316826742522, 31.255361942086726], [-81.54271496585476, 31.254884989935675], [-81.54219802673126, 31.253842881790597], [-81.54045451983397, 31.25056375266075], [-81.53773071021322, 31.244992008988625], [-81.53222604795117, 31.239651605098324], [-81.52733522787895, 31.23501475315589], [-81.52569167293008, 31.23235954917777], [-81.53692738817713, 31.22419176301275], [-81.54009981824741, 31.221896526370255], [-81.54070827773205, 31.220424943183467], [-81.5426572517927, 31.215327074244005], [-81.54348853658696, 31.213193224743055], [-81.54532104676595, 31.212278485866932], [-81.54592304197382, 31.21285747673641]]]}",MultiLineString,traced_route_candidate,asset_bounds_center,medium,True,public_gis_endpoint_graph,https://arcgis.netl.doe.gov/server/rest/services/Hosted/Energy_Transition_Atlas_493d6/FeatureServer/18,C:\Users\sebas\PycharmProjects\Git\Project_secret_project\data\raw\public_gis\GA\netl_lines_4000.json,standard_public_gis,"Description asset candidates; review unresolved rows, circuit identity and exact work limits.","[""mcmanus"", ""west brunswick"", ""martin""]","[{""endpoint_name"": ""mcmanus"", ""feature_name"": ""McManus Switchyard"", ""coordinates"": [-81.54526759999999, 31.21306495], ""feature_id"": ""way/1030860844"", ""source"": ""osm"", ""source_url"": ""https://www.openstreetmap.org/way/1030860844"", ""source_file"": ""C:\\Users\\sebas\\PycharmProjects\\Git\\Project_secret_project\\data\\raw\\osm\\GA\\power_substations_overpass.json"", ""point_method"": ""facility_bounds_center"", ""review_required"": false, ""in_title"": true}, {""endpoint_name"": ""west brunswick"", ""feature_name"": ""West Brunswick Substation"", ""coordinates"": [-81.5586568, 31.279908900000002], ""feature_id"": ""way/174697782"", ""source"": ""osm"", ""source_url"": ""https://www.openstreetmap.org/way/174697782"", ""source_file"": ""C:\\Users\\sebas\\PycharmProjects\\Git\\Project_secret_project\\data\\raw\\osm\\GA\\power_substations_overpass.json"", ""point_method"": ""facility_bounds_center"", ""review_required"": false, ""in_title"": true}]","[{""project_key"": ""GA:01_expansion_plan_projects.pdf:10:20346"", ""utility"": ""GPC"", ""state"": ""GA"", ""project_id"": ""20346"", ""project_name"": ""MCMANUS - WEST BRUNSWICK 115KV REBUILD"", ""description"": ""Rebuild the McManus - West Brunswick 115kV line, approximately 5.7 miles, with 200C 1351 ACSS Martin conductor."", ""asset_type"": ""line"", ""asset_name"": ""McManus - West Brunswick"", ""endpoint_a"": ""McManus"", ""endpoint_b"": ""West Brunswick"", ""voltage_kv"": ""115"", ""circuit"": """", ""asset_stage"": ""existing"", ""scope_role"": ""work"", ""scope_notes"": ""5.7 miles"", ""scope_source"": ""description_checked"", ""resolution_requirement"": ""standard_public_gis"", ""asset_key"": ""GA:01_expansion_plan_projects.pdf:10:20346:1"", ""expected_length_miles"": ""5.7"", ""source_file"": ""01_expansion_plan_projects.pdf"", ""source_page"": """", ""source_pdf_page"": ""10"", ""source_url"": ""https://arcgis.netl.doe.gov/server/rest/services/Hosted/Energy_Transition_Atlas_493d6/FeatureServer/18"", ""description_source_file"": ""05_steady_state_projects.pdf"", ""description_pdf_page"": ""129"", ""action_type"": ""rebuild"", ""detected_actions"": ""rebuild"", ""route_status"": ""review_required"", ""route_method"": ""public_gis_endpoint_graph"", ""route_file"": ""C:\\Users\\sebas\\PycharmProjects\\Git\\Project_secret_project\\data\\raw\\public_gis\\GA\\netl_lines_4000.json"", ""review_note"": ""5.7 miles; GIS endpoint graph candidate; rounded endpoint connectivity, circuit and source-feature extent need review."", ""anchor_evidence"": ""[{\""name\"": \""McManus Switchyard\"", \""names\"": [\""McManus Switchyard\""], \""state\"": \""GA\"", \""geometry\"": {\""type\"": \""Polygon\"", \""coordinates\"": [[[-81.5444926, 31.2137553], [-81.5441585, 31.2132974], [-81.5460225, 31.2123746], [-81.5461674, 31.2124641], [-81.5463767, 31.2128016], [-81.5444926, 31.2137553]]]}, \""feature_id\"": \""way/1030860844\"", \""kind\"": \""substation\"", \""voltage\"": \""115000\"", \""source\"": \""osm\"", \""source_url\"": \""https://www.openstreetmap.org/way/1030860844\"", \""source_file\"": \""C:\\\\Users\\\\sebas\\\\PycharmProjects\\\\Git\\\\Project_secret_project\\\\data\\\\raw\\\\osm\\\\GA\\\\power_substations_overpass.json\"", \""review_required\"": false, \""coordinates\"": [-81.54526759999999, 31.21306495]}, {\""name\"": \""West Brunswick Substation\"", \""names\"": [\""West Brunswick Substation\""], \""state\"": \""GA\"", \""geometry\"": {\""type\"": \""Polygon\"", \""coordinates\"": [[[-81.5589857, 31.2792596], [-81.5595719, 31.2802226], [-81.5588172, 31.2805582], [-81.5580861, 31.2803786], [-81.5577417, 31.2798126], [-81.5589857, 31.2792596]]]}, \""feature_id\"": \""way/174697782\"", \""kind\"": \""substation\"", \""voltage\"": \""230000;115000\"", \""source\"": \""osm\"", \""source_url\"": \""https://www.openstreetmap.org/way/174697782\"", \""source_file\"": \""C:\\\\Users\\\\sebas\\\\PycharmProjects\\\\Git\\\\Project_secret_project\\\\data\\\\raw\\\\osm\\\\GA\\\\power_substations_overpass.json\"", \""review_required\"": false, \""coordinates\"": [-81.5586568, 31.279908900000002]}]"", ""distance_km"": 9.308181133576435, ""source"": ""public_gis"", ""segment_feature_ids"": [""netl/46018""], ""source_tags"": [{""owner"": ""GEORGIA POWER CO"", ""volt_class"": ""100-161"", ""naics_code"": ""221121"", ""naics_desc"": ""ELECTRIC BULK POWER TRANSMISSION AND CONTROL"", ""val_method"": ""IMAGERY"", ""shape__len"": 10899.44693833, ""globalid"": ""7767a700-5a42-4c7a-9f94-7c6c5e19f716"", ""source"": ""IMAGERY, EIA 861, EIA 860"", ""objectid_1"": 46018, ""type"": ""AC; OVERHEAD"", ""sourcedate"": 1402358400000, ""voltage"": 115, ""val_date"": 1514851200000, ""inferred"": ""Y"", ""sub_2"": ""MCMANUS"", ""sub_1"": ""UNKNOWN111817"", ""id"": ""135937"", ""SHAPE__Length"": 10899.447011086311, ""objectid"": 46018, ""status"": ""IN SERVICE""}], ""start_snap_km"": 0.06646434838202812, ""end_snap_km"": 0.009643821413215835, ""hops"": """", ""start_osm_node"": """", ""end_osm_node"": """", ""osm_way_ids"": """", ""way_names"": """", ""operators"": """", ""unknown_voltage_edge_count"": """", ""attribution"": """", ""license"": """", ""saved_evidence"": """"}]"
GA,202,2029,20757,NORCROSS - NORTH DRUID HILLS 115KV REBUILD,6/1/2029,GPC,REDACTED,REDACTED,REDACTED,REDACTED,REDACTED,01_expansion_plan_projects.pdf,10,16,https://psc.ga.gov/search/facts-document/?documentId=221233,2029-06-01,"Rebuild the Norcross - Norcross Junction (674) segment, approximately 3.9 miles, from 100C 477 ACSR Hawk conductor to 200C 1351 ACSS ""Martin"" conductor.",Steady state,05_steady_state_projects.pdf,132,191,,,,,,,GPC,GA:01_expansion_plan_projects.pdf:10:20757,rebuild,rebuild,norcross,,-84.2134303,33.93255715,"{""type"": ""Point"", ""coordinates"": [-84.2134303, 33.93255715]}",Point,single_endpoint,facility_bounds_center,high,False,osm,https://www.openstreetmap.org/way/159758307,C:\Users\sebas\PycharmProjects\Git\Project_secret_project\data\raw\osm\GA\power_substations_overpass.json,standard_public_gis,,"[""norcross"", ""north druid hills"", ""norcross junction"", ""hawk"", ""martin""]","[{""endpoint_name"": ""norcross"", ""feature_name"": ""Norcross Substation"", ""coordinates"": [-84.2134303, 33.93255715], ""feature_id"": ""way/159758307"", ""source"": ""osm"", ""source_url"": ""https://www.openstreetmap.org/way/159758307"", ""source_file"": ""C:\\Users\\sebas\\PycharmProjects\\Git\\Project_secret_project\\data\\raw\\osm\\GA\\power_substations_overpass.json"", ""point_method"": ""facility_bounds_center"", ""review_required"": false, ""in_title"": true}]",[]
GA,216,2029,13628,SOUTH BAINBRIDGE - SINAI (FPL) 115KV LINE RECONDUCTOR,6/1/2029,GPC,REDACTED,REDACTED,REDACTED,REDACTED,REDACTED,01_expansion_plan_projects.pdf,10,16,https://psc.ga.gov/search/facts-document/?documentId=221233,2029-06-01,Rebuild the Four Mile tap - Recovery - Sinai (FPL) segment of the Sinai (FPL) - South Bainbridge 115kV line from 100C 336.4 ACSR to 200C 1351 ACSS. 9.8 miles in FPL and 13.75 miles in GPC At Recovery (GTC): Replace 100C 336.4 ACSR string bus with higher rating and jumpers with (1) 1590 AAC At Sinai (FPL): Replace 100C 336.4 ACSR string bus with higher rating,Steady state,05_steady_state_projects.pdf,136,195,,,,,,,GPC,GA:01_expansion_plan_projects.pdf:10:13628,other,,south bainbridge,,-84.4889211,30.83960785,"{""type"": ""Point"", ""coordinates"": [-84.4889211, 30.83960785]}",Point,single_endpoint,facility_bounds_center,high,False,osm,https://www.openstreetmap.org/way/165831924,C:\Users\sebas\PycharmProjects\Git\Project_secret_project\data\raw\osm\GA\power_substations_overpass.json,standard_public_gis,,"[""south bainbridge"", ""sinai"", ""fpl"", ""four"", ""recovery"", ""gtc"", ""aac""]","[{""endpoint_name"": ""south bainbridge"", ""feature_name"": ""South Bainbridge Substation"", ""coordinates"": [-84.4889211, 30.83960785], ""feature_id"": ""way/165831924"", ""source"": ""osm"", ""source_url"": ""https://www.openstreetmap.org/way/165831924"", ""source_file"": ""C:\\Users\\sebas\\PycharmProjects\\Git\\Project_secret_project\\data\\raw\\osm\\GA\\power_substations_overpass.json"", ""point_method"": ""facility_bounds_center"", ""review_required"": false, ""in_title"": true}]",[]
GA,202,2029,20248,BAY CREEK - CONYERS 230KV REBUILD,12/31/2029,GPC,REDACTED,REDACTED,REDACTED,REDACTED,REDACTED,01_expansion_plan_projects.pdf,10,16,https://psc.ga.gov/search/facts-document/?documentId=221233,2029-12-31,"GPC will rebuild the Bay Creek - Conyers 230kV line, approximately 15.29 miles, using 200C 1351 ACSS ""Martin"" conductor.",Steady state,05_steady_state_projects.pdf,137,196,,,,,,,GPC,GA:01_expansion_plan_projects.pdf:10:20248,rebuild,rebuild,bay creek,,-83.88235055000001,33.8681196,"{""type"": ""Point"", ""coordinates"": [-83.88235055000001, 33.8681196]}",Point,single_endpoint,facility_bounds_center,medium,False,osm,https://www.openstreetmap.org/way/175826909,C:\Users\sebas\PycharmProjects\Git\Project_secret_project\data\raw\osm\GA\power_substations_overpass.json,standard_public_gis,,"[""creek"", ""conyers"", ""martin""]","[{""endpoint_name"": ""bay creek"", ""feature_name"": ""Bay Creek Substation"", ""coordinates"": [-83.88235055000001, 33.8681196], ""feature_id"": ""way/175826909"", ""source"": ""osm"", ""source_url"": ""https://www.openstreetmap.org/way/175826909"", ""source_file"": ""C:\\Users\\sebas\\PycharmProjects\\Git\\Project_secret_project\\data\\raw\\osm\\GA\\power_substations_overpass.json"", ""point_method"": ""facility_bounds_center"", ""review_required"": false, ""in_title"": false}]",[]
GA,211,2030,21129,ANNISTON - HAMMOND 230KV LINE,6/1/2030,GPC,REDACTED,REDACTED,REDACTED,REDACTED,REDACTED,01_expansion_plan_projects.pdf,10,16,https://psc.ga.gov/search/facts-document/?documentId=221233,2030-06-01,Rebuild the 28.12 miles section between Hammond and the Goshen tap with 200C 1351 ACSS Martin conductor.,Steady state,05_steady_state_projects.pdf,138,197,,,,,,,GPC,GA:01_expansion_plan_projects.pdf:10:21129,other,,hammond,,-85.345549072293,34.2512346692463,"{""type"": ""Point"", ""coordinates"": [-85.345549072293, 34.2512346692463]}",Point,single_endpoint,published_point,medium,True,hifld_substation,https://services.arcgis.com/HQ0xoN0EzDPBOEci/ArcGIS/rest/services/Substations/FeatureServer/0/query,C:\Users\sebas\PycharmProjects\Git\Project_secret_project\data\raw\public_gis\endpoint_points\hifld_substations_GA.geojson,standard_public_gis,; ambiguous facility names: goshen,"[""anniston"", ""hammond"", ""goshen"", ""martin""]","[{""endpoint_name"": ""hammond"", ""feature_name"": ""HAMMOND STATION"", ""coordinates"": [-85.345549072293, 34.2512346692463], ""feature_id"": ""hifld/150093"", ""source"": ""hifld_substation"", ""source_url"": ""https://services.arcgis.com/HQ0xoN0EzDPBOEci/ArcGIS/rest/services/Substations/FeatureServer/0/query"", ""source_file"": ""C:\\Users\\sebas\\PycharmProjects\\Git\\Project_secret_project\\data\\raw\\public_gis\\endpoint_points\\hifld_substations_GA.geojson"", ""point_method"": ""published_point"", ""review_required"": true, ""in_title"": true}]",[]
GA,201,2030,20764,ATKINSON - NORTHSIDE DRIVE 115KV REBUILD,6/1/2030,GPC,REDACTED,REDACTED,REDACTED,REDACTED,REDACTED,01_expansion_plan_projects.pdf,10,16,https://psc.ga.gov/search/facts-document/?documentId=221233,2030-06-01,"Rebuild a portion of the Atkinson - Northside 115kV line, approximately 3.2 miles from Atkinson to Chattahoochee with 200C 1351 ACSS Martin.",Steady state,05_steady_state_projects.pdf,139,198,,,,,,,GPC,GA:01_expansion_plan_projects.pdf:10:20764,rebuild,rebuild,,,,,,,unresolved,unresolved,low,True,,,,standard_public_gis,,"[""atkinson"", ""northside drive"", ""northside"", ""chattahoochee"", ""martin""]",[],[]
GA,201,2030,20761,ATKINSON - NORTHWEST 115KV REBUILD,6/1/2030,GPC,REDACTED,REDACTED,REDACTED,REDACTED,REDACTED,01_expansion_plan_projects.pdf,10,16,https://psc.ga.gov/search/facts-document/?documentId=221233,2030-06-01,Rebuild the 1.2 mile Atkinson - Tilford Yards section of the Atkinson - Northwest 115kV with 200C 1351 ACSS Martin.,Steady state,05_steady_state_projects.pdf,140,199,,,,,,,GPC,GA:01_expansion_plan_projects.pdf:10:20761,rebuild,rebuild,,,,,,,unresolved,unresolved,low,True,,,,standard_public_gis,,"[""atkinson"", ""northwest"", ""tilford yards"", ""martin""]",[],[]
GA,212,2030,21130,CC - NORTH GEORGIA DATA NETWORK UPGRADES,6/1/2030,GPC,REDACTED,REDACTED,REDACTED,REDACTED,REDACTED,01_expansion_plan_projects.pdf,10,16,https://psc.ga.gov/search/facts-document/?documentId=221233,2030-06-01,Construct approximately 7 miles of 115kV line with minimum 170C 1351 ACSS conductor from Gillsville Tap Junction to Midway. Utilize the existing GPC owned North Jackson - Lawrence Smith 46kV ROW that is to be retired. Disconnect the East Maysville 115kV tap at Midway 115kV and terminate the new Pond Fork - Midway 115kV line.,Steady state,05_steady_state_projects.pdf,141,200,,,,,,,GPC,GA:01_expansion_plan_projects.pdf:10:21130,other,,north jackson,east maysville,-83.605519775,34.214278175000004,"{""type"": ""Point"", ""coordinates"": [-83.605519775, 34.214278175000004]}",Point,endpoint_midpoint,endpoint_midpoint,medium,False,osm,https://www.openstreetmap.org/way/171583087;https://www.openstreetmap.org/way/1017396857,C:\Users\sebas\PycharmProjects\Git\Project_secret_project\data\raw\osm\GA\power_substations_overpass.json,standard_public_gis,,"[""north georgia data network"", ""gillsville"", ""junction"", ""midway"", ""utilize"", ""north jackson"", ""lawrence smith"", ""row"", ""disconnect"", ""east maysville"", ""pond fork""]","[{""endpoint_name"": ""north jackson"", ""feature_name"": ""North Jackson Substation"", ""coordinates"": [-83.66465775, 34.182423], ""feature_id"": ""way/171583087"", ""source"": ""osm"", ""source_url"": ""https://www.openstreetmap.org/way/171583087"", ""source_file"": ""C:\\Users\\sebas\\PycharmProjects\\Git\\Project_secret_project\\data\\raw\\osm\\GA\\power_substations_overpass.json"", ""point_method"": ""facility_bounds_center"", ""review_required"": false, ""in_title"": false}, {""endpoint_name"": ""east maysville"", ""feature_name"": ""East Maysville Substation"", ""coordinates"": [-83.5463818, 34.24613335], ""feature_id"": ""way/1017396857"", ""source"": ""osm"", ""source_url"": ""https://www.openstreetmap.org/way/1017396857"", ""source_file"": ""C:\\Users\\sebas\\PycharmProjects\\Git\\Project_secret_project\\data\\raw\\osm\\GA\\power_substations_overpass.json"", ""point_method"": ""facility_bounds_center"", ""review_required"": false, ""in_title"": false}]",[]
GA,212,2030,10478,CORNELIA - TALLULAH LODGE 115KV REBUILD,6/1/2030,GPC,REDACTED,REDACTED,REDACTED,REDACTED,REDACTED,01_expansion_plan_projects.pdf,10,16,https://psc.ga.gov/search/facts-document/?documentId=221233,2030-06-01,Rebuild approximately 9.7 miles of the Cornelia - Chase Road - Clarksville - Hollywood segments of the Cornelia - Tallulah Lodge 115kV line with 200C 795 ACSS conductor.,Steady state,05_steady_state_projects.pdf,142,201,,,,,,,GPC,GA:01_expansion_plan_projects.pdf:10:10478,rebuild,rebuild,hollywood,,-83.45467805000001,34.64748245,"{""type"": ""Point"", ""coordinates"": [-83.45467805000001, 34.64748245]}",Point,single_endpoint,facility_bounds_center,medium,False,osm,https://www.openstreetmap.org/way/52566972,C:\Users\sebas\PycharmProjects\Git\Project_secret_project\data\raw\osm\GA\power_substations_overpass.json,standard_public_gis,,"[""cornelia"", ""tallulah lodge"", ""chase road"", ""clarksville"", ""hollywood""]","[{""endpoint_name"": ""hollywood"", ""feature_name"": ""Hollywood Substation"", ""coordinates"": [-83.45467805000001, 34.64748245], ""feature_id"": ""way/52566972"", ""source"": ""osm"", ""source_url"": ""https://www.openstreetmap.org/way/52566972"", ""source_file"": ""C:\\Users\\sebas\\PycharmProjects\\Git\\Project_secret_project\\data\\raw\\osm\\GA\\power_substations_overpass.json"", ""point_method"": ""facility_bounds_center"", ""review_required"": false, ""in_title"": false}]",[]
GA,201,2030,21097,EAST POINT - TRIBUTARY 230KV REBUILD,6/1/2030,GPC,REDACTED,REDACTED,REDACTED,REDACTED,REDACTED,01_expansion_plan_projects.pdf,10,16,https://psc.ga.gov/search/facts-document/?documentId=221233,2030-06-01,Rebuild the 2.9 mile section from Cavender Drive to Marietta 25 with 200C 1351 ACSS conductor on the East Point - Tributary 230kV line.,Steady state,05_steady_state_projects.pdf,144,203,,,,,,,GPC,GA:01_expansion_plan_projects.pdf:10:21097,rebuild,rebuild,east point,marietta,-84.498960625,33.818482875,"{""type"": ""Point"", ""coordinates"": [-84.498960625, 33.818482875]}",Point,endpoint_midpoint,endpoint_midpoint,medium,False,osm,https://www.openstreetmap.org/way/171173865;https://www.openstreetmap.org/way/175158196,C:\Users\sebas\PycharmProjects\Git\Project_secret_project\data\raw\osm\GA\power_substations_overpass.json,standard_public_gis,,"[""east"", ""tributary"", ""cavender drive"", ""marietta""]","[{""endpoint_name"": ""east point"", ""feature_name"": ""East Point 12kV Switching Station"", ""coordinates"": [-84.46219725, 33.675453000000005], ""feature_id"": ""way/171173865"", ""source"": ""osm"", ""source_url"": ""https://www.openstreetmap.org/way/171173865"", ""source_file"": ""C:\\Users\\sebas\\PycharmProjects\\Git\\Project_secret_project\\data\\raw\\osm\\GA\\power_substations_overpass.json"", ""point_method"": ""facility_bounds_center"", ""review_required"": false, ""in_title"": false}, {""endpoint_name"": ""marietta"", ""feature_name"": ""Marietta Primary Substation"", ""coordinates"": [-84.535724, 33.96151275], ""feature_id"": ""way/175158196"", ""source"": ""osm"", ""source_url"": ""https://www.openstreetmap.org/way/175158196"", ""source_file"": ""C:\\Users\\sebas\\PycharmProjects\\Git\\Project_secret_project\\data\\raw\\osm\\GA\\power_substations_overpass.json"", ""point_method"": ""facility_bounds_center"", ""review_required"": false, ""in_title"": false}]",[]
GA,208,2030,20480,EAST POINT - UNION CITY 230KV BLACK LINE RECONDUCTOR,6/1/2030,GPC,REDACTED,REDACTED,REDACTED,REDACTED,REDACTED,01_expansion_plan_projects.pdf,11,17,https://psc.ga.gov/search/facts-document/?documentId=221233,2030-06-01,Reconductor the 1.5 mile section from Flat Shoals Road station to the Stonewall Tell loop - in point on the East Point - Union City 230kV Black line with 200C 1351 ACSS Martin conductor. Replace limiting elements at Union City,Steady state,05_steady_state_projects.pdf,145,204,,,,,,,GPC,GA:01_expansion_plan_projects.pdf:11:20480,other,,east point,,-84.46219725,33.675453000000005,"{""type"": ""Point"", ""coordinates"": [-84.46219725, 33.675453000000005]}",Point,single_endpoint,facility_bounds_center,medium,False,osm,https://www.openstreetmap.org/way/171173865,C:\Users\sebas\PycharmProjects\Git\Project_secret_project\data\raw\osm\GA\power_substations_overpass.json,standard_public_gis,,"[""east"", ""union city"", ""black"", ""flat shoals road"", ""stonewall tell"", ""martin""]","[{""endpoint_name"": ""east point"", ""feature_name"": ""East Point 12kV Switching Station"", ""coordinates"": [-84.46219725, 33.675453000000005], ""feature_id"": ""way/171173865"", ""source"": ""osm"", ""source_url"": ""https://www.openstreetmap.org/way/171173865"", ""source_file"": ""C:\\Users\\sebas\\PycharmProjects\\Git\\Project_secret_project\\data\\raw\\osm\\GA\\power_substations_overpass.json"", ""point_method"": ""facility_bounds_center"", ""review_required"": false, ""in_title"": false}]",[]
GA,214,2030,19627,ECHECONNEE-WELLSTON 115KV LINE REBUILD,6/1/2030,GPC,REDACTED,REDACTED,REDACTED,REDACTED,REDACTED,01_expansion_plan_projects.pdf,11,17,https://psc.ga.gov/search/facts-document/?documentId=221233,2030-06-01,Rebuild approximately 11.8 miles of the Echeconnee - Wellston 115kV line with 200C 1351 ACSS conductor and the limiting elements along the line with higher ratings. Replace the Bus at North Warner Robins with 1590 AAC.,Steady state,05_steady_state_projects.pdf,146,205,,,,,,,GPC,GA:01_expansion_plan_projects.pdf:11:19627,rebuild,rebuild,north warner robins,,-83.62161895,32.62666525,"{""type"": ""Polygon"", ""coordinates"": [[[-83.6220429, 32.6268234], [-83.622043, 32.6265072], [-83.6212445, 32.6265071], [-83.6212445, 32.6266308], [-83.6211949, 32.6266308], [-83.6211949, 32.6267176], [-83.6212444, 32.6267176], [-83.6212444, 32.626798], [-83.6215578, 32.626798], [-83.6215578, 32.6268234], [-83.6219128, 32.6268234], [-83.6220429, 32.6268234]]]}",Polygon,description_facilities,asset_bounds_center,medium,True,exact_facility_name,https://psc.ga.gov/search/facts-document/?documentId=221233,C:\Users\sebas\PycharmProjects\Git\Project_secret_project\data\raw\osm\GA\power_substations_overpass.json,standard_public_gis,"Description asset candidates; review unresolved rows, circuit identity and exact work limits.","[""echeconnee"", ""wellston"", ""north warner robins"", ""aac""]","[{""endpoint_name"": ""north warner robins"", ""feature_name"": ""North Warner Robins Substation"", ""coordinates"": [-83.62161895, 32.62666525], ""feature_id"": ""way/703244135"", ""source"": ""osm"", ""source_url"": ""https://www.openstreetmap.org/way/703244135"", ""source_file"": ""C:\\Users\\sebas\\PycharmProjects\\Git\\Project_secret_project\\data\\raw\\osm\\GA\\power_substations_overpass.json"", ""point_method"": ""facility_bounds_center"", ""review_required"": false, ""in_title"": false}]","[{""project_key"": ""GA:01_expansion_plan_projects.pdf:11:19627"", ""utility"": ""GPC"", ""state"": ""GA"", ""project_id"": ""19627"", ""project_name"": ""ECHECONNEE-WELLSTON 115KV LINE REBUILD"", ""description"": ""Rebuild approximately 11.8 miles of the Echeconnee - Wellston 115kV line with 200C 1351 ACSS conductor and the limiting elements along the line with higher ratings. Replace the Bus at North Warner Robins with 1590 AAC."", ""asset_type"": ""station"", ""asset_name"": ""North Warner Robins"", ""endpoint_a"": """", ""endpoint_b"": """", ""voltage_kv"": ""115"", ""circuit"": """", ""asset_stage"": ""existing"", ""scope_role"": ""work"", ""scope_notes"": ""Bus"", ""scope_source"": ""description_checked"", ""resolution_requirement"": ""standard_public_gis"", ""asset_key"": ""GA:01_expansion_plan_projects.pdf:11:19627:2"", ""expected_length_miles"": """", ""source_file"": ""01_expansion_plan_projects.pdf"", ""source_page"": """", ""source_pdf_page"": ""11"", ""source_url"": ""https://psc.ga.gov/search/facts-document/?documentId=221233"", ""description_source_file"": ""05_steady_state_projects.pdf"", ""description_pdf_page"": ""146"", ""action_type"": ""rebuild"", ""detected_actions"": ""rebuild"", ""route_status"": ""facility_candidate"", ""route_method"": ""exact_facility_name"", ""route_file"": ""C:\\Users\\sebas\\PycharmProjects\\Git\\Project_secret_project\\data\\raw\\osm\\GA\\power_substations_overpass.json"", ""review_note"": ""Bus"", ""anchor_evidence"": ""[{\""name\"": \""North Warner Robins Substation\"", \""names\"": [\""North Warner Robins Substation\""], \""state\"": \""GA\"", \""geometry\"": {\""type\"": \""Polygon\"", \""coordinates\"": [[[-83.6220429, 32.6268234], [-83.622043, 32.6265072], [-83.6212445, 32.6265071], [-83.6212445, 32.6266308], [-83.6211949, 32.6266308], [-83.6211949, 32.6267176], [-83.6212444, 32.6267176], [-83.6212444, 32.626798], [-83.6215578, 32.626798], [-83.6215578, 32.6268234], [-83.6219128, 32.6268234], [-83.6220429, 32.6268234]]]}, \""feature_id\"": \""way/703244135\"", \""kind\"": \""substation\"", \""voltage\"": \""115000;12000\"", \""source\"": \""osm\"", \""source_url\"": \""https://www.openstreetmap.org/way/703244135\"", \""source_file\"": \""C:\\\\Users\\\\sebas\\\\PycharmProjects\\\\Git\\\\Project_secret_project\\\\data\\\\raw\\\\osm\\\\GA\\\\power_substations_overpass.json\"", \""review_required\"": false, \""coordinates\"": [-83.62161895, 32.62666525]}]"", ""distance_km"": """", ""source"": ""osm"", ""segment_feature_ids"": """", ""source_tags"": """", ""start_snap_km"": """", ""end_snap_km"": """", ""hops"": """", ""start_osm_node"": """", ""end_osm_node"": """", ""osm_way_ids"": """", ""way_names"": """", ""operators"": """", ""unknown_voltage_edge_count"": """", ""attribution"": """", ""license"": """", ""saved_evidence"": """"}]"
GA,216,2030,21063,FARLEY (APC)-TAZEWELL 500KV,6/1/2030,GPC,REDACTED,REDACTED,REDACTED,REDACTED,REDACTED,01_expansion_plan_projects.pdf,11,17,https://psc.ga.gov/search/facts-document/?documentId=221233,2030-06-01,"Construct a new 500kV line from Farley (APC) to Tazewell substation, approximately 120 miles long. Construct a 5 breaker 500kV ring bus to loop in the Blacksmith - Talbot 500kV line, terminate the new Farley - Tazewell 500kV and Talbot #2 - Tazewell 500kV lines. Install a 500/230kV auto transformer to connect to the existing 230kV switchyard.",Steady state,05_steady_state_projects.pdf,147,206,"The construction of the Farley (APC) – Tazewell 500 kV line aims to address the evolving dynamics within the Georgia Integrated Transmission System (ITS), primarily driven by changes in generation and forecasted load growth. This project involves the construction of a new ~120-mile 500 kV line from Farley (APC) to Tazewell as shown in Figure 8. Additionally, supplemental projects include Farley Line Termination (APC) and expansion of existing Tazewell 230kV station for new 500kV yard. This project will be done in conjunction with the GTC: Talbot #2 – Tazewell 500kV project (TEAMS 21076). The decision to undertake this project stems from the necessity to enhance available transmission capacity and mitigate thermal limits resulting from 500 kV contingencies under NERC TPL-001-5. This project will reduce flows and increase available capacity on various circuits, thereby alleviating or reducing thermal constraints on critical circuits under contingency scenarios. This solution is the result of joint planning efforts amongst the GA ITS Participants.",06_strategic_projects.pdf,6,277,9,280,GPC,GA:01_expansion_plan_projects.pdf:11:21063,other,,,,,,,,unresolved,unresolved,low,True,,,,standard_public_gis,,"[""farley"", ""apc"", ""tazewell"", ""blacksmith"", ""talbot""]",[],[]
GA,212,2030,12120,GAINESVILLE #2 - MCEVER ROAD 115 KV REBUILD,6/1/2030,GPC,REDACTED,REDACTED,REDACTED,REDACTED,REDACTED,01_expansion_plan_projects.pdf,11,17,https://psc.ga.gov/search/facts-document/?documentId=221233,2030-06-01,Rebuild approximately 5.3 miles of the Gainesville #2 - McEver Rd 115kV line with 200C 1351 ACSS conductor.,Steady state,05_steady_state_projects.pdf,148,207,,,,,,,GPC,GA:01_expansion_plan_projects.pdf:11:12120,rebuild,rebuild,Gainesville #2,McEver Road,-83.84212728912303,34.258376499680175,"{""type"": ""MultiLineString"", ""coordinates"": [[[-83.80953099961305, 34.26303200034957], [-83.81040394198196, 34.262714647987664], [-83.81162799267632, 34.26108422981031], [-83.81385029802678, 34.25946360270577], [-83.81767100001677, 34.25688526900973], [-83.81986359628415, 34.25543154426926], [-83.82430820698507, 34.253471923296786], [-83.82657804758709, 34.253471923296786], [-83.82865774628452, 34.2515662827748], [-83.83089100030165, 34.25057900022615], [-83.83484809709451, 34.24888585996939], [-83.83811779315049, 34.247487594015865], [-83.8428396140666, 34.24564590310004], [-83.84713900042374, 34.24392999969576], [-83.8496709999684, 34.24488799999534], [-83.85015343929342, 34.245979687660146], [-83.85188500039405, 34.25061199987557], [-83.85176400002022, 34.25088999998585]], [[-83.85378944227111, 34.25325619190146], [-83.85221567204677, 34.251071782357606], [-83.85176400002022, 34.25088999998585]], [[-83.87385199990668, 34.27282299966459], [-83.8739732778599, 34.272443050810786], [-83.874723578633, 34.27206276767016], [-83.87133332058103, 34.26734097430901], [-83.86862707841398, 34.26350549871053], [-83.8644513739018, 34.26044585487208], [-83.86154325603589, 34.25620279582408], [-83.85378944227111, 34.25325619190146]]]}",MultiLineString,traced_route_candidate,asset_bounds_center,medium,True,public_gis_endpoint_graph,https://arcgis.netl.doe.gov/server/rest/services/Hosted/Energy_Transition_Atlas_493d6/FeatureServer/18,C:\Users\sebas\PycharmProjects\Git\Project_secret_project\data\raw\public_gis\GA\netl_lines_0.json;C:\Users\sebas\PycharmProjects\Git\Project_secret_project\data\raw\public_gis\GA\netl_lines_4000.json,standard_public_gis,"Description asset candidates; review unresolved rows, circuit identity and exact work limits.","[""gainesville"", ""mcever road""]","[{""endpoint_name"": ""mcever road"", ""feature_name"": ""McEver Road Substation"", ""coordinates"": [-83.87380125, 34.2728832], ""feature_id"": ""way/1037359821"", ""source"": ""osm"", ""source_url"": ""https://www.openstreetmap.org/way/1037359821"", ""source_file"": ""C:\\Users\\sebas\\PycharmProjects\\Git\\Project_secret_project\\data\\raw\\osm\\GA\\power_substations_overpass.json"", ""point_method"": ""facility_bounds_center"", ""review_required"": false, ""in_title"": true}, {""endpoint_name"": ""gainesville 2"", ""feature_name"": ""Gainesville Substation #2"", ""coordinates"": [-83.8096728, 34.263022], ""feature_id"": ""way/179716524"", ""source"": ""osm"", ""source_url"": ""https://www.openstreetmap.org/way/179716524"", ""source_file"": ""C:\\Users\\sebas\\PycharmProjects\\Git\\Project_secret_project\\data\\raw\\osm\\GA\\power_substations_overpass.json"", ""point_method"": ""facility_bounds_center"", ""review_required"": false, ""in_title"": false}]","[{""project_key"": ""GA:01_expansion_plan_projects.pdf:11:12120"", ""utility"": ""GPC"", ""state"": ""GA"", ""project_id"": ""12120"", ""project_name"": ""GAINESVILLE #2 - MCEVER ROAD 115 KV REBUILD"", ""description"": ""Rebuild approximately 5.3 miles of the Gainesville #2 - McEver Rd 115kV line with 200C 1351 ACSS conductor."", ""asset_type"": ""line"", ""asset_name"": ""Gainesville #2 - McEver Road"", ""endpoint_a"": ""Gainesville #2"", ""endpoint_b"": ""McEver Road"", ""voltage_kv"": ""115"", ""circuit"": """", ""asset_stage"": ""existing"", ""scope_role"": ""work"", ""scope_notes"": ""5.3 miles"", ""scope_source"": ""description_checked"", ""resolution_requirement"": ""standard_public_gis"", ""asset_key"": ""GA:01_expansion_plan_projects.pdf:11:12120:1"", ""expected_length_miles"": ""5.3"", ""source_file"": ""01_expansion_plan_projects.pdf"", ""source_page"": """", ""source_pdf_page"": ""11"", ""source_url"": ""https://arcgis.netl.doe.gov/server/rest/services/Hosted/Energy_Transition_Atlas_493d6/FeatureServer/18"", ""description_source_file"": ""05_steady_state_projects.pdf"", ""description_pdf_page"": ""148"", ""action_type"": ""rebuild"", ""detected_actions"": ""rebuild"", ""route_status"": ""review_required"", ""route_method"": ""public_gis_endpoint_graph"", ""route_file"": ""C:\\Users\\sebas\\PycharmProjects\\Git\\Project_secret_project\\data\\raw\\public_gis\\GA\\netl_lines_0.json;C:\\Users\\sebas\\PycharmProjects\\Git\\Project_secret_project\\data\\raw\\public_gis\\GA\\netl_lines_4000.json"", ""review_note"": ""5.3 miles; GIS endpoint graph candidate; rounded endpoint connectivity, circuit and source-feature extent need review."", ""anchor_evidence"": ""[{\""name\"": \""Gainesville Substation #2\"", \""names\"": [\""Gainesville Substation #2\""], \""state\"": \""GA\"", \""geometry\"": {\""type\"": \""Polygon\"", \""coordinates\"": [[[-83.8106779, 34.2628845], [-83.8097471, 34.2638618], [-83.8086677, 34.2631595], [-83.8095986, 34.2621822], [-83.8106779, 34.2628845]]]}, \""feature_id\"": \""way/179716524\"", \""kind\"": \""substation\"", \""voltage\"": \""230000;115000;46000;12000\"", \""source\"": \""osm\"", \""source_url\"": \""https://www.openstreetmap.org/way/179716524\"", \""source_file\"": \""C:\\\\Users\\\\sebas\\\\PycharmProjects\\\\Git\\\\Project_secret_project\\\\data\\\\raw\\\\osm\\\\GA\\\\power_substations_overpass.json\"", \""review_required\"": false, \""coordinates\"": [-83.8096728, 34.263022]}, {\""name\"": \""McEver Road Substation\"", \""names\"": [\""McEver Road Substation\""], \""state\"": \""GA\"", \""geometry\"": {\""type\"": \""Polygon\"", \""coordinates\"": [[[-83.8736738, 34.2732364], [-83.8733644, 34.2728088], [-83.8739287, 34.27253], [-83.8742381, 34.2729576], [-83.8736738, 34.2732364]]]}, \""feature_id\"": \""way/1037359821\"", \""kind\"": \""substation\"", \""voltage\"": \""115000\"", \""source\"": \""osm\"", \""source_url\"": \""https://www.openstreetmap.org/way/1037359821\"", \""source_file\"": \""C:\\\\Users\\\\sebas\\\\PycharmProjects\\\\Git\\\\Project_secret_project\\\\data\\\\raw\\\\osm\\\\GA\\\\power_substations_overpass.json\"", \""review_required\"": false, \""coordinates\"": [-83.87380125, 34.2728832]}]"", ""distance_km"": 8.49568038034441, ""source"": ""public_gis"", ""segment_feature_ids"": [""netl/2592"", ""netl/61088"", ""netl/61087""], ""source_tags"": [{""owner"": ""GEORGIA POWER CO"", ""volt_class"": ""100-161"", ""naics_code"": ""221121"", ""naics_desc"": ""ELECTRIC BULK POWER TRANSMISSION AND CONTROL"", ""val_method"": ""IMAGERY"", ""shape__len"": 6175.2334863, ""globalid"": ""9d9f97e5-4036-4132-84fd-e5b0695c905f"", ""source"": ""IMAGERY, EIA 861"", ""objectid_1"": 2592, ""type"": ""AC; OVERHEAD"", ""sourcedate"": 1401667200000, ""voltage"": 115, ""val_date"": 1493164800000, ""inferred"": ""Y"", ""sub_2"": ""UNKNOWN111234"", ""sub_1"": ""UNKNOWN111191"", ""id"": ""144034"", ""SHAPE__Length"": 6175.2336048980615, ""objectid"": 2592, ""status"": ""IN SERVICE""}, {""owner"": ""GEORGIA POWER CO"", ""volt_class"": ""100-161"", ""naics_code"": ""221121"", ""naics_desc"": ""ELECTRIC BULK POWER TRANSMISSION AND CONTROL"", ""val_method"": ""IMAGERY"", ""shape__len"": 398.32532935, ""globalid"": ""9514403b-f484-40fd-b870-8c13e7800ef1"", ""source"": ""IMAGERY, EIA 861"", ""objectid_1"": 61088, ""type"": ""AC; OVERHEAD"", ""sourcedate"": 1601856000000, ""voltage"": 115, ""val_date"": 1601856000000, ""inferred"": ""Y"", ""sub_2"": ""TAP173836"", ""sub_1"": ""UNKNOWN111234"", ""id"": ""175852"", ""SHAPE__Length"": 398.325313914028, ""objectid"": 61088, ""status"": ""IN SERVICE""}, {""owner"": ""GEORGIA POWER CO"", ""volt_class"": ""100-161"", ""naics_code"": ""221121"", ""naics_desc"": ""ELECTRIC BULK POWER TRANSMISSION AND CONTROL"", ""val_method"": ""IMAGERY"", ""shape__len"": 3716.58334543, ""globalid"": ""0e3496d9-85dc-4149-8c61-4c59095e78e8"", ""source"": ""IMAGERY, EIA 861"", ""objectid_1"": 61087, ""type"": ""AC; OVERHEAD"", ""sourcedate"": 1407456000000, ""voltage"": 115, ""val_date"": 1601856000000, ""inferred"": ""Y"", ""sub_2"": ""TAP173836"", ""sub_1"": ""UNKNOWN111226"", ""id"": ""175851"", ""SHAPE__Length"": 3716.583263644761, ""objectid"": 61087, ""status"": ""IN SERVICE""}], ""start_snap_km"": 0.013078598795908836, ""end_snap_km"": 0.008158167608981986, ""hops"": """", ""start_osm_node"": """", ""end_osm_node"": """", ""osm_way_ids"": """", ""way_names"": """", ""operators"": """", ""unknown_voltage_edge_count"": """", ""attribution"": """", ""license"": """", ""saved_evidence"": """"}]"
GA,214,2030,20298,GLENWOOD SPRINGS - LAKE OCONEE 115KV LINE REBUILD,6/1/2030,GPC,REDACTED,REDACTED,REDACTED,REDACTED,REDACTED,01_expansion_plan_projects.pdf,11,17,https://psc.ga.gov/search/facts-document/?documentId=221233,2030-06-01,Rebuild the North Eatonton Junction - Putnam Sawmill Junction line with 200C 1351 ACSS conductor.,Steady state,05_steady_state_projects.pdf,149,208,,,,,,,GPC,GA:01_expansion_plan_projects.pdf:11:20298,rebuild,rebuild,lake oconee,,-83.2474511,33.4595297,"{""type"": ""Point"", ""coordinates"": [-83.2474511, 33.4595297]}",Point,single_endpoint,facility_bounds_center,high,False,osm,https://www.openstreetmap.org/way/1054868572,C:\Users\sebas\PycharmProjects\Git\Project_secret_project\data\raw\osm\GA\power_substations_overpass.json,standard_public_gis,,"[""glenwood springs"", ""lake oconee"", ""north eatonton junction"", ""putnam sawmill junction""]","[{""endpoint_name"": ""lake oconee"", ""feature_name"": ""Lake Oconee Substation"", ""coordinates"": [-83.2474511, 33.4595297], ""feature_id"": ""way/1054868572"", ""source"": ""osm"", ""source_url"": ""https://www.openstreetmap.org/way/1054868572"", ""source_file"": ""C:\\Users\\sebas\\PycharmProjects\\Git\\Project_secret_project\\data\\raw\\osm\\GA\\power_substations_overpass.json"", ""point_method"": ""facility_bounds_center"", ""review_required"": false, ""in_title"": true}]",[]
GA,213,2030,21128,GOAT ROCK REACTORS INSTALLATION,6/1/2030,GPC,REDACTED,REDACTED,REDACTED,REDACTED,REDACTED,01_expansion_plan_projects.pdf,11,17,https://psc.ga.gov/search/facts-document/?documentId=221233,2030-06-01,Install 1% series reactors on the Fortson - Goat Rock (Black) 230kV and Fortson - Goat Rock (White) 230kV.,Steady state,05_steady_state_projects.pdf,150,209,,,,,,,GPC,GA:01_expansion_plan_projects.pdf:11:21128,other,,fortson,,-84.9156341,32.61016535,"{""type"": ""Point"", ""coordinates"": [-84.9156341, 32.61016535]}",Point,single_endpoint,facility_bounds_center,medium,False,osm,https://www.openstreetmap.org/way/163762708,C:\Users\sebas\PycharmProjects\Git\Project_secret_project\data\raw\osm\GA\power_substations_overpass.json,standard_public_gis,,"[""goat rock"", ""fortson"", ""black"", ""white""]","[{""endpoint_name"": ""fortson"", ""feature_name"": ""Fortson Substation"", ""coordinates"": [-84.9156341, 32.61016535], ""feature_id"": ""way/163762708"", ""source"": ""osm"", ""source_url"": ""https://www.openstreetmap.org/way/163762708"", ""source_file"": ""C:\\Users\\sebas\\PycharmProjects\\Git\\Project_secret_project\\data\\raw\\osm\\GA\\power_substations_overpass.json"", ""point_method"": ""facility_bounds_center"", ""review_required"": false, ""in_title"": false}]",[]
GA,215,2030,19996,GOLDENS CREEK - WARRENTON PRIMARY 230KV REBUILD,6/1/2030,GPC,REDACTED,REDACTED,REDACTED,REDACTED,REDACTED,01_expansion_plan_projects.pdf,11,17,https://psc.ga.gov/search/facts-document/?documentId=221233,2030-06-01,Rebuild approximately 0.34 miles of the Goldens Creek - Warrenton Primary 230kV line from 100C 1 - 1351.5 ACSR Martin conductor to 200C 1351 ACCR Martin conductor or equivalent.,Steady state,05_steady_state_projects.pdf,151,210,,,,,,,GPC,GA:01_expansion_plan_projects.pdf:11:19996,rebuild,rebuild,,,,,,,unresolved,unresolved,low,True,,,,standard_public_gis,; ambiguous facility names: warrenton,"[""goldens creek"", ""warrenton"", ""martin"", ""accr martin""]",[],[]
GA,214,2030,20428,GORDON-SANDERSVILLE #1 115KV LINE REBUILD (DEEPSTEP-SAND #6),6/1/2030,GPC,REDACTED,REDACTED,REDACTED,REDACTED,REDACTED,01_expansion_plan_projects.pdf,11,17,https://psc.ga.gov/search/facts-document/?documentId=221233,2030-06-01,"Rebuild the Deepstep - Robins Spring (7.6 miles) Robins Spring - Kaolin J (2.23mi), and Kaolin J - Sandersville #6 (0.66 miles) line sections of the Gordon - Sandersville #1 115kV line. Rebuild a total of 10.49 miles from 100C 336 ACSR to 100C ACSR 795 conductor.",Steady state,05_steady_state_projects.pdf,152,211,,,,,,,GPC,GA:01_expansion_plan_projects.pdf:11:20428,rebuild,rebuild,Deepstep,Robins Spring,-82.944331,33.010925549999996,"{""type"": ""LineString"", ""coordinates"": [[-83.00912, 33.0161228], [-83.0090168, 33.0162456], [-83.0089102, 33.0161898], [-83.0088681, 33.0162408], [-83.008454, 33.0167426], [-83.0072187, 33.0166477], [-83.0060052, 33.0165627], [-83.0035214, 33.0163969], [-82.9999953, 33.0161545], [-82.9970702, 33.0159503], [-82.9945179, 33.0158196], [-82.9922471, 33.0156665], [-82.990136, 33.0155198], [-82.9863855, 33.0152614], [-82.9847917, 33.0151498], [-82.9820797, 33.0149552], [-82.9799001, 33.0147638], [-82.9775646, 33.0146235], [-82.9755182, 33.0144863], [-82.9732702, 33.0143524], [-82.9709119, 33.0142184], [-82.9689643, 33.0140781], [-82.9664463, 33.0138931], [-82.9638559, 33.0137496], [-82.9614025, 33.0136028], [-82.9598201, 33.0134561], [-82.9579297, 33.0133062], [-82.9541145, 33.0130893], [-82.9519616, 33.0129521], [-82.9499494, 33.012815], [-82.94769, 33.0126683], [-82.9448182, 33.0124514], [-82.9420947, 33.0122504], [-82.9388653, 33.0120335], [-82.9364879, 33.0118453], [-82.9344149, 33.0116348], [-82.9327983, 33.0114977], [-82.9314898, 33.0113733], [-82.9288158, 33.0111021], [-82.9257842, 33.01078], [-82.9194662, 33.0101006], [-82.9169595, 33.009839], [-82.9147457, 33.0096062], [-82.9124635, 33.0093861], [-82.9100139, 33.0091341], [-82.9075338, 33.0088598], [-82.9052782, 33.0086173], [-82.9027829, 33.0083685], [-82.9004855, 33.0081325], [-82.8985532, 33.007855], [-82.8957878, 33.0074658], [-82.8924405, 33.0069682], [-82.8900328, 33.0066301], [-82.8864458, 33.006142], [-82.8823302, 33.0055136], [-82.8800898, 33.0051787], [-82.879542, 33.0051085]]}",LineString,traced_route_candidate,asset_bounds_center,medium,True,osm_voltage_graph,https://psc.ga.gov/search/facts-document/?documentId=221233,C:\Users\sebas\PycharmProjects\Git\Project_secret_project\data\raw\osm\GA\power_lines_statewide_overpass.json,standard_public_gis,"ambiguous facility names: gordon; Description asset candidates; review unresolved rows, circuit identity and exact work limits.","[""gordon"", ""sandersville"", ""deepstep"", ""sand"", ""robins spring"", ""kaolin j""]","[{""endpoint_name"": ""deepstep"", ""feature_name"": ""Deepstep Substation"", ""coordinates"": [-83.00907635, 33.016044750000006], ""feature_id"": ""way/840326021"", ""source"": ""osm"", ""source_url"": ""https://www.openstreetmap.org/way/840326021"", ""source_file"": ""C:\\Users\\sebas\\PycharmProjects\\Git\\Project_secret_project\\data\\raw\\osm\\GA\\power_substations_overpass.json"", ""point_method"": ""facility_bounds_center"", ""review_required"": false, ""in_title"": true}, {""endpoint_name"": ""sandersville 1"", ""feature_name"": ""Sandersville Substation #1"", ""coordinates"": [-82.801938, 32.99847705], ""feature_id"": ""way/170295993"", ""source"": ""osm"", ""source_url"": ""https://www.openstreetmap.org/way/170295993"", ""source_file"": ""C:\\Users\\sebas\\PycharmProjects\\Git\\Project_secret_project\\data\\raw\\osm\\GA\\power_substations_overpass.json"", ""point_method"": ""facility_bounds_center"", ""review_required"": false, ""in_title"": false}, {""endpoint_name"": ""sandersville 6"", ""feature_name"": ""Sandersville Substation #6"", ""coordinates"": [-82.8327291, 33.0018214], ""feature_id"": ""way/484518626"", ""source"": ""osm"", ""source_url"": ""https://www.openstreetmap.org/way/484518626"", ""source_file"": ""C:\\Users\\sebas\\PycharmProjects\\Git\\Project_secret_project\\data\\raw\\osm\\GA\\power_substations_overpass.json"", ""point_method"": ""facility_bounds_center"", ""review_required"": false, ""in_title"": false}, {""endpoint_name"": ""robins spring"", ""feature_name"": ""Robins Spring Substation"", ""coordinates"": [-82.87976259999999, 33.0054267], ""feature_id"": ""way/1011162726"", ""source"": ""osm"", ""source_url"": ""https://www.openstreetmap.org/way/1011162726"", ""source_file"": ""C:\\Users\\sebas\\PycharmProjects\\Git\\Project_secret_project\\data\\raw\\osm\\GA\\power_substations_overpass.json"", ""point_method"": ""facility_bounds_center"", ""review_required"": false, ""in_title"": false}]","[{""project_key"": ""GA:01_expansion_plan_projects.pdf:11:20428"", ""utility"": ""GPC"", ""state"": ""GA"", ""project_id"": ""20428"", ""project_name"": ""GORDON-SANDERSVILLE #1 115KV LINE REBUILD (DEEPSTEP-SAND #6)"", ""description"": ""Rebuild the Deepstep - Robins Spring (7.6 miles) Robins Spring - Kaolin J (2.23mi), and Kaolin J - Sandersville #6 (0.66 miles) line sections of the Gordon - Sandersville #1 115kV line. Rebuild a total of 10.49 miles from 100C 336 ACSR to 100C ACSR 795 conductor."", ""asset_type"": ""line"", ""asset_name"": ""Deepstep - Robins Spring"", ""endpoint_a"": ""Deepstep"", ""endpoint_b"": ""Robins Spring"", ""voltage_kv"": 115.0, ""circuit"": """", ""asset_stage"": ""existing"", ""scope_role"": ""work"", ""scope_notes"": ""7.6 miles"", ""scope_source"": ""description_checked"", ""resolution_requirement"": ""standard_public_gis"", ""asset_key"": ""GA:01_expansion_plan_projects.pdf:11:20428:1"", ""expected_length_miles"": ""7.6"", ""source_file"": ""01_expansion_plan_projects.pdf"", ""source_page"": """", ""source_pdf_page"": ""11"", ""source_url"": ""https://psc.ga.gov/search/facts-document/?documentId=221233"", ""description_source_file"": ""05_steady_state_projects.pdf"", ""description_pdf_page"": ""152"", ""action_type"": ""rebuild"", ""detected_actions"": ""rebuild"", ""route_status"": ""review_required"", ""route_method"": ""osm_voltage_graph"", ""route_file"": ""C:\\Users\\sebas\\PycharmProjects\\Git\\Project_secret_project\\data\\raw\\osm\\GA\\power_lines_statewide_overpass.json"", ""review_note"": ""7.6 miles; OSM path candidate; circuit and exact work extent unverified."", ""anchor_evidence"": ""[{\""name\"": \""Deepstep Substation\"", \""names\"": [\""Deepstep Substation\""], \""state\"": \""GA\"", \""geometry\"": {\""type\"": \""Polygon\"", \""coordinates\"": [[[-83.0090349, 33.0164715], [-83.008613, 33.0162246], [-83.0091178, 33.015618], [-83.0095397, 33.0158649], [-83.0090349, 33.0164715]]]}, \""feature_id\"": \""way/840326021\"", \""kind\"": \""substation\"", \""voltage\"": \""115000\"", \""source\"": \""osm\"", \""source_url\"": \""https://www.openstreetmap.org/way/840326021\"", \""source_file\"": \""C:\\\\Users\\\\sebas\\\\PycharmProjects\\\\Git\\\\Project_secret_project\\\\data\\\\raw\\\\osm\\\\GA\\\\power_substations_overpass.json\"", \""review_required\"": false, \""coordinates\"": [-83.00907635, 33.016044750000006]}, {\""name\"": \""Robins Spring Substation\"", \""names\"": [\""Robins Spring Substation\""], \""state\"": \""GA\"", \""geometry\"": {\""type\"": \""Polygon\"", \""coordinates\"": [[[-82.8799113, 33.0057861], [-82.8794922, 33.0057321], [-82.879614, 33.0050673], [-82.880033, 33.0051212], [-82.8799113, 33.0057861]]]}, \""feature_id\"": \""way/1011162726\"", \""kind\"": \""substation\"", \""voltage\"": \""115000\"", \""source\"": \""osm\"", \""source_url\"": \""https://www.openstreetmap.org/way/1011162726\"", \""source_file\"": \""C:\\\\Users\\\\sebas\\\\PycharmProjects\\\\Git\\\\Project_secret_project\\\\data\\\\raw\\\\osm\\\\GA\\\\power_substations_overpass.json\"", \""review_required\"": false, \""coordinates\"": [-82.87976259999999, 33.0054267]}]"", ""distance_km"": 12.199942246680262, ""source"": ""OpenStreetMap"", ""segment_feature_ids"": """", ""source_tags"": """", ""start_snap_km"": 0.009585672044390417, ""end_snap_km"": 0.04092766334331452, ""hops"": 56.0, ""start_osm_node"": 9328972462.0, ""end_osm_node"": 9328972513.0, ""osm_way_ids"": [1011162725, 1011162724, 1011162723], ""way_names"": [NaN], ""operators"": [NaN], ""unknown_voltage_edge_count"": 0.0, ""attribution"": ""\u00a9 OpenStreetMap contributors"", ""license"": ""ODbL"", ""saved_evidence"": """"}]"
GA,215,2030,21116,GOSHEN AREA STRATEGIC SOLUTION,6/1/2030,GPC,REDACTED,REDACTED,REDACTED,REDACTED,REDACTED,01_expansion_plan_projects.pdf,11,17,https://psc.ga.gov/search/facts-document/?documentId=221233,2030-06-01,"Construct a 230kV switching station on the Waynesboro - Wilson 230kV line and a new 230kV line between the switching station and Goshen, approximately 12.3 miles. Provides an alternate power flow path into Goshen outside of the existing constrained Goshen - Vogtle corridor.",Steady state,05_steady_state_projects.pdf,153,212,,,,,,,GPC,GA:01_expansion_plan_projects.pdf:11:21116,other,,vogtle,waynesboro,-81.89130854999999,33.11762465,"{""type"": ""Point"", ""coordinates"": [-81.89130854999999, 33.11762465]}",Point,endpoint_midpoint,endpoint_midpoint,medium,True,osm,https://www.openstreetmap.org/way/121812102;https://www.openstreetmap.org/way/749962144,C:\Users\sebas\PycharmProjects\Git\Project_secret_project\data\raw\osm\GA\power_substations_overpass.json,standard_public_gis,; ambiguous facility names: goshen,"[""goshen area strategic solution"", ""waynesboro"", ""wilson"", ""goshen"", ""provides"", ""vogtle""]","[{""endpoint_name"": ""vogtle"", ""feature_name"": ""Vogtle Substation (500KV/230KV)"", ""coordinates"": [-81.76271025, 33.145815600000006], ""feature_id"": ""way/121812102"", ""source"": ""osm"", ""source_url"": ""https://www.openstreetmap.org/way/121812102"", ""source_file"": ""C:\\Users\\sebas\\PycharmProjects\\Git\\Project_secret_project\\data\\raw\\osm\\GA\\power_substations_overpass.json"", ""point_method"": ""facility_bounds_center"", ""review_required"": false, ""in_title"": false}, {""endpoint_name"": ""waynesboro"", ""feature_name"": ""Waynesboro Substation"", ""coordinates"": [-82.01990685, 33.0894337], ""feature_id"": ""way/749962144"", ""source"": ""osm"", ""source_url"": ""https://www.openstreetmap.org/way/749962144"", ""source_file"": ""C:\\Users\\sebas\\PycharmProjects\\Git\\Project_secret_project\\data\\raw\\osm\\GA\\power_substations_overpass.json"", ""point_method"": ""facility_bounds_center"", ""review_required"": false, ""in_title"": false}]",[]
GA,212,2030,20789,JEFFERSON ROAD - WINDER PRIMARY 115KV REBUILD,6/1/2030,GPC,REDACTED,REDACTED,REDACTED,REDACTED,REDACTED,01_expansion_plan_projects.pdf,12,18,https://psc.ga.gov/search/facts-document/?documentId=221233,2030-06-01,Rebuild approximately 11 miles of the Jefferson Road - Russell - Richardson Street Junction segments of the Jefferson Road - Winder Primary 115kV line with 200C 1351 ACSS Martin conductor.,Steady state,05_steady_state_projects.pdf,162,221,,,,,,,GPC,GA:01_expansion_plan_projects.pdf:12:20789,rebuild,rebuild,jefferson road,,-83.5794808,33.977796,"{""type"": ""Point"", ""coordinates"": [-83.5794808, 33.977796]}",Point,single_endpoint,facility_bounds_center,medium,True,osm,https://www.openstreetmap.org/way/1017583912,C:\Users\sebas\PycharmProjects\Git\Project_secret_project\data\raw\osm\GA\power_substations_overpass.json,standard_public_gis,; ambiguous facility names: winder,"[""jefferson road"", ""winder"", ""russell"", ""richardson street junction"", ""martin""]","[{""endpoint_name"": ""jefferson road"", ""feature_name"": ""Jefferson Rd Substation"", ""coordinates"": [-83.5794808, 33.977796], ""feature_id"": ""way/1017583912"", ""source"": ""osm"", ""source_url"": ""https://www.openstreetmap.org/way/1017583912"", ""source_file"": ""C:\\Users\\sebas\\PycharmProjects\\Git\\Project_secret_project\\data\\raw\\osm\\GA\\power_substations_overpass.json"", ""point_method"": ""facility_bounds_center"", ""review_required"": false, ""in_title"": true}]",[]
GA,216,2030,20284,KETTLE CREEK PRIMARY - PINE GROVE PRIMARY 115KV REBUILD,6/1/2030,GPC,REDACTED,REDACTED,REDACTED,REDACTED,REDACTED,01_expansion_plan_projects.pdf,12,18,https://psc.ga.gov/search/facts-document/?documentId=221233,2030-06-01,Rebuild approximately 38.04 miles of 50C 4/0 ACSR conductor from the Pine Grove to the Pearson tap using 200C 1351 ACSS conductor.,Steady state,05_steady_state_projects.pdf,163,222,,,,,,,GPC,GA:01_expansion_plan_projects.pdf:12:20284,rebuild,rebuild,kettle creek,pearson,-82.62071255007149,31.2584797501745,"{""type"": ""Point"", ""coordinates"": [-82.62071255007149, 31.2584797501745]}",Point,endpoint_midpoint,endpoint_midpoint,medium,True,hifld_substation;osm,https://services.arcgis.com/HQ0xoN0EzDPBOEci/ArcGIS/rest/services/Substations/FeatureServer/0/query;https://www.openstreetmap.org/way/1046932986,C:\Users\sebas\PycharmProjects\Git\Project_secret_project\data\raw\public_gis\endpoint_points\hifld_substations_GA.geojson;C:\Users\sebas\PycharmProjects\Git\Project_secret_project\data\raw\osm\GA\power_substations_overpass.json,standard_public_gis,; ambiguous facility names: pine grove,"[""kettle creek"", ""pine grove"", ""pearson""]","[{""endpoint_name"": ""kettle creek"", ""feature_name"": ""KETTLE CREEK PRIMARY"", ""coordinates"": [-82.399257000143, 31.223283000349], ""feature_id"": ""hifld/111805"", ""source"": ""hifld_substation"", ""source_url"": ""https://services.arcgis.com/HQ0xoN0EzDPBOEci/ArcGIS/rest/services/Substations/FeatureServer/0/query"", ""source_file"": ""C:\\Users\\sebas\\PycharmProjects\\Git\\Project_secret_project\\data\\raw\\public_gis\\endpoint_points\\hifld_substations_GA.geojson"", ""point_method"": ""published_point"", ""review_required"": true, ""in_title"": true}, {""endpoint_name"": ""pearson"", ""feature_name"": ""Pearson Substation"", ""coordinates"": [-82.8421681, 31.2936765], ""feature_id"": ""way/1046932986"", ""source"": ""osm"", ""source_url"": ""https://www.openstreetmap.org/way/1046932986"", ""source_file"": ""C:\\Users\\sebas\\PycharmProjects\\Git\\Project_secret_project\\data\\raw\\osm\\GA\\power_substations_overpass.json"", ""point_method"": ""facility_bounds_center"", ""review_required"": false, ""in_title"": false}]",[]
GA,201,2030,20857,NEW CAVENDER DRIVE - TRIBUTARY 230KV LINE,6/1/2030,GPC,REDACTED,REDACTED,REDACTED,REDACTED,REDACTED,01_expansion_plan_projects.pdf,12,18,https://psc.ga.gov/search/facts-document/?documentId=221233,2030-06-01,Build a new 4 mile 230kV line from Cavender Drive to Tributary with 200C 1351 ACSS Martin.,Steady state,05_steady_state_projects.pdf,165,224,,,,,,,GPC,GA:01_expansion_plan_projects.pdf:12:20857,other,,,,,,,,unresolved,unresolved,low,True,,,,standard_public_gis,,"[""cavender drive"", ""tributary"", ""build"", ""martin""]",[],[]
GA,214,2030,21093,NORTH SPA 230KV STRATEGIC PROJECT,6/1/2030,GPC,REDACTED,REDACTED,REDACTED,REDACTED,REDACTED,01_expansion_plan_projects.pdf,12,18,https://psc.ga.gov/search/facts-document/?documentId=221233,2030-06-01,This project includes the following scope of work: Build a new 230kV switching station north of Oasis in a ring bus configuration with 4 - breakers. Loop in the East Social Circle - Oasis (White) 230kV line. Build a new 230kV line to Cornish Mountain from North Spa. New 230kV line from Rockville 230kV will terminate in this station.,Steady state,05_steady_state_projects.pdf,166,225,,,,,,,GPC,GA:01_expansion_plan_projects.pdf:12:21093,other,,east social circle,social circle,-83.691490625,33.677784775,"{""type"": ""Point"", ""coordinates"": [-83.691490625, 33.677784775]}",Point,endpoint_midpoint,endpoint_midpoint,medium,False,osm,https://www.openstreetmap.org/way/171531630;https://www.openstreetmap.org/way/1054387440,C:\Users\sebas\PycharmProjects\Git\Project_secret_project\data\raw\osm\GA\power_substations_overpass.json,standard_public_gis,,"[""north spa"", ""strategic"", ""build"", ""oasis"", ""east social circle"", ""white"", ""cornish mountain"", ""rockville""]","[{""endpoint_name"": ""east social circle"", ""feature_name"": ""East Social Circle Substation"", ""coordinates"": [-83.67932555, 33.67415035], ""feature_id"": ""way/171531630"", ""source"": ""osm"", ""source_url"": ""https://www.openstreetmap.org/way/171531630"", ""source_file"": ""C:\\Users\\sebas\\PycharmProjects\\Git\\Project_secret_project\\data\\raw\\osm\\GA\\power_substations_overpass.json"", ""point_method"": ""facility_bounds_center"", ""review_required"": false, ""in_title"": false}, {""endpoint_name"": ""social circle"", ""feature_name"": ""Social Circle Primary Substation"", ""coordinates"": [-83.7036557, 33.6814192], ""feature_id"": ""way/1054387440"", ""source"": ""osm"", ""source_url"": ""https://www.openstreetmap.org/way/1054387440"", ""source_file"": ""C:\\Users\\sebas\\PycharmProjects\\Git\\Project_secret_project\\data\\raw\\osm\\GA\\power_substations_overpass.json"", ""point_method"": ""facility_bounds_center"", ""review_required"": false, ""in_title"": false}]",[]
GA,212,2030,19995,TALLULAH LODGE - TOCCOA 115 KV REBUILD,6/1/2030,GPC,REDACTED,REDACTED,REDACTED,REDACTED,REDACTED,01_expansion_plan_projects.pdf,12,18,https://psc.ga.gov/search/facts-document/?documentId=221233,2030-06-01,Rebuild the Tallulah Lodge - Toccoa 115kV Line with 100C 795 ACSR conductor (total of 10.3 miles). Replace limiting elements at Tallulah Lodge and Toccoa.,Steady state,05_steady_state_projects.pdf,167,226,,,,,,,GPC,GA:01_expansion_plan_projects.pdf:12:19995,rebuild,rebuild,toccoa,,-83.35273405000001,34.58094625,"{""type"": ""Polygon"", ""coordinates"": [[[-83.3535351, 34.5812536], [-83.3535805, 34.5807395], [-83.3519012, 34.5806389], [-83.3518876, 34.5807923], [-83.352247, 34.5811766], [-83.3535351, 34.5812536]]]}",Polygon,description_facilities,asset_bounds_center,medium,True,exact_facility_name,https://psc.ga.gov/search/facts-document/?documentId=221233,C:\Users\sebas\PycharmProjects\Git\Project_secret_project\data\raw\osm\GA\power_substations_overpass.json,standard_public_gis,"Description asset candidates; review unresolved rows, circuit identity and exact work limits.","[""tallulah lodge"", ""toccoa""]","[{""endpoint_name"": ""toccoa"", ""feature_name"": ""Toccoa Primary Substation"", ""coordinates"": [-83.35273405000001, 34.58094625], ""feature_id"": ""way/52440914"", ""source"": ""osm"", ""source_url"": ""https://www.openstreetmap.org/way/52440914"", ""source_file"": ""C:\\Users\\sebas\\PycharmProjects\\Git\\Project_secret_project\\data\\raw\\osm\\GA\\power_substations_overpass.json"", ""point_method"": ""facility_bounds_center"", ""review_required"": false, ""in_title"": true}]","[{""project_key"": ""GA:01_expansion_plan_projects.pdf:12:19995"", ""utility"": ""GPC"", ""state"": ""GA"", ""project_id"": ""19995"", ""project_name"": ""TALLULAH LODGE - TOCCOA 115 KV REBUILD"", ""description"": ""Rebuild the Tallulah Lodge - Toccoa 115kV Line with 100C 795 ACSR conductor (total of 10.3 miles). Replace limiting elements at Tallulah Lodge and Toccoa."", ""asset_type"": ""station"", ""asset_name"": ""Toccoa"", ""endpoint_a"": """", ""endpoint_b"": """", ""voltage_kv"": ""115"", ""circuit"": """", ""asset_stage"": ""existing"", ""scope_role"": ""work"", ""scope_notes"": ""Limiting elements"", ""scope_source"": ""description_checked"", ""resolution_requirement"": ""standard_public_gis"", ""asset_key"": ""GA:01_expansion_plan_projects.pdf:12:19995:3"", ""expected_length_miles"": """", ""source_file"": ""01_expansion_plan_projects.pdf"", ""source_page"": """", ""source_pdf_page"": ""12"", ""source_url"": ""https://psc.ga.gov/search/facts-document/?documentId=221233"", ""description_source_file"": ""05_steady_state_projects.pdf"", ""description_pdf_page"": ""167"", ""action_type"": ""rebuild"", ""detected_actions"": ""rebuild"", ""route_status"": ""facility_candidate"", ""route_method"": ""exact_facility_name"", ""route_file"": ""C:\\Users\\sebas\\PycharmProjects\\Git\\Project_secret_project\\data\\raw\\osm\\GA\\power_substations_overpass.json"", ""review_note"": ""Limiting elements"", ""anchor_evidence"": ""[{\""name\"": \""Toccoa Primary Substation\"", \""names\"": [\""Toccoa Primary Substation\""], \""state\"": \""GA\"", \""geometry\"": {\""type\"": \""Polygon\"", \""coordinates\"": [[[-83.3535351, 34.5812536], [-83.3535805, 34.5807395], [-83.3519012, 34.5806389], [-83.3518876, 34.5807923], [-83.352247, 34.5811766], [-83.3535351, 34.5812536]]]}, \""feature_id\"": \""way/52440914\"", \""kind\"": \""substation\"", \""voltage\"": \""115000\"", \""source\"": \""osm\"", \""source_url\"": \""https://www.openstreetmap.org/way/52440914\"", \""source_file\"": \""C:\\\\Users\\\\sebas\\\\PycharmProjects\\\\Git\\\\Project_secret_project\\\\data\\\\raw\\\\osm\\\\GA\\\\power_substations_overpass.json\"", \""review_required\"": false, \""coordinates\"": [-83.35273405000001, 34.58094625]}]"", ""distance_km"": """", ""source"": ""osm"", ""segment_feature_ids"": """", ""source_tags"": """", ""start_snap_km"": """", ""end_snap_km"": """", ""hops"": """", ""start_osm_node"": """", ""end_osm_node"": """", ""osm_way_ids"": """", ""way_names"": """", ""operators"": """", ""unknown_voltage_edge_count"": """", ""attribution"": """", ""license"": """", ""saved_evidence"": """"}]"
GA,201,2030,21098,TRIBUTARY - THORNTON RD 230KV REBUILD,6/1/2030,GPC,REDACTED,REDACTED,REDACTED,REDACTED,REDACTED,01_expansion_plan_projects.pdf,12,18,https://psc.ga.gov/search/facts-document/?documentId=221233,2030-06-01,Rebuild the 2.8 mile Tributary - Thornton Road 230kV line with 200C 1351 ACSS Martin.,Steady state,05_steady_state_projects.pdf,168,227,,,,,,,GPC,GA:01_expansion_plan_projects.pdf:12:21098,rebuild,rebuild,,,,,,,unresolved,unresolved,low,True,,,,standard_public_gis,,"[""tributary"", ""thornton road"", ""martin""]",[],[]
GA,213,2030,20160,THOMASTON 230 NEW BUILD SUB,11/1/2030,GPC,REDACTED,REDACTED,REDACTED,REDACTED,REDACTED,01_expansion_plan_projects.pdf,12,18,https://psc.ga.gov/search/facts-document/?documentId=221233,2030-11-01,Replace Thomaston 230/115kV 285MVA auto transformers C and D with 400MVA auto transformers. Install high side breakers to meet the 230kV bus differential standards and redesign 230kV bus to a breaker and a half configuration.,Steady state,05_steady_state_projects.pdf,169,228,,,,,,,GPC,GA:01_expansion_plan_projects.pdf:12:20160,other,,thomaston,,-84.3125168,32.8999225,"{""type"": ""Polygon"", ""coordinates"": [[[-84.3137347, 32.8997991], [-84.3136324, 32.8999326], [-84.3133507, 32.9001621], [-84.3133025, 32.9001124], [-84.3131822, 32.9001986], [-84.3129388, 32.8999648], [-84.3128285, 32.9000304], [-84.3119898, 32.90061], [-84.3112989, 32.8999267], [-84.3117309, 32.8996221], [-84.311829, 32.8995529], [-84.3122021, 32.8999398], [-84.3125298, 32.8997034], [-84.3124877, 32.8996525], [-84.3126397, 32.8995506], [-84.312651, 32.8995696], [-84.3128693, 32.8994188], [-84.3131354, 32.899235], [-84.3134136, 32.8992814], [-84.3137019, 32.8995506], [-84.3136125, 32.8996206], [-84.3136725, 32.8997411], [-84.3137347, 32.8997991]]]}",Polygon,description_facilities,asset_bounds_center,medium,True,exact_facility_name,https://psc.ga.gov/search/facts-document/?documentId=221233,C:\Users\sebas\PycharmProjects\Git\Project_secret_project\data\raw\osm\GA\power_substations_overpass.json,standard_public_gis,"Description asset candidates; review unresolved rows, circuit identity and exact work limits.","[""thomaston"", ""build""]","[{""endpoint_name"": ""thomaston"", ""feature_name"": ""Thomaston Primary Substation"", ""coordinates"": [-84.3125168, 32.8999225], ""feature_id"": ""way/160308061"", ""source"": ""osm"", ""source_url"": ""https://www.openstreetmap.org/way/160308061"", ""source_file"": ""C:\\Users\\sebas\\PycharmProjects\\Git\\Project_secret_project\\data\\raw\\osm\\GA\\power_substations_overpass.json"", ""point_method"": ""facility_bounds_center"", ""review_required"": false, ""in_title"": true}]","[{""project_key"": ""GA:01_expansion_plan_projects.pdf:12:20160"", ""utility"": ""GPC"", ""state"": ""GA"", ""project_id"": ""20160"", ""project_name"": ""THOMASTON 230 NEW BUILD SUB"", ""description"": ""Replace Thomaston 230/115kV 285MVA auto transformers C and D with 400MVA auto transformers. Install high side breakers to meet the 230kV bus differential standards and redesign 230kV bus to a breaker and a half configuration."", ""asset_type"": ""station"", ""asset_name"": ""Thomaston"", ""endpoint_a"": """", ""endpoint_b"": """", ""voltage_kv"": ""230;115"", ""circuit"": """", ""asset_stage"": ""existing"", ""scope_role"": ""work"", ""scope_notes"": ""Existing station transformers C and D; title says new build but description controls"", ""scope_source"": ""description_checked"", ""resolution_requirement"": ""standard_public_gis"", ""asset_key"": ""GA:01_expansion_plan_projects.pdf:12:20160:1"", ""expected_length_miles"": """", ""source_file"": ""01_expansion_plan_projects.pdf"", ""source_page"": """", ""source_pdf_page"": ""12"", ""source_url"": ""https://psc.ga.gov/search/facts-document/?documentId=221233"", ""description_source_file"": ""05_steady_state_projects.pdf"", ""description_pdf_page"": ""169"", ""action_type"": ""other"", ""detected_actions"": """", ""route_status"": ""facility_candidate"", ""route_method"": ""exact_facility_name"", ""route_file"": ""C:\\Users\\sebas\\PycharmProjects\\Git\\Project_secret_project\\data\\raw\\osm\\GA\\power_substations_overpass.json"", ""review_note"": ""Existing station transformers C and D; title says new build but description controls"", ""anchor_evidence"": ""[{\""name\"": \""Thomaston Primary Substation\"", \""names\"": [\""Thomaston Primary Substation\""], \""state\"": \""GA\"", \""geometry\"": {\""type\"": \""Polygon\"", \""coordinates\"": [[[-84.3137347, 32.8997991], [-84.3136324, 32.8999326], [-84.3133507, 32.9001621], [-84.3133025, 32.9001124], [-84.3131822, 32.9001986], [-84.3129388, 32.8999648], [-84.3128285, 32.9000304], [-84.3119898, 32.90061], [-84.3112989, 32.8999267], [-84.3117309, 32.8996221], [-84.311829, 32.8995529], [-84.3122021, 32.8999398], [-84.3125298, 32.8997034], [-84.3124877, 32.8996525], [-84.3126397, 32.8995506], [-84.312651, 32.8995696], [-84.3128693, 32.8994188], [-84.3131354, 32.899235], [-84.3134136, 32.8992814], [-84.3137019, 32.8995506], [-84.3136125, 32.8996206], [-84.3136725, 32.8997411], [-84.3137347, 32.8997991]]]}, \""feature_id\"": \""way/160308061\"", \""kind\"": \""substation\"", \""voltage\"": \""230000\"", \""source\"": \""osm\"", \""source_url\"": \""https://www.openstreetmap.org/way/160308061\"", \""source_file\"": \""C:\\\\Users\\\\sebas\\\\PycharmProjects\\\\Git\\\\Project_secret_project\\\\data\\\\raw\\\\osm\\\\GA\\\\power_substations_overpass.json\"", \""review_required\"": false, \""coordinates\"": [-84.3125168, 32.8999225]}]"", ""distance_km"": """", ""source"": ""osm"", ""segment_feature_ids"": """", ""source_tags"": """", ""start_snap_km"": """", ""end_snap_km"": """", ""hops"": """", ""start_osm_node"": """", ""end_osm_node"": """", ""osm_way_ids"": """", ""way_names"": """", ""operators"": """", ""unknown_voltage_edge_count"": """", ""attribution"": """", ""license"": """", ""saved_evidence"": """"}]"
GA,216,2030,18848,"BAINBRIDGE TRANSMISSION: EAST RIVER ROAD, EAST BAINBRIDGE",12/31/2030,GPC,REDACTED,REDACTED,REDACTED,REDACTED,REDACTED,01_expansion_plan_projects.pdf,12,18,https://psc.ga.gov/search/facts-document/?documentId=221233,2030-12-31,"This project will construct a new 115kV breaker and a half substation a mile north of the East Bainbridge substation. East Bainbridge will be simplified to a 115kV straight bus with two transmission lines for service to load, a generation interconnection point and a capacitor bank.",Steady state,05_steady_state_projects.pdf,170,229,,,,,,,GPC,GA:01_expansion_plan_projects.pdf:12:18848,other,,bainbridge,east bainbridge,-84.54876734999999,30.9114763,"{""type"": ""Polygon"", ""coordinates"": [[[-84.5491165, 30.9112168], [-84.5491194, 30.9118204], [-84.5492478, 30.9118199], [-84.5492496, 30.9121881], [-84.5484476, 30.912191], [-84.5484435, 30.9113338], [-84.5482865, 30.9113344], [-84.5482851, 30.9110508], [-84.5486787, 30.9110494], [-84.5486773, 30.9107636], [-84.5492465, 30.9107616], [-84.5492487, 30.9112164], [-84.5491165, 30.9112168]]]}",Polygon,description_facilities,asset_bounds_center,medium,True,exact_facility_name,https://psc.ga.gov/search/facts-document/?documentId=221233,C:\Users\sebas\PycharmProjects\Git\Project_secret_project\data\raw\osm\GA\power_substations_overpass.json,standard_public_gis,"Description asset candidates; review unresolved rows, circuit identity and exact work limits.","[""bainbridge"", ""east river road"", ""east bainbridge""]","[{""endpoint_name"": ""bainbridge"", ""feature_name"": ""Bainbridge Substation"", ""coordinates"": [-84.56699234999999, 30.91255215], ""feature_id"": ""way/1058040908"", ""source"": ""osm"", ""source_url"": ""https://www.openstreetmap.org/way/1058040908"", ""source_file"": ""C:\\Users\\sebas\\PycharmProjects\\Git\\Project_secret_project\\data\\raw\\osm\\GA\\power_substations_overpass.json"", ""point_method"": ""facility_bounds_center"", ""review_required"": false, ""in_title"": true}, {""endpoint_name"": ""east bainbridge"", ""feature_name"": ""East Bainbridge Substation"", ""coordinates"": [-84.54876734999999, 30.9114763], ""feature_id"": ""way/492355206"", ""source"": ""osm"", ""source_url"": ""https://www.openstreetmap.org/way/492355206"", ""source_file"": ""C:\\Users\\sebas\\PycharmProjects\\Git\\Project_secret_project\\data\\raw\\osm\\GA\\power_substations_overpass.json"", ""point_method"": ""facility_bounds_center"", ""review_required"": false, ""in_title"": true}]","[{""project_key"": ""GA:01_expansion_plan_projects.pdf:12:18848"", ""utility"": ""GPC"", ""state"": ""GA"", ""project_id"": ""18848"", ""project_name"": ""BAINBRIDGE TRANSMISSION: EAST RIVER ROAD, EAST BAINBRIDGE"", ""description"": ""This project will construct a new 115kV breaker and a half substation a mile north of the East Bainbridge substation. East Bainbridge will be simplified to a 115kV straight bus with two transmission lines for service to load, a generation interconnection point and a capacitor bank."", ""asset_type"": ""station"", ""asset_name"": ""East Bainbridge"", ""endpoint_a"": """", ""endpoint_b"": """", ""voltage_kv"": ""115"", ""circuit"": """", ""asset_stage"": ""existing"", ""scope_role"": ""work"", ""scope_notes"": ""Simplification of existing substation"", ""scope_source"": ""description_checked"", ""resolution_requirement"": ""standard_public_gis"", ""asset_key"": ""GA:01_expansion_plan_projects.pdf:12:18848:2"", ""expected_length_miles"": """", ""source_file"": ""01_expansion_plan_projects.pdf"", ""source_page"": """", ""source_pdf_page"": ""12"", ""source_url"": ""https://psc.ga.gov/search/facts-document/?documentId=221233"", ""description_source_file"": ""05_steady_state_projects.pdf"", ""description_pdf_page"": ""170"", ""action_type"": ""other"", ""detected_actions"": """", ""route_status"": ""facility_candidate"", ""route_method"": ""exact_facility_name"", ""route_file"": ""C:\\Users\\sebas\\PycharmProjects\\Git\\Project_secret_project\\data\\raw\\osm\\GA\\power_substations_overpass.json"", ""review_note"": ""Simplification of existing substation"", ""anchor_evidence"": ""[{\""name\"": \""East Bainbridge Substation\"", \""names\"": [\""East Bainbridge Substation\""], \""state\"": \""GA\"", \""geometry\"": {\""type\"": \""Polygon\"", \""coordinates\"": [[[-84.5491165, 30.9112168], [-84.5491194, 30.9118204], [-84.5492478, 30.9118199], [-84.5492496, 30.9121881], [-84.5484476, 30.912191], [-84.5484435, 30.9113338], [-84.5482865, 30.9113344], [-84.5482851, 30.9110508], [-84.5486787, 30.9110494], [-84.5486773, 30.9107636], [-84.5492465, 30.9107616], [-84.5492487, 30.9112164], [-84.5491165, 30.9112168]]]}, \""feature_id\"": \""way/492355206\"", \""kind\"": \""substation\"", \""voltage\"": \""115000;24900;12470\"", \""source\"": \""osm\"", \""source_url\"": \""https://www.openstreetmap.org/way/492355206\"", \""source_file\"": \""C:\\\\Users\\\\sebas\\\\PycharmProjects\\\\Git\\\\Project_secret_project\\\\data\\\\raw\\\\osm\\\\GA\\\\power_substations_overpass.json\"", \""review_required\"": false, \""coordinates\"": [-84.54876734999999, 30.9114763]}]"", ""distance_km"": """", ""source"": ""osm"", ""segment_feature_ids"": """", ""source_tags"": """", ""start_snap_km"": """", ""end_snap_km"": """", ""hops"": """", ""start_osm_node"": """", ""end_osm_node"": """", ""osm_way_ids"": """", ""way_names"": """", ""operators"": """", ""unknown_voltage_edge_count"": """", ""attribution"": """", ""license"": """", ""saved_evidence"": """"}]"
GA,214,2030,19626,GLENWOOD SPRINGS 115KV CAP BANK,12/31/2030,GPC,REDACTED,REDACTED,REDACTED,REDACTED,REDACTED,01_expansion_plan_projects.pdf,12,18,https://psc.ga.gov/search/facts-document/?documentId=221233,2030-12-31,Install a 115kV two stage 30MVAR capacitor bank at Glenwood Springs substation.,Steady state,05_steady_state_projects.pdf,171,230,,,,,,,GPC,GA:01_expansion_plan_projects.pdf:12:19626,other,,,,,,,,unresolved,unresolved,low,True,,,,standard_public_gis,,"[""glenwood springs"", ""cap""]",[],[]
GA,208,2031,20690,EAST POINT - UNION CITY (WHITE) 230KV REBUILD,5/1/2031,GPC,REDACTED,REDACTED,REDACTED,REDACTED,REDACTED,01_expansion_plan_projects.pdf,12,18,https://psc.ga.gov/search/facts-document/?documentId=221233,2031-05-01,Rebuild 5.49 miles of 100C 1590.0 ACSR Lapwing with 200C 1351.5 ACSS Martin 230kV line from Welcome All to Union City on the East Point - Union City 230kV line.,Steady state,05_steady_state_projects.pdf,172,231,,,,,,,GPC,GA:01_expansion_plan_projects.pdf:12:20690,rebuild,rebuild,east point,,-84.46219725,33.675453000000005,"{""type"": ""Point"", ""coordinates"": [-84.46219725, 33.675453000000005]}",Point,single_endpoint,facility_bounds_center,medium,False,osm,https://www.openstreetmap.org/way/171173865,C:\Users\sebas\PycharmProjects\Git\Project_secret_project\data\raw\osm\GA\power_substations_overpass.json,standard_public_gis,,"[""east"", ""union city"", ""white"", ""lapwing"", ""martin"", ""welcome all""]","[{""endpoint_name"": ""east point"", ""feature_name"": ""East Point 12kV Switching Station"", ""coordinates"": [-84.46219725, 33.675453000000005], ""feature_id"": ""way/171173865"", ""source"": ""osm"", ""source_url"": ""https://www.openstreetmap.org/way/171173865"", ""source_file"": ""C:\\Users\\sebas\\PycharmProjects\\Git\\Project_secret_project\\data\\raw\\osm\\GA\\power_substations_overpass.json"", ""point_method"": ""facility_bounds_center"", ""review_required"": false, ""in_title"": false}]",[]
GA,202,2031,19632,AVERY - HOPEWELL 115KV RECONDUCTOR,6/1/2031,GPC,REDACTED,REDACTED,REDACTED,REDACTED,REDACTED,01_expansion_plan_projects.pdf,12,18,https://psc.ga.gov/search/facts-document/?documentId=221233,2031-06-01,Reconductor the Hopewell to Birmingham line section (approximately 3.3 miles) on the Avery - Hopewell 115kV line with 100C 1033 ACSR conductor. Replace jumper at Birmingham with 1590 AAC jumper.,Steady state,05_steady_state_projects.pdf,173,232,,,,,,,GPC,GA:01_expansion_plan_projects.pdf:12:19632,other,,Hopewell,Birmingham,-84.30723347595504,34.169980848535246,"{""type"": ""GeometryCollection"", ""geometries"": [{""type"": ""MultiLineString"", ""coordinates"": [[[-84.33064500028458, 34.16521900030521], [-84.33043606292927, 34.165170784104504], [-84.33038324827876, 34.165724623210174], [-84.32919800031313, 34.16549800023167], [-84.32895300009073, 34.16770199967169], [-84.32435785600272, 34.16947610672647], [-84.32185529963981, 34.17079830336756], [-84.31940000005073, 34.17165199966772], [-84.31877521009253, 34.169836330769165], [-84.30898263295954, 34.16978550023922], [-84.30040679872604, 34.16973208095372], [-84.2961439998521, 34.169707999787754], [-84.28878000012341, 34.17224400018195], [-84.28879880276062, 34.175069397070494], [-84.28490976502864, 34.17494371389215], [-84.28375580268941, 34.174932878037424], [-84.28327515191009, 34.17469017310775], [-84.28344099977618, 34.17424299985663]]]}, {""type"": ""Polygon"", ""coordinates"": [[[-84.3311918, 34.1649555], [-84.3311405, 34.1654522], [-84.3310978, 34.1654492], [-84.3302464, 34.165389], [-84.3302978, 34.1648923], [-84.3311918, 34.1649555]]]}]}",GeometryCollection,traced_route_candidate,asset_bounds_center,medium,True,public_gis_endpoint_graph;exact_facility_name,https://arcgis.netl.doe.gov/server/rest/services/Hosted/Energy_Transition_Atlas_493d6/FeatureServer/18;https://psc.ga.gov/search/facts-document/?documentId=221233,C:\Users\sebas\PycharmProjects\Git\Project_secret_project\data\raw\public_gis\GA\netl_lines_2000.json;C:\Users\sebas\PycharmProjects\Git\Project_secret_project\data\raw\osm\GA\power_substations_overpass.json,standard_public_gis,"Description asset candidates; review unresolved rows, circuit identity and exact work limits.","[""avery"", ""hopewell"", ""birmingham"", ""aac""]","[{""endpoint_name"": ""avery"", ""feature_name"": ""Avery Substation"", ""coordinates"": [-84.3857643, 34.216988900000004], ""feature_id"": ""way/700215120"", ""source"": ""osm"", ""source_url"": ""https://www.openstreetmap.org/way/700215120"", ""source_file"": ""C:\\Users\\sebas\\PycharmProjects\\Git\\Project_secret_project\\data\\raw\\osm\\GA\\power_substations_overpass.json"", ""point_method"": ""facility_bounds_center"", ""review_required"": false, ""in_title"": true}, {""endpoint_name"": ""hopewell"", ""feature_name"": ""Hopewell Substation"", ""coordinates"": [-84.2834055, 34.1741923], ""feature_id"": ""way/177931281"", ""source"": ""osm"", ""source_url"": ""https://www.openstreetmap.org/way/177931281"", ""source_file"": ""C:\\Users\\sebas\\PycharmProjects\\Git\\Project_secret_project\\data\\raw\\osm\\GA\\power_substations_overpass.json"", ""point_method"": ""facility_bounds_center"", ""review_required"": false, ""in_title"": true}, {""endpoint_name"": ""birmingham"", ""feature_name"": ""Birmingham Substation"", ""coordinates"": [-84.3307191, 34.16517225], ""feature_id"": ""way/178249106"", ""source"": ""osm"", ""source_url"": ""https://www.openstreetmap.org/way/178249106"", ""source_file"": ""C:\\Users\\sebas\\PycharmProjects\\Git\\Project_secret_project\\data\\raw\\osm\\GA\\power_substations_overpass.json"", ""point_method"": ""facility_bounds_center"", ""review_required"": false, ""in_title"": false}]","[{""project_key"": ""GA:01_expansion_plan_projects.pdf:12:19632"", ""utility"": ""GPC"", ""state"": ""GA"", ""project_id"": ""19632"", ""project_name"": ""AVERY - HOPEWELL 115KV RECONDUCTOR"", ""description"": ""Reconductor the Hopewell to Birmingham line section (approximately 3.3 miles) on the Avery - Hopewell 115kV line with 100C 1033 ACSR conductor. Replace jumper at Birmingham with 1590 AAC jumper."", ""asset_type"": ""line"", ""asset_name"": ""Hopewell - Birmingham"", ""endpoint_a"": ""Hopewell"", ""endpoint_b"": ""Birmingham"", ""voltage_kv"": ""115"", ""circuit"": """", ""asset_stage"": ""existing"", ""scope_role"": ""work"", ""scope_notes"": ""3.3 mile section; not Avery-Hopewell"", ""scope_source"": ""description_checked"", ""resolution_requirement"": ""standard_public_gis"", ""asset_key"": ""GA:01_expansion_plan_projects.pdf:12:19632:1"", ""expected_length_miles"": ""3.3"", ""source_file"": ""01_expansion_plan_projects.pdf"", ""source_page"": """", ""source_pdf_page"": ""12"", ""source_url"": ""https://arcgis.netl.doe.gov/server/rest/services/Hosted/Energy_Transition_Atlas_493d6/FeatureServer/18"", ""description_source_file"": ""05_steady_state_projects.pdf"", ""description_pdf_page"": ""173"", ""action_type"": ""other"", ""detected_actions"": """", ""route_status"": ""review_required"", ""route_method"": ""public_gis_endpoint_graph"", ""route_file"": ""C:\\Users\\sebas\\PycharmProjects\\Git\\Project_secret_project\\data\\raw\\public_gis\\GA\\netl_lines_2000.json"", ""review_note"": ""3.3 mile section; not Avery-Hopewell; GIS endpoint graph candidate; rounded endpoint connectivity, circuit and source-feature extent need review."", ""anchor_evidence"": ""[{\""name\"": \""Hopewell Substation\"", \""names\"": [\""Hopewell Substation\""], \""state\"": \""GA\"", \""geometry\"": {\""type\"": \""Polygon\"", \""coordinates\"": [[[-84.284283, 34.1741274], [-84.283501, 34.1734934], [-84.2829452, 34.1739641], [-84.2828681, 34.1738992], [-84.2826784, 34.1740678], [-84.2827541, 34.1741244], [-84.2824667, 34.1743667], [-84.2831137, 34.1748912], [-84.2837766, 34.1748318], [-84.2837996, 34.1748124], [-84.2840567, 34.1745952], [-84.2841347, 34.1746584], [-84.2843443, 34.1744814], [-84.2842675, 34.1744191], [-84.284283, 34.1741274]]]}, \""feature_id\"": \""way/177931281\"", \""kind\"": \""substation\"", \""voltage\"": \""230000\"", \""source\"": \""osm\"", \""source_url\"": \""https://www.openstreetmap.org/way/177931281\"", \""source_file\"": \""C:\\\\Users\\\\sebas\\\\PycharmProjects\\\\Git\\\\Project_secret_project\\\\data\\\\raw\\\\osm\\\\GA\\\\power_substations_overpass.json\"", \""review_required\"": false, \""coordinates\"": [-84.2834055, 34.1741923]}, {\""name\"": \""Birmingham Substation\"", \""names\"": [\""Birmingham Substation\""], \""state\"": \""GA\"", \""geometry\"": {\""type\"": \""Polygon\"", \""coordinates\"": [[[-84.3311918, 34.1649555], [-84.3311405, 34.1654522], [-84.3310978, 34.1654492], [-84.3302464, 34.165389], [-84.3302978, 34.1648923], [-84.3311918, 34.1649555]]]}, \""feature_id\"": \""way/178249106\"", \""kind\"": \""substation\"", \""voltage\"": \""115000\"", \""source\"": \""osm\"", \""source_url\"": \""https://www.openstreetmap.org/way/178249106\"", \""source_file\"": \""C:\\\\Users\\\\sebas\\\\PycharmProjects\\\\Git\\\\Project_secret_project\\\\data\\\\raw\\\\osm\\\\GA\\\\power_substations_overpass.json\"", \""review_required\"": false, \""coordinates\"": [-84.3307191, 34.16517225]}]"", ""distance_km"": 5.332542326909041, ""source"": ""public_gis"", ""segment_feature_ids"": [""netl/31562""], ""source_tags"": [{""owner"": ""GEORGIA POWER CO"", ""volt_class"": ""100-161"", ""naics_code"": ""221121"", ""naics_desc"": ""ELECTRIC BULK POWER TRANSMISSION AND CONTROL"", ""val_method"": ""IMAGERY"", ""shape__len"": 6452.37977545, ""globalid"": ""b546c3e0-380d-4c28-80fa-17cdd2426b36"", ""source"": ""IMAGERY, EIA 861, EIA 860"", ""objectid_1"": 31562, ""type"": ""AC; OVERHEAD"", ""sourcedate"": 1401840000000, ""voltage"": 115, ""val_date"": 1514851200000, ""inferred"": ""Y"", ""sub_2"": ""UNKNOWN111510"", ""sub_1"": ""UNKNOWN111509"", ""id"": ""118531"", ""SHAPE__Length"": 6452.379768975113, ""objectid"": 31562, ""status"": ""IN SERVICE""}], ""start_snap_km"": 0.006515197919393078, ""end_snap_km"": 0.008573363202341752, ""hops"": """", ""start_osm_node"": """", ""end_osm_node"": """", ""osm_way_ids"": """", ""way_names"": """", ""operators"": """", ""unknown_voltage_edge_count"": """", ""attribution"": """", ""license"": """", ""saved_evidence"": """"}, {""project_key"": ""GA:01_expansion_plan_projects.pdf:12:19632"", ""utility"": ""GPC"", ""state"": ""GA"", ""project_id"": ""19632"", ""project_name"": ""AVERY - HOPEWELL 115KV RECONDUCTOR"", ""description"": ""Reconductor the Hopewell to Birmingham line section (approximately 3.3 miles) on the Avery - Hopewell 115kV line with 100C 1033 ACSR conductor. Replace jumper at Birmingham with 1590 AAC jumper."", ""asset_type"": ""station"", ""asset_name"": ""Birmingham"", ""endpoint_a"": """", ""endpoint_b"": """", ""voltage_kv"": ""115"", ""circuit"": """", ""asset_stage"": ""existing"", ""scope_role"": ""work"", ""scope_notes"": ""Jumper"", ""scope_source"": ""description_checked"", ""resolution_requirement"": ""standard_public_gis"", ""asset_key"": ""GA:01_expansion_plan_projects.pdf:12:19632:2"", ""expected_length_miles"": """", ""source_file"": ""01_expansion_plan_projects.pdf"", ""source_page"": """", ""source_pdf_page"": ""12"", ""source_url"": ""https://psc.ga.gov/search/facts-document/?documentId=221233"", ""description_source_file"": ""05_steady_state_projects.pdf"", ""description_pdf_page"": ""173"", ""action_type"": ""other"", ""detected_actions"": """", ""route_status"": ""facility_candidate"", ""route_method"": ""exact_facility_name"", ""route_file"": ""C:\\Users\\sebas\\PycharmProjects\\Git\\Project_secret_project\\data\\raw\\osm\\GA\\power_substations_overpass.json"", ""review_note"": ""Jumper"", ""anchor_evidence"": ""[{\""name\"": \""Birmingham Substation\"", \""names\"": [\""Birmingham Substation\""], \""state\"": \""GA\"", \""geometry\"": {\""type\"": \""Polygon\"", \""coordinates\"": [[[-84.3311918, 34.1649555], [-84.3311405, 34.1654522], [-84.3310978, 34.1654492], [-84.3302464, 34.165389], [-84.3302978, 34.1648923], [-84.3311918, 34.1649555]]]}, \""feature_id\"": \""way/178249106\"", \""kind\"": \""substation\"", \""voltage\"": \""115000\"", \""source\"": \""osm\"", \""source_url\"": \""https://www.openstreetmap.org/way/178249106\"", \""source_file\"": \""C:\\\\Users\\\\sebas\\\\PycharmProjects\\\\Git\\\\Project_secret_project\\\\data\\\\raw\\\\osm\\\\GA\\\\power_substations_overpass.json\"", \""review_required\"": false, \""coordinates\"": [-84.3307191, 34.16517225]}]"", ""distance_km"": """", ""source"": ""osm"", ""segment_feature_ids"": """", ""source_tags"": """", ""start_snap_km"": """", ""end_snap_km"": """", ""hops"": """", ""start_osm_node"": """", ""end_osm_node"": """", ""osm_way_ids"": """", ""way_names"": """", ""operators"": """", ""unknown_voltage_edge_count"": """", ""attribution"": """", ""license"": """", ""saved_evidence"": """"}]"
GA,211,2031,10811,BOWEN #10 500/230KV AUTOBANK REPLACEMENT,6/1/2031,GPC,REDACTED,REDACTED,REDACTED,REDACTED,REDACTED,01_expansion_plan_projects.pdf,12,18,https://psc.ga.gov/search/facts-document/?documentId=221233,2031-06-01,Replace the existing Bowen #10 1350 MVA 500/230kV auto transformer with a 2016 MVA 500/230kV auto transformer.,Steady state,05_steady_state_projects.pdf,174,233,,,,,,,GPC,GA:01_expansion_plan_projects.pdf:12:10811,other,,bowen,,-84.9223274,34.12158495,"{""type"": ""Point"", ""coordinates"": [-84.9223274, 34.12158495]}",Point,single_endpoint,facility_bounds_center,high,False,osm,https://www.openstreetmap.org/way/159758323,C:\Users\sebas\PycharmProjects\Git\Project_secret_project\data\raw\osm\GA\power_substations_overpass.json,standard_public_gis,,"[""bowen""]","[{""endpoint_name"": ""bowen"", ""feature_name"": ""Bowen Substation"", ""coordinates"": [-84.9223274, 34.12158495], ""feature_id"": ""way/159758323"", ""source"": ""osm"", ""source_url"": ""https://www.openstreetmap.org/way/159758323"", ""source_file"": ""C:\\Users\\sebas\\PycharmProjects\\Git\\Project_secret_project\\data\\raw\\osm\\GA\\power_substations_overpass.json"", ""point_method"": ""facility_bounds_center"", ""review_required"": false, ""in_title"": true}]",[]
GA,215,2031,20756,HATCH - WADLEY 500 KV LINE STRATEGIC PROJECT,6/1/2031,GPC,REDACTED,REDACTED,REDACTED,REDACTED,REDACTED,01_expansion_plan_projects.pdf,12,18,https://psc.ga.gov/search/facts-document/?documentId=221233,2031-06-01,Construct a new 500kV line from Hatch - Wadley Primary.,Steady state,05_steady_state_projects.pdf,175,234,"The construction of the Hatch – Wadley Primary 500 kV Line aims to address the evolving dynamics within the Georgia Integrated Transmission System (ITS), primarily driven by the increasing penetration of renewable generation plants and forecasted load growth. This project involves the construction of a new ~65-mile 500 kV line from Hatch to Wadley Primary as shown in Figure 10. Additionally, supplemental projects include Hatch Line Termination (GPC) and Wadley Primary Line Termination (MEAG). The decision to undertake this project stems from the necessity to enhance available transmission capacity and mitigate potential thermal limits resulting from 500 kV contingencies under solar expansion scenarios. The 2023 ITS solar sensitivity study identified numerous benefits associated with the Hatch – Wadley 500 kV line, including providing an additional high-capacity corridor from South to North for solar penetration level of REDACTED. Furthermore, this project is anticipated to reduce flows and increase available capacity on various circuits, thereby alleviating or reducing thermal constraints on critical circuits under solar expansion scenarios. This solution is the result of joint planning efforts amongst the GA ITS Participants.",06_strategic_projects.pdf,10,281,13,284,GPC,GA:01_expansion_plan_projects.pdf:12:20756,other,,wadley,,-82.41587240000001,32.8846571,"{""type"": ""Point"", ""coordinates"": [-82.41587240000001, 32.8846571]}",Point,single_endpoint,facility_bounds_center,high,False,osm,https://www.openstreetmap.org/way/1005940922,C:\Users\sebas\PycharmProjects\Git\Project_secret_project\data\raw\osm\GA\power_substations_overpass.json,standard_public_gis,,"[""hatch"", ""wadley"", ""strategic""]","[{""endpoint_name"": ""wadley"", ""feature_name"": ""Wadley Substation"", ""coordinates"": [-82.41587240000001, 32.8846571], ""feature_id"": ""way/1005940922"", ""source"": ""osm"", ""source_url"": ""https://www.openstreetmap.org/way/1005940922"", ""source_file"": ""C:\\Users\\sebas\\PycharmProjects\\Git\\Project_secret_project\\data\\raw\\osm\\GA\\power_substations_overpass.json"", ""point_method"": ""facility_bounds_center"", ""review_required"": false, ""in_title"": true}]",[]
GA,214,2033,20767,ARKWRIGHT BUS AND JUMPER REPLACEMENT,6/1/2033,GPC,REDACTED,REDACTED,REDACTED,REDACTED,REDACTED,01_expansion_plan_projects.pdf,13,19,https://psc.ga.gov/search/facts-document/?documentId=221233,2033-06-01,Replace the 115kV bus at Arkwright with higher rating and replace the jumper on the Arkwright - Forrest Rd (Macon) 115kV line with at least 1590AAC.,Steady state,05_steady_state_projects.pdf,179,238,,,,,,,GPC,GA:01_expansion_plan_projects.pdf:13:20767,other,,,,,,,,unresolved,unresolved,low,True,,,,standard_public_gis,,"[""arkwright"", ""jumper"", ""forrest road"", ""macon""]",[],[]
GA,202,2033,20758,BAY CREEK - CONYERS 230KV LIMITING ELEMENT REPLACEMENT,6/1/2033,GPC,REDACTED,REDACTED,REDACTED,REDACTED,REDACTED,01_expansion_plan_projects.pdf,13,19,https://psc.ga.gov/search/facts-document/?documentId=221233,2033-06-01,"Replace equipment such as jumpers, switches, and traps at the Bay Creek, Rockdale, and Conyers substations with equipment capable of carrying 3000A.",Steady state,05_steady_state_projects.pdf,180,239,,,,,,,GPC,GA:01_expansion_plan_projects.pdf:13:20758,other,,bay creek,,-83.88235055000001,33.8681196,"{""type"": ""Polygon"", ""coordinates"": [[[-83.882725, 33.8675129], [-83.8832512, 33.8683097], [-83.8823361, 33.8687263], [-83.8817352, 33.8685254], [-83.8814499, 33.8680934], [-83.882725, 33.8675129]]]}",Polygon,description_facilities,asset_bounds_center,medium,True,exact_facility_name,https://psc.ga.gov/search/facts-document/?documentId=221233,C:\Users\sebas\PycharmProjects\Git\Project_secret_project\data\raw\osm\GA\power_substations_overpass.json,standard_public_gis,"Description asset candidates; review unresolved rows, circuit identity and exact work limits.","[""creek"", ""conyers"", ""limiting element"", ""rockdale""]","[{""endpoint_name"": ""bay creek"", ""feature_name"": ""Bay Creek Substation"", ""coordinates"": [-83.88235055000001, 33.8681196], ""feature_id"": ""way/175826909"", ""source"": ""osm"", ""source_url"": ""https://www.openstreetmap.org/way/175826909"", ""source_file"": ""C:\\Users\\sebas\\PycharmProjects\\Git\\Project_secret_project\\data\\raw\\osm\\GA\\power_substations_overpass.json"", ""point_method"": ""facility_bounds_center"", ""review_required"": false, ""in_title"": false}]","[{""project_key"": ""GA:01_expansion_plan_projects.pdf:13:20758"", ""utility"": ""GPC"", ""state"": ""GA"", ""project_id"": ""20758"", ""project_name"": ""BAY CREEK - CONYERS 230KV LIMITING ELEMENT REPLACEMENT"", ""description"": ""Replace equipment such as jumpers, switches, and traps at the Bay Creek, Rockdale, and Conyers substations with equipment capable of carrying 3000A."", ""asset_type"": ""station"", ""asset_name"": ""Bay Creek"", ""endpoint_a"": """", ""endpoint_b"": """", ""voltage_kv"": ""230"", ""circuit"": """", ""asset_stage"": ""existing"", ""scope_role"": ""work"", ""scope_notes"": ""Station equipment only"", ""scope_source"": ""description_checked"", ""resolution_requirement"": ""standard_public_gis"", ""asset_key"": ""GA:01_expansion_plan_projects.pdf:13:20758:1"", ""expected_length_miles"": """", ""source_file"": ""01_expansion_plan_projects.pdf"", ""source_page"": """", ""source_pdf_page"": ""13"", ""source_url"": ""https://psc.ga.gov/search/facts-document/?documentId=221233"", ""description_source_file"": ""05_steady_state_projects.pdf"", ""description_pdf_page"": ""180"", ""action_type"": ""other"", ""detected_actions"": """", ""route_status"": ""facility_candidate"", ""route_method"": ""exact_facility_name"", ""route_file"": ""C:\\Users\\sebas\\PycharmProjects\\Git\\Project_secret_project\\data\\raw\\osm\\GA\\power_substations_overpass.json"", ""review_note"": ""Station equipment only"", ""anchor_evidence"": ""[{\""name\"": \""Bay Creek Substation\"", \""names\"": [\""Bay Creek Substation\""], \""state\"": \""GA\"", \""geometry\"": {\""type\"": \""Polygon\"", \""coordinates\"": [[[-83.882725, 33.8675129], [-83.8832512, 33.8683097], [-83.8823361, 33.8687263], [-83.8817352, 33.8685254], [-83.8814499, 33.8680934], [-83.882725, 33.8675129]]]}, \""feature_id\"": \""way/175826909\"", \""kind\"": \""substation\"", \""voltage\"": \""230000\"", \""source\"": \""osm\"", \""source_url\"": \""https://www.openstreetmap.org/way/175826909\"", \""source_file\"": \""C:\\\\Users\\\\sebas\\\\PycharmProjects\\\\Git\\\\Project_secret_project\\\\data\\\\raw\\\\osm\\\\GA\\\\power_substations_overpass.json\"", \""review_required\"": false, \""coordinates\"": [-83.88235055000001, 33.8681196]}]"", ""distance_km"": """", ""source"": ""osm"", ""segment_feature_ids"": """", ""source_tags"": """", ""start_snap_km"": """", ""end_snap_km"": """", ""hops"": """", ""start_osm_node"": """", ""end_osm_node"": """", ""osm_way_ids"": """", ""way_names"": """", ""operators"": """", ""unknown_voltage_edge_count"": """", ""attribution"": """", ""license"": """", ""saved_evidence"": """"}]"
GA,215,2033,20793,EVANS PRIMARY - THURMOND DAM (USA) #5 115KV REBUILD,6/1/2033,GPC,REDACTED,REDACTED,REDACTED,REDACTED,REDACTED,01_expansion_plan_projects.pdf,13,19,https://psc.ga.gov/search/facts-document/?documentId=221233,2033-06-01,Rebuild approximately 5.45 miles of Euchee Creek - Thurmond Dam segment of the Evans Primary - Thurmond Dam (USA) #5 115kV line with 200C 1351 ACSS Martin conductor. Replace the main bus with a larger element at Thurmond Dam (USA).,Steady state,05_steady_state_projects.pdf,181,240,,,,,,,GPC,GA:01_expansion_plan_projects.pdf:13:20793,rebuild,rebuild,evans,,-82.16864810000001,33.5439942,"{""type"": ""Point"", ""coordinates"": [-82.16864810000001, 33.5439942]}",Point,single_endpoint,facility_bounds_center,high,False,osm,https://www.openstreetmap.org/way/52103255,C:\Users\sebas\PycharmProjects\Git\Project_secret_project\data\raw\osm\GA\power_substations_overpass.json,standard_public_gis,,"[""evans"", ""thurmond dam"", ""usa"", ""euchee creek"", ""martin""]","[{""endpoint_name"": ""evans"", ""feature_name"": ""Evans Primary Substation"", ""coordinates"": [-82.16864810000001, 33.5439942], ""feature_id"": ""way/52103255"", ""source"": ""osm"", ""source_url"": ""https://www.openstreetmap.org/way/52103255"", ""source_file"": ""C:\\Users\\sebas\\PycharmProjects\\Git\\Project_secret_project\\data\\raw\\osm\\GA\\power_substations_overpass.json"", ""point_method"": ""facility_bounds_center"", ""review_required"": false, ""in_title"": true}]",[]
GA,215,2033,20794,EVANS PRIMARY - THURMOND DAM (USA) #6 115KV REBUILD,6/1/2033,GPC,REDACTED,REDACTED,REDACTED,REDACTED,REDACTED,01_expansion_plan_projects.pdf,13,19,https://psc.ga.gov/search/facts-document/?documentId=221233,2033-06-01,Rebuild approximately 8.9 miles of the Evans Primary - Thurmond Dam (USA) #6 115kV line with 200C 1351 ACSS Martin conductor. Replace the main bus with a larger element at Thurmond Dam (USA).,Steady state,05_steady_state_projects.pdf,182,241,,,,,,,GPC,GA:01_expansion_plan_projects.pdf:13:20794,rebuild,rebuild,evans,,-82.16864810000001,33.5439942,"{""type"": ""Point"", ""coordinates"": [-82.16864810000001, 33.5439942]}",Point,single_endpoint,facility_bounds_center,high,False,osm,https://www.openstreetmap.org/way/52103255,C:\Users\sebas\PycharmProjects\Git\Project_secret_project\data\raw\osm\GA\power_substations_overpass.json,standard_public_gis,,"[""evans"", ""thurmond dam"", ""usa"", ""martin""]","[{""endpoint_name"": ""evans"", ""feature_name"": ""Evans Primary Substation"", ""coordinates"": [-82.16864810000001, 33.5439942], ""feature_id"": ""way/52103255"", ""source"": ""osm"", ""source_url"": ""https://www.openstreetmap.org/way/52103255"", ""source_file"": ""C:\\Users\\sebas\\PycharmProjects\\Git\\Project_secret_project\\data\\raw\\osm\\GA\\power_substations_overpass.json"", ""point_method"": ""facility_bounds_center"", ""review_required"": false, ""in_title"": true}]",[]
GA,212,2033,21053,MCEVER ROAD - SHOAL CREEK 115KV REBUILD PHASE III,6/1/2033,GPC,REDACTED,REDACTED,REDACTED,REDACTED,REDACTED,01_expansion_plan_projects.pdf,13,19,https://psc.ga.gov/search/facts-document/?documentId=221233,2033-06-01,"Rebuild the 2 - 4/0 copper part (approximately 2.9 miles) of the Gainesville Ferry - Lakeside WTP A line section, part of the McEver Road - Shoal Creek 115kV line, using 200C 1351 ACSS conductor.",Steady state,05_steady_state_projects.pdf,188,247,,,,,,,GPC,GA:01_expansion_plan_projects.pdf:13:21053,rebuild,rebuild,mcever road,,-83.87380125,34.2728832,"{""type"": ""Point"", ""coordinates"": [-83.87380125, 34.2728832]}",Point,single_endpoint,facility_bounds_center,high,False,osm,https://www.openstreetmap.org/way/1037359821,C:\Users\sebas\PycharmProjects\Git\Project_secret_project\data\raw\osm\GA\power_substations_overpass.json,standard_public_gis,,"[""mcever road"", ""shoal creek"", ""iii"", ""gainesville ferry"", ""lakeside wtp a""]","[{""endpoint_name"": ""mcever road"", ""feature_name"": ""McEver Road Substation"", ""coordinates"": [-83.87380125, 34.2728832], ""feature_id"": ""way/1037359821"", ""source"": ""osm"", ""source_url"": ""https://www.openstreetmap.org/way/1037359821"", ""source_file"": ""C:\\Users\\sebas\\PycharmProjects\\Git\\Project_secret_project\\data\\raw\\osm\\GA\\power_substations_overpass.json"", ""point_method"": ""facility_bounds_center"", ""review_required"": false, ""in_title"": true}]",[]
GA,212,2033,09661,MCGRAU FORD - MIDDLE FORK 500KV LINE PROJECT,6/1/2033,GPC,REDACTED,REDACTED,REDACTED,REDACTED,REDACTED,01_expansion_plan_projects.pdf,13,19,https://psc.ga.gov/search/facts-document/?documentId=221233,2033-06-01,Construct a new approximately 64 mile 500kV line from McGrau Ford to Middle Fork.,Steady state,05_steady_state_projects.pdf,189,248,"The construction of the McGrau Ford - Middle Fork 500kV transmission line is intended to address the unprecedented, forecasted load growth and the increase of solar penetration in the state of Georgia. The project builds a new 65 miles of 500kV line from Middle Fork to McGrau Ford as shown in Figure 12. Additionally, supplemental projects include the expansion of the 500kV yard at McGrau Ford (GPC) and the construction of a new 500kV yard at Middle Fork (GTC) for the line termination. This project mitigates multiple thermal constraints under NERC TPL-001-5 and increases capacity in the northeast area of Georgia in addition to improving overall voltage profile of the area under key 500kV contingencies and unit out generation scenarios. Solar sensitivity studies, REDACTED of solar penetration, showed that this new 500kV line increases capacity in transmission elements under solar expansion scenarios improving the transfer capability of generation in the area. This project will be done in conjunction with the GTC: East Walton-Middle Fork 500kV (TEAMS 21075).",06_strategic_projects.pdf,14,285,26,297,GPC,GA:01_expansion_plan_projects.pdf:13:09661,other,,mcgrau ford,,-84.33700645,34.326452599999996,"{""type"": ""Point"", ""coordinates"": [-84.33700645, 34.326452599999996]}",Point,single_endpoint,facility_bounds_center,high,False,osm,https://www.openstreetmap.org/way/159758301,C:\Users\sebas\PycharmProjects\Git\Project_secret_project\data\raw\osm\GA\power_substations_overpass.json,standard_public_gis,,"[""mcgrau ford"", ""middle fork""]","[{""endpoint_name"": ""mcgrau ford"", ""feature_name"": ""McGrau Ford Substation"", ""coordinates"": [-84.33700645, 34.326452599999996], ""feature_id"": ""way/159758301"", ""source"": ""osm"", ""source_url"": ""https://www.openstreetmap.org/way/159758301"", ""source_file"": ""C:\\Users\\sebas\\PycharmProjects\\Git\\Project_secret_project\\data\\raw\\osm\\GA\\power_substations_overpass.json"", ""point_method"": ""facility_bounds_center"", ""review_required"": false, ""in_title"": true}]",[]
GA,215,2033,14222,THOMSON PRIMARY 230/115KV SECOND TRANSFORMER,6/1/2033,GPC,REDACTED,REDACTED,REDACTED,REDACTED,REDACTED,01_expansion_plan_projects.pdf,13,19,https://psc.ga.gov/search/facts-document/?documentId=221233,2033-06-01,"Install a second 400 MVA, 230/115kV auto transformer at Thomson Primary substation.",Steady state,05_steady_state_projects.pdf,191,250,,,,,,,GPC,GA:01_expansion_plan_projects.pdf:13:14222,other,,,,,,,,unresolved,unresolved,low,True,,,,standard_public_gis,; ambiguous facility names: thomson,"[""thomson"", ""second""]",[],[]
GA,202,2033,20759,WINDER PRIMARY 230KV BUS 1-2 PARALLEL BUS-TIE INSTALLATION,6/1/2033,GPC,REDACTED,REDACTED,REDACTED,REDACTED,REDACTED,01_expansion_plan_projects.pdf,14,20,https://psc.ga.gov/search/facts-document/?documentId=221233,2033-06-01,Install a 2nd 230kV bus - tie breaker at the Winder Primary Station.,Steady state,05_steady_state_projects.pdf,192,251,,,,,,,GPC,GA:01_expansion_plan_projects.pdf:14:20759,other,,,,,,,,unresolved,unresolved,low,True,,,,standard_public_gis,; ambiguous facility names: winder,"[""winder"", ""parallel""]",[],[]
GA,216,2033,10487,PINE GROVE PRIMARY - WEST VALDOSTA 115 KV RECONDUCTOR,12/31/2033,GPC,REDACTED,REDACTED,REDACTED,REDACTED,REDACTED,01_expansion_plan_projects.pdf,14,20,https://psc.ga.gov/search/facts-document/?documentId=221233,2033-12-31,Rebuild 3.7 miles of 100C 4/0 ACSR conductor with 200C 795 ACSS Drake on the Bemis - Pine Grove Primary section of the Pine Grove Primary - West Valdosta 115kV line.,Steady state,05_steady_state_projects.pdf,193,252,,,,,,,GPC,GA:01_expansion_plan_projects.pdf:14:10487,other,,,,,,,,unresolved,unresolved,low,True,,,,standard_public_gis,; ambiguous facility names: pine grove,"[""pine grove"", ""west valdosta"", ""drake"", ""bemis""]",[],[]
GA,212,2034,18700,DAWSON CROSSING - GAINESVILLE #1 115 KV,6/1/2034,GPC,REDACTED,REDACTED,REDACTED,REDACTED,REDACTED,01_expansion_plan_projects.pdf,14,20,https://psc.ga.gov/search/facts-document/?documentId=221233,2034-06-01,"Replace the 500CU main bus at Gainesville #1 115kV with 3"" Sch 40 AL Tube.",Steady state,05_steady_state_projects.pdf,194,253,,,,,,,GPC,GA:01_expansion_plan_projects.pdf:14:18700,other,,dawson,dawson crossing,-83.8402504,34.34026125,"{""type"": ""Polygon"", ""coordinates"": [[[-83.8397549, 34.3404698], [-83.8397646, 34.3403522], [-83.8397387, 34.3400526], [-83.8398715, 34.3400099], [-83.8406131, 34.3400954], [-83.840584, 34.3402104], [-83.8407621, 34.3402345], [-83.8406552, 34.3404725], [-83.840503, 34.3405126], [-83.8399848, 34.3405126], [-83.8397549, 34.3404698]]]}",Polygon,description_facilities,asset_bounds_center,medium,True,exact_facility_name,https://psc.ga.gov/search/facts-document/?documentId=221233,C:\Users\sebas\PycharmProjects\Git\Project_secret_project\data\raw\osm\GA\power_substations_overpass.json,standard_public_gis,"Description asset candidates; review unresolved rows, circuit identity and exact work limits.","[""dawson"", ""gainesville"", ""sch"", ""al tube""]","[{""endpoint_name"": ""dawson"", ""feature_name"": ""Dawson Substation"", ""coordinates"": [-84.43038545, 31.75759235], ""feature_id"": ""way/682330140"", ""source"": ""osm"", ""source_url"": ""https://www.openstreetmap.org/way/682330140"", ""source_file"": ""C:\\Users\\sebas\\PycharmProjects\\Git\\Project_secret_project\\data\\raw\\osm\\GA\\power_substations_overpass.json"", ""point_method"": ""facility_bounds_center"", ""review_required"": false, ""in_title"": true}, {""endpoint_name"": ""dawson crossing"", ""feature_name"": ""Dawson Crossing Substation"", ""coordinates"": [-84.13357535, 34.3781185], ""feature_id"": ""way/177912657"", ""source"": ""osm"", ""source_url"": ""https://www.openstreetmap.org/way/177912657"", ""source_file"": ""C:\\Users\\sebas\\PycharmProjects\\Git\\Project_secret_project\\data\\raw\\osm\\GA\\power_substations_overpass.json"", ""point_method"": ""facility_bounds_center"", ""review_required"": false, ""in_title"": false}, {""endpoint_name"": ""gainesville 1"", ""feature_name"": ""Gainesville Primary Substation (#1)"", ""coordinates"": [-83.8402504, 34.34026125], ""feature_id"": ""way/1037359840"", ""source"": ""osm"", ""source_url"": ""https://www.openstreetmap.org/way/1037359840"", ""source_file"": ""C:\\Users\\sebas\\PycharmProjects\\Git\\Project_secret_project\\data\\raw\\osm\\GA\\power_substations_overpass.json"", ""point_method"": ""facility_bounds_center"", ""review_required"": false, ""in_title"": false}]","[{""project_key"": ""GA:01_expansion_plan_projects.pdf:14:18700"", ""utility"": ""GPC"", ""state"": ""GA"", ""project_id"": ""18700"", ""project_name"": ""DAWSON CROSSING - GAINESVILLE #1 115 KV"", ""description"": ""Replace the 500CU main bus at Gainesville #1 115kV with 3\"" Sch 40 AL Tube."", ""asset_type"": ""station"", ""asset_name"": ""Gainesville #1"", ""endpoint_a"": """", ""endpoint_b"": """", ""voltage_kv"": ""115"", ""circuit"": """", ""asset_stage"": ""existing"", ""scope_role"": ""work"", ""scope_notes"": ""Bus only; Dawson Crossing is title context"", ""scope_source"": ""description_checked"", ""resolution_requirement"": ""standard_public_gis"", ""asset_key"": ""GA:01_expansion_plan_projects.pdf:14:18700:1"", ""expected_length_miles"": """", ""source_file"": ""01_expansion_plan_projects.pdf"", ""source_page"": """", ""source_pdf_page"": ""14"", ""source_url"": ""https://psc.ga.gov/search/facts-document/?documentId=221233"", ""description_source_file"": ""05_steady_state_projects.pdf"", ""description_pdf_page"": ""194"", ""action_type"": ""other"", ""detected_actions"": """", ""route_status"": ""facility_candidate"", ""route_method"": ""exact_facility_name"", ""route_file"": ""C:\\Users\\sebas\\PycharmProjects\\Git\\Project_secret_project\\data\\raw\\osm\\GA\\power_substations_overpass.json"", ""review_note"": ""Bus only; Dawson Crossing is title context"", ""anchor_evidence"": ""[{\""name\"": \""Gainesville Primary Substation (#1)\"", \""names\"": [\""Gainesville Primary Substation (#1)\""], \""state\"": \""GA\"", \""geometry\"": {\""type\"": \""Polygon\"", \""coordinates\"": [[[-83.8397549, 34.3404698], [-83.8397646, 34.3403522], [-83.8397387, 34.3400526], [-83.8398715, 34.3400099], [-83.8406131, 34.3400954], [-83.840584, 34.3402104], [-83.8407621, 34.3402345], [-83.8406552, 34.3404725], [-83.840503, 34.3405126], [-83.8399848, 34.3405126], [-83.8397549, 34.3404698]]]}, \""feature_id\"": \""way/1037359840\"", \""kind\"": \""substation\"", \""voltage\"": \""115000;46000\"", \""source\"": \""osm\"", \""source_url\"": \""https://www.openstreetmap.org/way/1037359840\"", \""source_file\"": \""C:\\\\Users\\\\sebas\\\\PycharmProjects\\\\Git\\\\Project_secret_project\\\\data\\\\raw\\\\osm\\\\GA\\\\power_substations_overpass.json\"", \""review_required\"": false, \""coordinates\"": [-83.8402504, 34.34026125]}]"", ""distance_km"": """", ""source"": ""osm"", ""segment_feature_ids"": """", ""source_tags"": """", ""start_snap_km"": """", ""end_snap_km"": """", ""hops"": """", ""start_osm_node"": """", ""end_osm_node"": """", ""osm_way_ids"": """", ""way_names"": """", ""operators"": """", ""unknown_voltage_edge_count"": """", ""attribution"": """", ""license"": """", ""saved_evidence"": """"}]"
GA,215,2034,17993,EVANS PRIMARY - THOMSON PRIMARY 115KV REBUILD,12/31/2034,GPC,REDACTED,REDACTED,REDACTED,REDACTED,REDACTED,01_expansion_plan_projects.pdf,14,20,https://psc.ga.gov/search/facts-document/?documentId=221233,2034-12-31,"Rebuild the existing 100C 336 ACSR conductor for the Thomson Primary to Pumpkin Center 115kV line section (approximately 5.28 miles), part of the Evans Primary - Thomson Primary 115kV line with 200C 1351 ACSS Martin conductor.",Steady state,05_steady_state_projects.pdf,196,255,,,,,,,GPC,GA:01_expansion_plan_projects.pdf:14:17993,rebuild,rebuild,evans,pumpkin center,-82.249570625,33.51555435,"{""type"": ""Point"", ""coordinates"": [-82.249570625, 33.51555435]}",Point,endpoint_midpoint,endpoint_midpoint,medium,True,osm,https://www.openstreetmap.org/way/52103255;https://www.openstreetmap.org/way/1173724569,C:\Users\sebas\PycharmProjects\Git\Project_secret_project\data\raw\osm\GA\power_substations_overpass.json,standard_public_gis,; ambiguous facility names: thomson,"[""evans"", ""thomson"", ""pumpkin center"", ""martin""]","[{""endpoint_name"": ""evans"", ""feature_name"": ""Evans Primary Substation"", ""coordinates"": [-82.16864810000001, 33.5439942], ""feature_id"": ""way/52103255"", ""source"": ""osm"", ""source_url"": ""https://www.openstreetmap.org/way/52103255"", ""source_file"": ""C:\\Users\\sebas\\PycharmProjects\\Git\\Project_secret_project\\data\\raw\\osm\\GA\\power_substations_overpass.json"", ""point_method"": ""facility_bounds_center"", ""review_required"": false, ""in_title"": true}, {""endpoint_name"": ""pumpkin center"", ""feature_name"": ""Pumpkin Center Substation"", ""coordinates"": [-82.33049315, 33.487114500000004], ""feature_id"": ""way/1173724569"", ""source"": ""osm"", ""source_url"": ""https://www.openstreetmap.org/way/1173724569"", ""source_file"": ""C:\\Users\\sebas\\PycharmProjects\\Git\\Project_secret_project\\data\\raw\\osm\\GA\\power_substations_overpass.json"", ""point_method"": ""facility_bounds_center"", ""review_required"": false, ""in_title"": false}]",[]
